id	name	cas_reg_no	inchikey	status	stem
5392	capmatinib	1029712-80-8	LIOLIMKSCNQPLV-UHFFFAOYSA-N	ONP	-tinib
5393	selpercatinib	2152628-33-4	XIIOFHFUYBLOLW-UHFFFAOYSA-N	ONP	-tinib
5394	ripretinib	1442472-39-0	CEFJVGZHQAGLHS-UHFFFAOYSA-N	ONP	-tinib
5377	molnupiravir		HTNPEHXGEKVIHG-QCNRFFRDSA-N		
5395	fluoroestradiol F 18	94153-53-4	KDLLNMRYZGUVMA-ZYMZXAKXSA-N	OFP	
5396	flortaucipir F 18	1522051-90-6	GETAAWDSFUCLBS-SJPDSGJFSA-N	ONP	
5375	cepharanthine	481-49-2	YVPXVXANRNDGTA-WDYNHAJCSA-N		
5376	remdesivir	1809249-37-3	RWWYLEGWBNMMLJ-YSOARWBDSA-N	ONP	-vir
5378	mefuparib		ROBJKLPZIPNAMV-UHFFFAOYSA-N		-parib
5280	fostamatinib	901119-35-5	GKDRMWXFWHEQQT-UHFFFAOYSA-N	OFP	-tinib
5283	fosnetupitant	1703748-89-3	HZIYEEMJNBKMJH-UHFFFAOYSA-O	ONP	-pitant
5285	avatrombopag	570406-98-3	OFZJKCQENFPZBH-UHFFFAOYSA-N	ONP	-trombopag
5260	acalabrutinib	1420477-60-6	WDENQIQQYWYTPO-IBGZPJMESA-N	ONP	-tinib
5261	latanoprostene bunod	860005-21-6	LOVMMUBRQUFEAH-UIEAZXIASA-N	OFP	-nod
5262	letermovir	917389-32-3	FWYSMLBETOMXAG-QHCPKHFHSA-N	ONP	-vir
5253	vaborbactam	1360457-46-0	IOOWNWLVCOUUEX-WPRPVWTQSA-N	ONP	-bactam
5254	levornidazole	166734-83-4	YDSAJOSZKLMHFJ-ZCFIWIBFSA-N		-nidazole
5255	morinidazole	92478-27-8	GAZGHCHCYRSPIV-UHFFFAOYSA-N		-nidazole
5229	forodesine	209799-67-7	IWKXDMQDITUYRK-KUBHLMPHSA-N		
5231	midostaurin	120685-11-2	BMGQWWVMWDBQGC-IIFHNQTCSA-N	OFP	
5379	avapritinib	1703793-34-3	DWYRIWUZIJHQKQ-SANMLTNESA-N	ONP	-tinib
5380	tazemetostat	1403254-99-8	NSQSAUGJQHDYNO-UHFFFAOYSA-N	OFM	-stat
5381	rimegepant	1289023-67-1	KRNAOFGYEFKHPB-ANJVHQHFSA-N	ONP	-gepant
5286	moxidectin	113507-06-5	YZBLFMPOMVTDJY-LSGXYNIPSA-N	OFP	-ectin
5287	plazomicin	1154757-24-0	IYDYFVUFSPQPPV-PEXOCOHZSA-N	OFM	-micin
5271	macimorelin	381231-18-1	VPBQKRKRYYPMOF-DHIUTWEWSA-N	OFM	-morelin
5202	baricitinib	1187594-09-7	XUZMWHLSFXCVMG-UHFFFAOYSA-N	OFP	-tinib
5203	rucaparib	283173-50-2	HMABYWSNWIZPAG-UHFFFAOYSA-N	ONP	-parib
5209	icotinib	610798-31-7	QQLKULDARVNMAL-UHFFFAOYSA-N		-tinib
5210	olmutinib	1353550-13-6	FDMQDKQUTRLUBU-UHFFFAOYSA-N		-tinib
5201	crisaborole	906673-24-3	USZAGAREISWJDP-UHFFFAOYSA-N	ONP	
5188	radotinib	926037-48-1	DUPWHXBITIZIKZ-UHFFFAOYSA-N		-tinib
5189	albutrepenonacog alfa	1357448-54-4			-nonacog
5187	ferrous bisglycinate	20150-34-9			
5190	talc	14807-96-6			
5174	lifitegrast	1025967-78-5	JFOZKMSJYSPYLN-QHCPKHFHSA-N	ONP	-tegrast
5175	eptotermin alfa	129805-33-0			-otermin
5248	pemafibrate	848259-27-8	ZHKNLJLMDFQVHJ-RUZDIDTESA-N		-fibrate
5249	zabofloxacin	219680-11-2	ZNPOCLHDJCAZAH-UCQKPKSFSA-N		-floxacin
5250	imrecoxib	395683-14-4	AXMZZGKKZDJGAZ-UHFFFAOYSA-N		-coxib
5251	enasidenib	1446502-11-9	DYLUUSLLRIQKOE-UHFFFAOYSA-N	ONP	-sidenib
5193	hydrocortisone phosphate	3863-59-0	BGSOJVFOEQLVMH-VWUMJDOOSA-N	OFM	-cort-
5194	meglumine	6284-40-8	MBBZMMPHUWSWHV-BDVNFPICSA-N	OFM	
5168	cefathiamidine	33075-00-2	JYXACOFERDBGGQ-RHSMWYFYSA-N		cef-
5169	eldecalcitol	104121-92-8	FZEXGDDBXLBRTD-AYIMTCTASA-N		-calci-
5170	epoetin zeta	604802-70-2			-poetin
5142	pimavanserin	706779-91-1	RKEWSXXUOLRFBX-UHFFFAOYSA-N	ONP	-anserin
5143	opicapone	923287-50-7	ASOADIZOVZTJSR-UHFFFAOYSA-N	ONP	-capone
5132	sodium carbonate	497-19-8			
5252	neratinib	698387-09-6	JWNPDZNEKVCWMY-VQHVLOKHSA-N	ONP	-tinib
5133	venetoclax	1257044-40-8	LQBVNQSMGBZMKD-UHFFFAOYSA-N	OFP	-toclax
5096	technetium Tc-99M pentetate	12775-34-7			
5095	thallous chloride Tl-201	55172-29-7	GBECUEIQVRDUKB-RYDPDVNUSA-M	OFP	
5094	obiltoxaximab	1351337-07-9			-ximab
5273	padeliporfin	759457-82-4			-porfin
5288	cannabidiol	13956-29-1	QHMBSVQNZZTUGM-ZWKOTPCHSA-N	ONP	-nab-
5289	encorafenib	1269440-17-6	CMJCXYNUCSMDBY-ZDUSSCGKSA-N	ONP	-rafenib
5291	tecovirimat	869572-92-9	CSKDFZIMJXRJGH-VWLPUNTISA-N	ONP	-vir-
5274	bictegravir	1611493-60-7	SOLUWJRYJLAZCX-LYOVBCGYSA-N	ONP	-vir-
5276	tezacaftor	1152311-62-0	MJUVRTYWUMPBTR-MRXNPFEDSA-N	ONP	-caftor
5181	etelcalcetide	1262780-97-1	ANIAZGVDEUQPRI-ZJQCGQFWSA-N	ONP	-tide
5097	mepiprazole	20326-12-9	DOTIMEKVTCOGED-UHFFFAOYSA-N		-prazole
5098	lorpiprazole	108785-69-9	BNRMWKUVWLKDQJ-UHFFFAOYSA-N		-prazole
5092	defibrotide	83712-60-1			-tide
5384	osilodrostat	928134-65-0	USUZGMWDZDXMDG-CYBMUJFWSA-N	ONP	-stat
5388	selumetinib	606143-52-6	CYOHGALHFOKKQC-UHFFFAOYSA-N	ONP	-metinib
5386	eptinezumab	1644539-04-7			-zumab
5292	ivosidenib	1448347-49-6	WIJZXSAJMHAVGX-DHLKQENFSA-N	ONP	-sidenib
5293	elagolix	834153-87-6	HEAUOKZIVMZVQL-VWLOTQADSA-N	ONP	-golix
5277	elobixibat	439087-18-0	XFLQIRAKKLNXRQ-UUWRZZSWSA-N		-ixibat
5278	apalutamide	956104-40-8	HJBWBFZLDZWPHF-UHFFFAOYSA-N	OFP	-lutamide
5153	fluciclovine (18F)	222727-39-1	NTEDWGYJNHZKQW-DGMDOPGDSA-N	OFP	
5206	pegademase	130167-68-9			-ase
5154	velpatasvir	1377049-84-7	FHCUMDQMBHQXKK-CDIODLITSA-N	ONP	-asvir
1835	monoxerutin	23869-24-1	MBHXKZDTQCSVPM-BDAFLREQSA-N		
5130	oxiglutatione	27025-41-8	YPZRWBKMTBYPTK-BJDJZHNGSA-N	OFP	
5184	rubidium Rb-82 chloride	132486-03-4			
5294	eravacycline dihydrochloride	1334714-66-7	HLFSMUUOKPBTSM-ISIOAQNYSA-N	ONP	-cycline
5299	omadacycline	389139-89-3	JEECQCWWSTZDCK-IQZGDKDPSA-N	ONP	-cycline
5300	talazoparib tosylate	1207456-01-6	HWGQMRYQVZSGDQ-HZPDHXFCSA-N	ONP	-parib
5080	elbasvir	1370468-36-2	BVAZQCUMNICBAQ-PZHYSIFUSA-N	OFM	-asvir
5389	tucatinib	937263-43-9	SDEAXTCZPQIFQM-UHFFFAOYSA-N	ONP	-tinib
5390	pemigatinib	1513857-77-6	HCDMJFOHIXMBOV-UHFFFAOYSA-N	ONP	-tinib
5301	baloxavir marboxil	1985606-14-1	RZVPBGBYGMDSBG-GGAORHGYSA-N	OFP	-vir
5461	sotorasib	2296729-00-3	NXQKSXLFSAEQCZ-UHFFFAOYSA-N	ONP	-rasib
5462	ibrexafungerp	1207753-03-4	BODYFEUFKHPRCK-ZCZMVWJSSA-N	ONP	
5302	lorlatinib	1454846-35-5	IIXWYSCJSQVBQM-LLVKDONJSA-N	ONP	-tinib
5171	etimicin	59711-96-5	NZGMVSJQULXLHF-NORJTPJDSA-N		
5155	obeticholic acid	459789-99-2	ZXERDUOLZKYMJM-ZWECCWDJSA-N	OFM	
5081	grazoprevir	1350514-68-9	OBMNJSNZOWALQB-NCQNOWPTSA-N	OFM	-previr
5304	glasdegib	1095173-27-5	SFNSLLSYNZWZQG-VQIMIIECSA-N	ONP	-degib
5305	larotrectinib	1223403-58-4	NYNZQNWKBKUAII-KBXCAEBGSA-N	ONP	-tinib
5064	climbazole	38083-17-9	OWEGWHBOCFMBLP-UHFFFAOYSA-N		
5065	trenbolone hexahydrobenzylcarbonate	23454-33-3	GQJSFWYQKNQCIK-APFRJGHOSA-N		-bol-
4992	merethoxylline procaine	60064-28-0			-cain-
5067	ixazomib	1072833-77-2	MXAYKZJJDUDWDS-LBPRGKRZSA-N	ONP	-zomib
5068	brivaracetam	357336-20-0	MSYKRHVOOPPJKU-BDAKNGLRSA-N	OFP	-racetam
5073	pentapiperium metilsulfate	7681-80-3	WSWDKMFWJOALEW-UHFFFAOYSA-N		
5045	alfadolone acetate	23930-37-2	QRJOQYLXZPQQMX-FWROMSNXSA-N		-olone
5069	susoctocog alfa	1339940-90-7			-octocog
5046	cobimetinib	934660-93-2	BSMCAPRUBJMWDF-KRWDZBQOSA-N	ONP	-metinib
5047	saroglitazar	495399-09-2	MRWFZSLZNUJVQW-DEOSSOPVSA-N		-glitazar
5048	pitolisant	362665-56-3	NNACHAUCXXVJSP-UHFFFAOYSA-N	ONP	-isant
5022	flibanserin	167933-07-5	PPRRDFIXUUSXRA-UHFFFAOYSA-N	OFP	-anserin
5024	dibotermin alfa	246539-15-1			-otermin
5144	gluconolactone	90-80-2	PHOQVHQSTUBQQK-SQOUGZDYSA-N	OFP	
5467	belumosudil	911417-87-3	GKHIVNAUVKXIIY-UHFFFAOYSA-N	ONP	-sudil
5468	odevixibat	501692-44-0	XULSCZPZVQIMFM-IPZQJPLYSA-N	ONP	-ixibat
5480	vosoritide	1480724-61-5	IGYWDDBBJPSOTG-WBAGYEQSSA-N		-ritide
5382	bempedoic acid	738606-46-7	HYHMLYSLQUKXKP-UHFFFAOYSA-N	ONP	
5383	ozanimod	1306760-87-1	XRVDGNKRPOAQTN-FQEVSTJZSA-N	ONP	-imod
5272	angiotensin II	4474-91-3	CZGUSIXMZVURDU-JZXHSEFVSA-N	OFP	
5145	faropenem medoxil	141702-36-5	JQBKWZPHJOEQAO-DVPVEWDBSA-N		-penem
5146	ferumoxsil	171544-35-7			
5147	UREA C 14	594-05-8	XSQUKJJJFZCRTK-NJFSPNSNSA-N		
5306	gilteritinib	1254053-43-4	GYQYAJJFPNQOOW-UHFFFAOYSA-N	ONP	-tinib
5307	evocalcet	870964-67-3	RZNUIYPHQFXBAN-XLIONFOSSA-N		-calcet
5256	copanlisib	1032568-63-0	PZBCKZWLPGJMAO-UHFFFAOYSA-N	ONP	-lisib
5315	fremanezumab	1655501-53-3			-umab
5027	rolapitant	552292-08-7	FIVSJYGQAIEMOC-ZGNKEGEESA-N	ONP	-pitant
5029	uridine triacetate	4105-38-8	BKCXTZWLBPOGRU-XQHKEYJVSA-N	OFP	-uridine
5020	olanexidine	146510-36-3	ZZQMUJGZCZTLQD-UHFFFAOYSA-N		
5028	sebelipase alfa	1276027-63-4			-ase
5258	tivozanib	475108-18-0	SPMVMDHWKHCIDT-UHFFFAOYSA-N	ONP	-anib
5032	menadiol sodium diphosphate	6700-42-1	JTNHOVZOOVVGHI-UHFFFAOYSA-N	OFM	
5035	ergoloid mesylates	8067-24-1			-erg-
5311	vibegron	1190389-15-1	DJXRIQMCROIRCZ-XOEOCAAJSA-N	ONP	-begron
5312	omidenepag isopropyl	1187451-19-9	VIQCWEGEHRBLAC-UHFFFAOYSA-N	ONP	-nepag
5017	anakinra	143090-92-0			-kinra
5012	sacubitril	149709-62-6	PYNXFZCZUAOOQC-UTKZUKDTSA-N	OFP	-tril
5018	agalsidase beta				-ase
5013	trelagliptin	865759-25-7	IWYJYHUNXVAVAA-OAHLLOKOSA-N		-gliptin
5014	brexpiprazole	913611-97-9	ZKIAIYBUSXZPLP-UHFFFAOYSA-N	OFP	-piprazole
5001	eluxadoline	864821-90-9	QFNHIDANIVGXPE-FNZWTVRRSA-N	ONP	-adol-
4990	trastuzumab emtansine	1018448-65-1			-zumab
4988	deoxycholic acid	83-44-3	KXGVEGMKQFWNSR-LLQZFEROSA-N	OFP	
4976	triamcinolone hexacetonide	5611-51-8	TZIZWYVVGLXXFV-FLRHRWPCSA-N	OFM	-olone
4980	gemtuzumab ozogamicin	220578-59-6			-zumab
4977	siltuximab	541502-14-1			-ximab
5756	efbemalenograstim alfa	2200269-79-8			-grastim
5757	toripalimab	1924598-82-2			-imab
5758	tislelizumab	1858168-59-8			-zumab
5799	depemokimab-ulaa				-mab
4947	isavuconazonium	742049-41-8	RSWOJTICKMKTER-QXLBVTBOSA-N	OFP	-conazole
4962	isoflupredone acetate	338-98-7	ZOCUOMKMBMEYQV-GSLJADNHSA-N		-pred-
4963	drofenine	1679-76-1	AGJBLWCLQCKRJP-UHFFFAOYSA-N		-fenine
4943	arformoterol	67346-49-0	BPZSYCZIITTYBL-YJYMSZOUSA-N	OFP	-terol
4944	tenofovir alafenamide	379270-37-8	LDEKQSIMHVQZJK-CAQYMETFSA-N	OFP	-fovir
4946	avibactam	1192500-31-4	NDCUAPJVLWFHHB-UHNVWZDZSA-N	ONP	-bactam
5036	sodium phosphate (32P)	7635-46-3			
4941	palbociclib	571190-30-2	AHJRHEGDXFFMBM-UHFFFAOYSA-N	ONP	-ciclib
4942	lenvatinib	417716-92-8	WOSKHXYHFSIKNG-UHFFFAOYSA-N	ONP	-tinib
4919	decamethoxine	38146-42-8	ZADGGFKUEYIBJC-UHFFFAOYSA-N		
4920	finafloxacin	209342-40-5	FYMHQCNFKNMJAV-HOTGVXAUSA-N	OFP	-floxacin
4921	safinamide	133865-89-1	NEMGRZFTLSKBAP-LBPRGKRZSA-N	OFP	
4922	ceftolozane	689293-68-3	JHFNIHVVXRKLEF-DCZLAGFPSA-O	ONP	cef-
4908	acotiamide	185106-16-5	TWHZNAUBXFZMCA-UHFFFAOYSA-N		
5324	brexanolone	516-54-1	AURFZBICLPNKBZ-ZMFJCIRDSA-N	OFM	-olone
5325	solriamfetol	178429-62-4	UCTRAOBQFUDCSR-SECBINFHSA-N	ONP	
5323	tagraxofusp	2055491-00-2			-fusp
5326	siponimod	1230487-00-9	KIHYPELVXPAIDH-HNSNBQBZSA-N	ONP	-imod
4910	felypressin	56-59-7	SFKQVVDKFKYTNA-DZCXQCEKSA-N		-pressin
4911	chlormerodrin	62-37-3			-mer-
4912	ombitasvir	1258226-87-7	PIDFDZJZLOTZTM-KHVQSSSXSA-N	OFM	-asvir
5327	erdafitinib	1346242-81-6	OLAHOMJCDNXHFI-UHFFFAOYSA-N	ONP	-tinib
5328	alpelisib	1217486-61-7	STUWGJZDJHPWGZ-LBPRGKRZSA-N	ONP	-lisib
4898	netupitant	290297-26-6	WAXQNWCZJDTGBU-UHFFFAOYSA-N	ONP	-pitant
5329	bremelanotide	189691-06-3	FFHBJDQSGDNCIV-MFVUMRCOSA-N	OFP	-melanotide
5330	selinexor	1393477-72-9	DEVSOMFAQLZNKR-RJRFIUFISA-N	ONP	-nexor
5039	tannic acid	1401-55-4			
5038	sodium iodide (131I)	7790-26-3			-io-
4899	ledipasvir	1256388-51-8	VRTWBAAJJOHBQU-KMWAZVGDSA-N	ONP	-asvir
5343	pexidartinib	1029044-16-3	JGWRKYUXBBNENE-UHFFFAOYSA-N	ONP	-tinib
5331	prabotulinumtoxinA	93384-43-1			
5339	sotagliflozin	1018899-04-1	QKDRXGFQVGOQKS-CRSSMBPESA-N	ONP	-gliflozin
4900	diquafosol	59985-21-6	NMLMACJWHPHKGR-NCOIDOBVSA-N		
5341	quizartinib	950769-58-1	CVWXJKQAOSCOAB-UHFFFAOYSA-N	ONP	-tinib
5342	relebactam	1174018-99-5	SMOBCLHAZXOKDQ-ZJUUUORDSA-N	ONP	-bactam
4901	insulin glargine	160337-95-1			
4902	imidafenacin	170105-16-5	SQKXYSGRELMAAU-UHFFFAOYSA-N		-fenacin
4903	nintedanib	656247-17-5	XZXHXSATPCNXJR-ZIADKAODSA-N	OFP	-anib
4886	cetilistat	282526-98-1	MVCQKIKWYUURMU-UHFFFAOYSA-N		-listat
5344	pretomanid	187235-37-6	ZLHZLMOSPGACSZ-NSHDSACASA-N	OFP	
5345	entrectinib	1108743-60-7	HAYYBYPASCDWEQ-UHFFFAOYSA-N	ONP	-tinib
4887	favipiravir	259793-96-9	ZCGNOVWYSGBHAU-UHFFFAOYSA-N		-vir
4888	topiroxostat	577778-58-6	UBVZQGOVTLIHLH-UHFFFAOYSA-N		-xostat
4889	asunaprevir	630420-16-5	XRWSZZJLZRKHHD-WVWIJVSJSA-N		-previr
5346	upadacitinib	1310726-60-3	WYQFJHHDOKWSHR-MNOVXSKESA-N	ONP	-tinib
5347	fedratinib	936091-26-8	JOOXLOJCABQBSG-UHFFFAOYSA-N	ONP	-tinib
5348	lefamulin	1061337-51-6	KPVIXBKIJXZQJX-FCEONZPQSA-N	ONP	-mulin
4890	ipragliflozin	761423-87-4	AHFWIQIYAXSLBA-RQXATKFSSA-N		-gliflozin
4891	luseogliflozin	898537-18-3	WHSOLWOTCHFFBK-ZQGJOIPISA-N		-gliflozin
4880	glatiramer acetate	147245-92-9			
4884	calfactant	183325-78-2			
4881	suvorexant	1030377-33-3	JYTNQNCOQXFQPK-MRXNPFEDSA-N	ONP	-orexant
4882	istradefylline	155270-99-8	IQVRBWUUXZMOPW-PKNBQFBNSA-N	OFP	-fylline
4883	simetride	154-82-5	IMOLVSPMDGCLMB-UHFFFAOYSA-N		
4873	tedizolid phosphate	856867-55-5	QCGUSIANLFXSGE-GFCCVEGCSA-N	ONP	-ezolid
4662	choline magnesium trisalicylate	64425-90-7			
4874	efinaconazole	164650-44-6	NFEZZTICAUWDHU-RDTXWAMCSA-N	OFP	-conazole
4875	daclatasvir	1009119-64-5	FKRSSPOQAMALKA-CUPIEXAXSA-N	OFM	-asvir
4876	belinostat	414864-00-9	NCNRHFGMJRPRSK-UHFFFAOYSA-N	ONP	-inostat
4877	tavaborole	174671-46-6	LFQDNHWZDQTITF-UHFFFAOYSA-N	OFP	
5351	lasmiditan	439239-90-4	XEDHVZKDSYZQBF-UHFFFAOYSA-N	OFM	-ditan
5352	cefiderocol	1225208-94-5	DBPPRLRVDVJOCL-FQRUVTKNSA-N	ONP	cef-
4878	idelalisib	870281-82-6	IFSDAJWBUCMOAH-HNNXBMFYSA-N	OFP	-lisib
4871	calcium polystyrene sulfonate	37286-92-3			
4872	ataluren	775304-57-9	OOUGLTULBSNHNF-UHFFFAOYSA-N		
4865	mebanazine	65-64-5	HHRZAEJMHSGZNP-UHFFFAOYSA-N		-moxin
4866	ceritinib	1032900-25-6	VERWOWGGCGHDQE-UHFFFAOYSA-N	ONP	-tinib
4867	dexrabeprazole	177795-60-7	YREYEVIYCVEVJK-RUZDIDTESA-N		-prazole
4868	umifenovir	131707-25-0	KCFYEAOKVJSACF-UHFFFAOYSA-N		-vir
4869	furazidin	1672-88-4	DECBQELQORZLLP-UHFFFAOYSA-N		nifur-
4832	naloxegol	854601-70-0	XNKCCCKFOQNXKV-ZRSCBOBOSA-N	ONP	nal-
5746	nedosiran	2247026-22-6			-siran
4833	gemigliptin	911637-19-9	ZWPRRQZNBDYKLH-VIFPVBQESA-N		-gliptin
4834	eliglustat	491833-29-5	FJZZPCZKBUKGGU-AUSIDOKSSA-N	OFP	-stat
4835	ethacizine	33414-33-4	PQXGNJKJMFUPPM-UHFFFAOYSA-N		
5054	omarigliptin	1226781-44-7	MKMPWKUAHLTIBJ-ISTRZQFTSA-N		-gliptin
4829	apremilast	608141-41-9	IMOZEMNVLZVGJZ-QGZVFWFLSA-N	OFP	-milast
4830	empagliflozin	864070-44-0	OBWASQILIWPZMG-QZMOQZSNSA-N	ONP	-gliflozin
5052	aripiprazole lauroxil	1259305-29-7	DDINXHAORAAYAD-UHFFFAOYSA-N	ONP	-piprazole
5053	amino(diphenylhydantoin) valeric acid	38964-88-4	PAJBBDCZSMDSFL-UHFFFAOYSA-N		
4239	calcium carbonate	471-34-1			
4831	vintafolide	742092-03-1	KUZYSQSABONDME-QRLOMCMNSA-N		vin-
4824	etilefrine pivalate	100696-30-8	DRMHNJGOEAYOIZ-UHFFFAOYSA-N		-frine
4825	laquinimod	248282-07-7	GKWPCEFFIHSJOE-UHFFFAOYSA-N		-imod
4827	iodohippurate sodium I125	7230-65-1	CORFWQGVBFFZHF-CKWBHOIGSA-N		io-
5762	datopotamab deruxtecan				-tamab
5759	lebrikizumab	953400-68-5			-zumab
5760	concizumab	1312299-39-0			-cizumab
4828	iodohippurate sodium I131	881-17-4	CORFWQGVBFFZHF-AKGSDVBQSA-N	OFM	io-
4822	laninamivir octanoate hydrate	203120-46-1	UKTIJASCFRNWCB-RMIBSVFLSA-N		-amivir
4823	peramivir	330600-85-6	XRQDFNLINLXZLB-CKIKVBCHSA-N	OFP	-amivir
4818	florbetaben F18	902143-01-5	NCWZOASIUQVOFA-FWZJPQCDSA-N	ONP	
5465	finerenone	1050477-31-0	BTBHLEZXCOBLCY-QGZVFWFLSA-N	ONP	-renone
5466	fexinidazole	59729-37-2	MIWWSGDADVMLTG-UHFFFAOYSA-N	OFP	-nidazole
5353	zanubrutinib	1691249-45-2	RNOAOAWBMHREKO-QFIPXVFZSA-N	ONP	-brutinib
5470	difelikefalin	1024828-77-0	FWMNVWWHGCHHJJ-SKKKGAJSSA-N	ONP	-kef-
4819	delamanid	681492-22-8	XDAOLTSRNUSPPH-XMMPIXPASA-N		
3203	nordefrin	74812-63-8	GEFQWZLICWMTKF-UHFFFAOYSA-N		
4820	tasimelteon	609799-22-6	PTOIAAWZLUQTIO-GXFFZTMASA-N	OFP	
4817	rifamycin	6998-60-3	HJYYPODYNSCCOU-ODRIEIDWSA-N	OFM	rifa-
5469	belzutifan	1672668-24-4	LOMMPXLFBTZENJ-ZACQAIPSSA-N	ONP	
5471	mobocertinib	1847461-43-1	AZSRSNUQCUDCGG-UHFFFAOYSA-N	OFM	-tinib
5361	ubrogepant	1374248-77-7	DDOOFTLHJSMHLN-ZQHRPCGSSA-N	ONP	-gepant
5362	romosozumab	909395-70-6			-zumab
5794	lerodalcibep-liga				
5796	donidalorsen				-rsen
5761	vilobelimab				-mab
4813	luliconazole	187164-19-8	YTAOBBFIOAEMLL-REQDGWNSSA-N	ONP	-conazole
4814	olodaterol	868049-49-4	COUYJEVMBVSIHV-SFHVURJKSA-N	ONP	-terol
4816	umeclidinium	869113-09-7	FVTWTVQXNAJTQP-UHFFFAOYSA-N	ONP	-clidinium
4806	vortioxetine	508233-74-7	YQNWZWMKLDQSAC-UHFFFAOYSA-N	ONP	-oxetine
4807	riociguat	625115-55-1	WXXSNCNJFUAIDG-UHFFFAOYSA-N	OFP	-ciguat
4808	ipidacrine	62732-44-9	YLUSMKAJIQOXPV-UHFFFAOYSA-N		-crine
5370	lascufloxacin	848416-07-9	ZFIOCUITTUUVPV-MEDUHNTESA-N		-floxacin
5368	botulinum toxin type A				
5371	roxadustat	808118-40-3	YOZBGTLTNGAVFU-UHFFFAOYSA-N		-dustat
4809	macitentan	441798-33-0	JGCMEBMXRHSZKX-UHFFFAOYSA-N	OFP	-entan
4810	ibrutinib	936563-96-1	XYFPWWZEPKGCCK-GOSISDBHSA-N	ONP	-tinib
4811	sofosbuvir	1190307-88-0	TTZHDVOVKQGIBA-IQWMDFIBSA-N	ONP	-buvir
5768	penpulimab				-mab
4812	simeprevir	923604-59-5	JTZZSQYMACOLNN-VDWJNHBNSA-N	OFM	-previr
5472	atogepant	1374248-81-3	QIVUCLWGARAQIO-OLIXTKCUSA-N	ONP	-gepant
4805	dolutegravir	1051375-16-6	RHWKPHLQXYSBKR-BMIGLBTASA-N	ONP	-vir-
4779	sodium picosulfate	10040-45-6			
4780	sodium tartrate	868-18-8			
4781	sodium selenate	13410-01-0			
4782	sodium selenite	10102-18-8			
4784	sodium chlorite	7758-19-2			
4785	sinecatechins	84650-60-2			
4783	hachimycin	1394-02-1			-mycin
4786	mercuric amidochloride	10124-48-8	WRWRKDRWMURIBI-UHFFFAOYSA-M		-mer-
4788	mercurochrome	129-16-8			-mer-
4755	technetium Tc 99m tilmanocept	746637-33-2			
4756	polaprezinc	107667-60-7			
4757	dimethyl fumarate	624-49-7	LDCRTTXIJACKKU-ONEGZZNKSA-N	OFP	
4758	canagliflozin	842133-18-0	XTNGUQKDFGDXSJ-ZXGKGEBGSA-N	OFP	-gliflozin
4759	aloglutamol	13755-41-4			-aldrate
4761	aluminium acetoacetate	19022-77-6			
4760	aloxiprin	9014-67-9			
4745	glycerol phenylbutyrate	611168-24-2	ZSDBFLMJVAGKOU-UHFFFAOYSA-N	OFP	
4746	pomalidomide	19171-19-8	UVSMNLNDYGZFPF-UHFFFAOYSA-N	OFP	-domide
4748	quifenadine	10447-39-9	PZMAHNDJABQWGS-UHFFFAOYSA-N		
4749	ospemifene	128607-22-7	LUMKNAVTFCDUIE-VHXPQNKSSA-N	OFP	-mifene
4750	cetyl alcohol	36653-82-4	BXWNKGSJHAJOGX-UHFFFAOYSA-N	OFM	
4752	levobetaxolol	93221-48-8	NWIUTZDMDHAVTP-KRWDZBQOSA-N	OFM	-olol
4753	pentetate calcium trisodium	12111-24-9			
4754	pentetate zinc trisodium	11082-38-5			
4654	regorafenib	755037-03-7	FNHKPVJBJVTLMP-UHFFFAOYSA-N	ONP	-rafenib
4655	tedisamil	90961-53-8	CTIRHWCPXYGDGF-HDICACEKSA-N		
4656	meprotixol	4295-63-0	LAYVFLWAVIGDLK-UHFFFAOYSA-N		
4657	mersalyl	492-18-2			mer-
4658	metabutethamine	4439-25-2	BXMFKNRZTLNAFY-UHFFFAOYSA-N		
5473	maralixibat hydrochloride	716313-53-0	STPKWKPURVSAJF-LJEWAXOPSA-N	ONP	-ixibat
4240	zinc oxide	1314-13-2	XLOMVQKBTHCTTD-UHFFFAOYSA-N		
4659	metamizole	68-89-3	LVWZTYCIRDMTEY-UHFFFAOYSA-N		-buzone
4660	methylatropine	31610-87-4	PIPAJLPNWZMYQA-YVSFHVDLSA-N		-trop-
4661	creatine	57-00-1	CVSVTCORWBXHQV-UHFFFAOYSA-N		
4663	benzoin	119-53-9	ISAOCJYIOMOJEB-UHFFFAOYSA-N		
4235	oxygen	7782-44-7	MYMOFIZGZYHOMD-UHFFFAOYSA-N		
4236	octinoxate	5466-77-3	YBGZDTIWKVFICR-UHFFFAOYSA-N	OFM	
4237	titanium dioxide	13463-67-7	GWEVSGVZZGPLCZ-UHFFFAOYSA-N		
4238	nitrous oxide	10024-97-2	GQPLMRYTRLFLPF-UHFFFAOYSA-N		
4241	octisalate	118-60-5	FMRHJJZUHUTGKE-UHFFFAOYSA-N		-sal-
5481	peficitinib	944118-01-8	DREIJXJRTLTGJC-JQCLMNFQSA-N		-citinib
4242	avobenzone	70356-09-1	XNEFYCZVKIDDMS-UHFFFAOYSA-N	OFP	
4244	magnesium hydroxide	1309-42-8	VTHJTEIRLNZDEV-UHFFFAOYSA-L		
4243	sodium fluoride	7681-49-4			
4245	methyl salicylate	119-36-8	OSWPMRLSEDHDFF-UHFFFAOYSA-N	OFP	
4246	Polymyxin B	1405-20-5			
4229	tafluprost	209860-87-7	WSNODXPBBALQOF-VEJSHDCNSA-N	OFP	-prost
4230	Ioflupane I-123	155798-07-5	HXWLAJVUJSVENX-HFIFKADTSA-N	OFP	io-
4220	telbivudine	3424-98-4	IQFYYKKMVGJFEH-CSMHCCOUSA-N	OFM	-vudine
4221	mequinol	150-76-5	NWVVVBRKAWDGAB-UHFFFAOYSA-N	OFM	
4223	vilazodone	163521-12-8	SGEGOXDYSFKCPT-UHFFFAOYSA-N	OFP	
4224	pirfenidone	53179-13-8	ISWRGOKTTBVCFA-UHFFFAOYSA-N	OFP	
4225	axitinib	319460-85-0	RITAVMQDGBJQJZ-FMIVXFBMSA-N	ONP	-tinib
4226	ingenol mebutate	75567-37-2	VDJHFHXMUKFKET-WDUFCVPESA-N	OFM	
5482	upacicalcet	1333218-50-0	LHEYGVSDVBEYQF-QMMMGPOBSA-N		-calcet
5483	imeglimin	775351-65-0	GFICWFZTBXUVIG-SCSAIBSYSA-N		-gli-
5484	teceleukin	136279-32-8			-leukin
4186	icatibant	130308-48-4	QURWXBZNHXJZBE-SKXRKSCCSA-N		-tibant
4187	crizotinib	877399-52-5	KTEIFNKAUNYNJU-GFCCVEGCSA-N	ONP	-tinib
4188	deferiprone	30652-11-0	TZXKOCQBRNJULO-UHFFFAOYSA-N	OFP	
5485	potassium sulfate	7778-80-5	OTYBMLCTZGSZBG-UHFFFAOYSA-L	OFP	
5486	molidustat	1154028-82-6	IJMBOKOTALXLKS-UHFFFAOYSA-N		-dustat
5487	anamorelin	861998-00-7	VQPFSIRUEPQQPP-MXBOTTGLSA-N		-morelin
4189	hydroxyprogesterone caproate	630-56-8	DOMWKUIIPQCAJU-LJHIYBGHSA-N	OFM	-gest-
5191	insulin pork	12584-58-6			
1948	nitric oxide	10102-43-9	MWUXSHHQAYIFBG-UHFFFAOYSA-N		
3244	formaldehyde	50-00-0	WSFSSNUMVMOOMR-UHFFFAOYSA-N		
3281	hydrogen peroxide	7722-84-1	MHAJPDPJQMAIIY-UHFFFAOYSA-N		
1076	ethanol	64-17-5	LFQSCWFLJHTTHZ-UHFFFAOYSA-N		
5489	diclofenac etalhyaluronate sodium	1398396-25-2			
5192	insulin beef	11070-73-8			
1344	guanidine	113-00-8	ZRALSGWEFCBTJO-UHFFFAOYSA-N		
3035	boric acid	10043-35-3	KGBXLFKZBHKPEV-UHFFFAOYSA-N		
5195	corticorelin ovine	79804-71-0	QEEJLLNYQOBRRM-KSHGRFHLSA-N		
3645	vinyl ether	109-93-3	QYKIQEUNHZKYBP-UHFFFAOYSA-N		
3495	propiolactone	57-57-8	VEZXCJBBBCKRPI-UHFFFAOYSA-N		
5490	esaxerenone	1632006-28-0	NOSNHVJANRODGR-UHFFFAOYSA-N		-renone
5491	mirogabalin	1138245-13-2	FTBQORVNHOIASH-CKYFFXLPSA-N		-gab-
5493	daridorexant	1505484-82-1	NBGABHGMJVIVBW-QHCPKHFHSA-N	ONP	-orexant
58	acetohydroxamic acid	546-88-3	RRUDCFGSUDOHDG-UHFFFAOYSA-N		
5197	mecasermin rinfabate	478166-15-3			-sermin
1319	glycine	56-40-6	DHMQDGOQFOQNFH-UHFFFAOYSA-N		
5290	binimetinib	606143-89-9	ACWZRVQXLIRSDF-UHFFFAOYSA-N	ONP	-tinib
5295	doravirine	1338225-97-0	ZIAOVIPSKUPPQW-UHFFFAOYSA-N	ONP	-vir-
5492	idursulfase beta	1271734-34-9			-sulfa-
5296	duvelisib	1201438-56-3	SJVQHLPISAIATJ-ZDUSSCGKSA-N	ONP	-lisib
5297	dacomitinib	1110813-31-4	LVXJQMNHJWSHET-AATRIKPKSA-N	ONP	-tinib
5298	sarecycline	1035654-66-0	PQJQFLNBMSCUSH-SBAJWEJLSA-N	ONP	-cycline
5303	revefenacin	864750-70-9	FYDWDCIFZSGNBU-UHFFFAOYSA-N	ONP	-fenacin
5198	secretin porcine	17034-35-4	JWQZOTGHUDZFMU-WIDFLDSMSA-N		-retin-
5334	darolutamide	1297538-32-9	BLIJXOOIHRSQRB-NWDGAFQWSA-N	ONP	-lutamide
5349	tenapanor	1234423-95-0	DNHPDWGIXIMXSA-CXNSMIOJSA-N	ONP	
5350	trifarotene	895542-09-3	MFBCDACCJCDGBA-UHFFFAOYSA-N	ONP	-arotene
1399	hydroxycarbamide	127-07-1	VSNHCAURESNICA-UHFFFAOYSA-N		
4024	propylene glycol	57-55-6	DNIAPMSPPWPWGF-UHFFFAOYSA-N		
768	mercaptamine	60-23-1	UFULAYFCSOUIOV-UHFFFAOYSA-N		-apt-
906	dimethyl sulfoxide	67-68-5	IAZDPXIOMUYVGZ-UHFFFAOYSA-N		
1233	fomepizole	7554-65-6	RIKMMFOAQPJVMX-UHFFFAOYSA-N		
2188	piperazine	110-85-0	GLUUGHFHXGJENI-UHFFFAOYSA-N		
787	deanol	108-01-0	UEEJHVSXFDXPFK-UHFFFAOYSA-N		
1533	lactic acid	50-21-5	JVTAAEKCZFNVCJ-UHFFFAOYSA-N		
1316	glycerol	56-81-5	PEDCQBHIVMGVHV-UHFFFAOYSA-N		
1687	methylpentynol	77-75-8	QXLPXWSKPNOQLE-UHFFFAOYSA-N		
5200	sodium succinate	150-90-3			
3267	glutaral	111-30-8	SXRSQZLOMIGNAQ-UHFFFAOYSA-N		
759	cycloserine	68-41-7	DYDCUQKUCUHJBH-UWTATZPHSA-N	OFP	
1262	aminobutyric acid	56-12-2	BTCSSZJGUNDROE-UHFFFAOYSA-N		
3097	choline	62-49-7	OEYIOHPDSNJKLS-UHFFFAOYSA-N	OFP	
334	benzyl alcohol	100-51-6	WVDDGKGOMKODPV-UHFFFAOYSA-N	OFM	
172	aminopicoline	695-34-1	ORLGLBZRQYOWNA-UHFFFAOYSA-N		
1921	nicotinyl alcohol	100-55-0	MVQVNTPHUGQQHK-UHFFFAOYSA-N		nico-
3524	resorcinol	108-46-3	GHMLBKRAJCXXBS-UHFFFAOYSA-N		
3282	hydroquinone	123-31-9	QIGBRXMKCJKVMJ-UHFFFAOYSA-N	OFP	
1375	histamine	51-45-6	NTYJJOPFIAHURM-UHFFFAOYSA-N	OFM	
357	betazole	105-20-4	JXDFEQONERDKSS-UHFFFAOYSA-N	OFM	
1745	thiamazole	60-56-0	PMRYVIKBURPHAH-UHFFFAOYSA-N	OFP	
3637	tuaminoheptane	123-82-0	VSRBKQFNFZQRBM-UHFFFAOYSA-N		
3353	methylhexaneamine	105-41-9	YAHRDLICUYEDAU-UHFFFAOYSA-N		
3229	fumaric acid	110-17-8	VZCYOOQTPOCHFL-OWOJBTEDSA-N		
205	amyl nitrite	8017-89-8			-nit-
2487	succinic acid	110-15-6	KDYFGRWQOYBRFD-UHFFFAOYSA-N		
347	betaine	590-46-5	KWIUHFFTVRNATP-UHFFFAOYSA-N	OFP	
3583	teflurane	124-72-1	RZXZIZDRFQFCTA-UHFFFAOYSA-N		-flurane
1263	aminohydroxybutyric acid	924-49-2	YQGDEPYYFWUPGO-UHFFFAOYSA-N		-gab-
3414	oxymethurea	140-95-4	QUBQYFYWUJJAAK-UHFFFAOYSA-N		
3391	noxytiolin	15599-39-0	JLMHZVYLAQPMOZ-UHFFFAOYSA-N		
2771	trometamol	77-86-1	LENZDBCJOHFCAS-UHFFFAOYSA-N	OFP	
769	cysteine	52-90-4	XUJNEKJLAYXESH-REOHCLBHSA-N	OFP	
5186	bezlotoxumab	1246264-45-8			-umab
1906	nicotinamide	98-92-0	DFPAKSUCGFBDDF-UHFFFAOYSA-N	OFP	nico-
2835	nicotinic acid	59-67-6	PVNIIMVLHYAWGP-UHFFFAOYSA-N	OFP	nico-
2328	pyrazinamide	98-96-4	IPEHBUMCGVEMRF-UHFFFAOYSA-N	OFP	
1334	guaiacol	90-05-1	LHGVFZTZFXWLCP-UHFFFAOYSA-N		
195	amfetamine	300-62-9	KWTSXDURSIMDCE-UHFFFAOYSA-N	OFP	-orex
3150	dimercaprol	59-52-9	WQABCVAJNWAXTE-UHFFFAOYSA-N	OFP	
1241	foscarnet	4428-95-9	ZJAOAACCNHFJAH-UHFFFAOYSA-N	OFP	fos-
3242	fluroxene	406-90-6	DLEGDLSLRSOURQ-UHFFFAOYSA-N		-flurane
2153	phloroglucinol	108-73-6	QCDYQQDYXPDABM-UHFFFAOYSA-N		
1994	orazamide	360-97-4	DVNYTAVYBRSTGK-UHFFFAOYSA-N		
5166	moroctocog alfa	284036-24-4			-octocog
5158	peginterferon alfa-2a	198153-51-4			
3508	pyrithione	15922-78-8	FGVVTMRZYROCTH-UHFFFAOYSA-N	OFM	
2640	thiouracil	141-90-2	ZEMGGZBWXRYJHK-UHFFFAOYSA-N		-thiouracil
862	dichloroacetic acid	2156-56-1	JXTHNDFMNIQAHM-UHFFFAOYSA-N		
1188	flucytosine	2022-85-7	XRECTZIEBJDKEO-UHFFFAOYSA-N	OFP	
26	fluorouracil	51-21-8	GHASVSINZRGABV-UHFFFAOYSA-N	OFP	-racil
2819	vigabatrin	68506-86-5	PJDFLNIOAUIZSL-UHFFFAOYSA-N	OFP	-gab-
5494	avacopan	1346623-17-3	PUKBOVABABRILL-YZNIXAGQSA-N	ONP	-copan
5495	asciminib	1492952-76-7	VOVZXURTCKPRDQ-CQSZACIVSA-N	ONP	
1725	metformin	657-24-9	XZWYZXLIPXDOLR-UHFFFAOYSA-N	OFP	-formin
1978	octodrine	543-82-8	QNIVIMYXGGFTAK-UHFFFAOYSA-N		-drine
166	aminolevulinic acid	106-60-5	ZGXJTSGNIOSYLO-UHFFFAOYSA-N	OFP	
1557	leucine	61-90-5	ROHFNLRQFUQHCH-YFKPBYRVSA-N		
163	aminocaproic acid	60-32-2	SLXKOJJOQWFEFD-UHFFFAOYSA-N	OFP	
2058	paraldehyde	123-63-7	SQYNKIJPMDEDEG-UHFFFAOYSA-N		
3401	ornithine	70-26-8	AHLPHDHHMVZTML-BYPYZUCNSA-N		
2259	prenderol	115-76-4	XRVCFZPJAHWYTB-UHFFFAOYSA-N		
1550	aspartic acid	56-84-8	CKLJMWTZIZZHCS-REOHCLBHSA-N		
2670	timonacic	444-27-9	DZLNHFMRPBPULJ-UHFFFAOYSA-N		-cic
1562	levamfetamine	156-34-3	KWTSXDURSIMDCE-MRVPVSSYSA-N		
2715	tranylcypromine	155-09-9	AELCINSCMGFISI-DTWKUNHWSA-N	OFP	
89	adenine	73-24-5	GFFGJBXGBJISGV-UHFFFAOYSA-N		
54	acetanilide	103-84-4	FZERHIULMFGESH-UHFFFAOYSA-N		
1653	mecysteine	2485-62-3	MCYHPZGUONZRGO-VKHMYHEASA-N		-steine
841	dexamfetamine	51-64-9	KWTSXDURSIMDCE-QMMMGPOBSA-N	OFP	-orex
124	allopurinol	315-30-0	OFCNXPDARWKPPY-UHFFFAOYSA-N	OFP	
2085	pentaerythritol	115-77-5	WXZMFSXDPGVJKK-UHFFFAOYSA-N		
2148	phenylpropanol	93-54-9	DYUQAZSOFZSPHD-UHFFFAOYSA-N		
2123	phenelzine	51-71-8	RMUCZJUITONUFY-UHFFFAOYSA-N	OFP	
2415	salicylamide	65-45-2	SKZKKFZAGNVIMN-UHFFFAOYSA-N		sal-
346	betahistine	5638-76-6	UUQMNUMQCIQDMZ-UHFFFAOYSA-N		
3505	homonicotinic acid	501-81-5	WGNUNYPERJMVRM-UHFFFAOYSA-N		
3355	methyl nicotinate	93-60-7	YNBADRVTZLEFNH-UHFFFAOYSA-N		
5497	pafolacianine	1628423-76-6	PDXNSXLPXJFETD-DYVQZXGMSA-O		-cianine
5537	etorphine	14521-96-1	CAHCBJPUTCKATP-FAWZKKEFSA-N		-orph-
2049	aminobenzoic acid	150-13-0	ALYNCZNDIQEVRV-UHFFFAOYSA-N		
1497	isoniazid	54-85-3	QRXWMOHMRWLFEY-UHFFFAOYSA-N	OFP	
2231	pralidoxime	51-15-0	JBKPUQTUERUYQE-UHFFFAOYSA-O	OFP	
3460	phenylethanolamine	7568-93-6	ULSIYEODSMZIPX-UHFFFAOYSA-N		
737	cotinine	486-56-6	UIKROCXWUNQSPJ-VIFPVBQESA-N		
2784	tyramine	51-67-2	DZGWFCGJZKJUFP-UHFFFAOYSA-N		
1485	isaxonine	4214-72-6	FTCYIGBVOHNHCD-UHFFFAOYSA-N		
3058	cacodylic acid	75-60-5	OGGXGZAMXPVRFZ-UHFFFAOYSA-N		
1243	fosfomycin	23155-02-4	YMDXZJFXQJVXBF-STHAYSLISA-N	OFP	-mycin
2416	salicylic acid	69-72-7	YGSDEFSMJLZEOE-UHFFFAOYSA-N		sal-
3442	phenoxyethanol	122-99-6	QCDWFXQBSFUVSP-UHFFFAOYSA-N		
3428	pentetrazol	54-95-5	CWRVKFFCRWGWCS-UHFFFAOYSA-N		
3410	oxiniacic acid	2398-81-4	FJCFFCXMEXZEIM-UHFFFAOYSA-N		
5502	diroximel fumarate	1577222-14-0	YIMYDTCOUQIDMT-SNAWJCMRSA-N	OFP	
5503	difamilast	937782-05-3	VFBILHPIHUPBPZ-UHFFFAOYSA-N	ONP	-milast
755	cyclopentamine	102-45-4	HFXKQSZZZPGLKQ-UHFFFAOYSA-N		
3344	methenamine	100-97-0	VKYKSIONXSXAKP-UHFFFAOYSA-N	OFP	
3256	furtrethonium	7618-86-2	HEDXEAAVEOJUCR-UHFFFAOYSA-N		-ium
1087	ethosuximide	77-67-8	HAPOVYFOVVWLRS-UHFFFAOYSA-N	OFP	
1496	isometheptene	503-01-5	XVQUOJBERHHONY-UHFFFAOYSA-N		
5159	eptacog alfa (activated)	102786-61-8			
5160	epoetin beta	122312-54-3			-poetin
3977	kojic acid	501-30-4	BEJNERDRQOWKJM-UHFFFAOYSA-N		
2197	piracetam	7491-74-9	GMZVRMREEHBGGF-UHFFFAOYSA-N		-racetam
1773	methylthiouracil	56-04-2	HWGBHCRJGXAGEU-UHFFFAOYSA-N		-thiouracil
1711	mesna	3375-50-6	ZNEWHQLOPFWXOF-UHFFFAOYSA-N	OFP	
3998	octanoic acid	124-07-2	WWZKQHOCKIZLMA-UHFFFAOYSA-N		
2751	trimethadione	127-48-0	IRYJRGCIQBGHIV-UHFFFAOYSA-N	OFM	
2804	valpromide	2430-27-5	OMOMUFTZPTXCHP-UHFFFAOYSA-N		
2802	valnoctamide	4171-13-5	QRCJOCOSPZMDJY-UHFFFAOYSA-N		
3370	betanaphthol	135-19-3	JWAZRIHNYRIHIV-UHFFFAOYSA-N		
2803	valproic acid	99-66-1	NIJJYAXOARWZEE-UHFFFAOYSA-N	OFP	
3800	octamoxin	4684-87-1	FODQIVGFADUBKE-UHFFFAOYSA-N		-moxin
1078	ethchlorvynol	113-18-8	ZEHYJZXQEQOSON-UHFFFAOYSA-N	OFM	
168	methyl aminolevulinate	33320-16-0	YUUAYBAIHCDHHD-UHFFFAOYSA-N	OFM	
3290	oxyquinoline	148-24-3	MCJGNVYPOGVAJF-UHFFFAOYSA-N	OFP	
1004	emylcamate	78-28-4	SLWGJZPKHAXZQL-UHFFFAOYSA-N		
1361	heptaminol	372-66-7	LREQLEBVOXIEOM-UHFFFAOYSA-N		
1293	gimeracil	103766-25-2	ZPLQIPFOCGIIHV-UHFFFAOYSA-N		-racil
3474	adipic acid	124-04-9	WNLRTRBMVRJNCN-UHFFFAOYSA-N		
1501	isosorbide	652-67-5	KLDXJTOLSGUMSJ-JGWLITMVSA-N	OFM	
738	coumarin	91-64-5	ZYGHJZDHTFUPRJ-UHFFFAOYSA-N		
1311	glutamine	56-85-9	ZDXPYRJPNDTMRX-VKHMYHEASA-N	OFP	
1622	lysine	56-87-1	KDXKERNSBIXSRK-YFKPBYRVSA-N	OFP	
5167	lenograstim	135968-09-1			-grastim
3405	oxapropanium	5818-18-8	HJPHIJVSRJVAGC-UHFFFAOYSA-N		-ium
65	acetylcholine	51-84-3	OIPILFWXSMYKGL-UHFFFAOYSA-N	OFP	
2738	trientine	112-24-3	VILCJCGEZXAXTO-UHFFFAOYSA-N	OFP	
1310	glutamic acid	56-86-0	WHUUTDBJXJRKMK-VKHMYHEASA-N		
3995	meldonium	76144-81-5	PVBQYTCFVWZSJK-UHFFFAOYSA-N		-ium
488	carbachol	51-83-2	VPJXQGSRWJZDOB-UHFFFAOYSA-O	OFP	
3202	ketoxal	27762-78-3	YRCRRHNVYVFNTM-UHFFFAOYSA-N		
2768	trolamine	102-71-6	GSEJCLTVZPLZKY-UHFFFAOYSA-N	OFM	
2695	tolazoline	59-98-3	JIVZKJJQOZQXQB-UHFFFAOYSA-N	OFM	-azoline
3347	methionine	63-68-3	FFEARJCKVFRZRR-BYPYZUCNSA-N		
2081	penicillamine	52-67-5	VVNCNSJFMMFHPL-VKHMYHEASA-N	OFP	
3461	phenpromethamine	93-88-9	AUFSOOYCQYDGES-UHFFFAOYSA-N		
2140	phentermine	122-09-8	DHHVAGZRUROJKS-UHFFFAOYSA-N	OFP	-orex
2702	toloxatone	29218-27-7	MXUNKHLAEDCYJL-UHFFFAOYSA-N		
1732	methamphetamine	537-46-2	MYWUZJCMWCOHBA-VIFPVBQESA-N	OFP	
5506	mitapivat	2151847-10-6	XAYGBKHKBBXDAK-UHFFFAOYSA-N	ONP	-pivat
5507	pacritinib	937272-79-2	HWXVIOGONBBTBY-ONEGZZNKSA-N	ONP	-tinib
931	ditiocarb	148-18-5	LMBWSYZSUOEYSN-UHFFFAOYSA-N		
2566	tartaric acid	87-69-4	FEWJPZIEWOKRBE-JCYAYHJZSA-N	OFM	
2854	xylose	58-86-6	SRBFZHDQGSBBOR-IOVATXLUSA-N	OFM	
3118	cresatin	122-46-3	OTGAHJPFNKQGAE-UHFFFAOYSA-N		
2069	paroxypropione	70-70-2	RARSHUDCJQSEFJ-UHFFFAOYSA-N		
2131	pheniprazine	55-52-7	VXTWEDPZMSVFEF-UHFFFAOYSA-N		-moxin
1136	febuprol	3102-00-9	WBLXZPHICYCDGN-UHFFFAOYSA-N		
5510	oteseconazole	1340593-59-0	IDUYJRXRDSPPRC-NRFANRHFSA-N	ONP	-conazole
52	paracetamol	103-90-2	RZVAJINKPMORJF-UHFFFAOYSA-N	OFP	
22	aminomethylbenzoic acid	56-91-7	QCTBMLYLENLHLA-UHFFFAOYSA-N		
3160	dipyrocetyl	486-79-3	NYIZXMGNIUSNKL-UHFFFAOYSA-N		
2128	phenicarbazide	103-03-7	AVKHCKXGKPAGEI-UHFFFAOYSA-N		
3389	cathine	492-39-7	DLNKOYKMWOXYQA-IONNQARKSA-N		
2149	phenylpropanolamine	14838-15-4	DLNKOYKMWOXYQA-UHFFFAOYSA-N	OFM	
1394	hydroxyamfetamine	103-86-6	GIKNHHRFLCDOEU-UHFFFAOYSA-N	OFM	
1290	gepefrine	18840-47-6	WTDGMHYYGNJEKQ-ZETCQYMHSA-N		-frine
144	amantadine	768-94-5	DKNWSYNQZKUICI-UHFFFAOYSA-N	OFP	-mantadine
1766	methylparaben	99-76-3	LXCFILQKKLGQFO-UHFFFAOYSA-N		
1629	mandelic acid	90-64-2	IWYDHOAUDWTVEP-UHFFFAOYSA-N		
1726	methacholine	55-92-5	NZWOPGCLSHLLPA-UHFFFAOYSA-N	OFP	
1905	hydroxymethylnicotinamide	3569-99-1	JRFKIOFLCXKVOT-UHFFFAOYSA-N		nico-
2682	tisopurine	5334-23-6	PYAOPMWCFSVFOT-UHFFFAOYSA-N		
1708	mercaptopurine	50-44-2	GLVAUDGFNGKCSF-UHFFFAOYSA-N	OFP	-apt-
3755	homocamfin	28587-71-5	XHJJEWBMBSQVCJ-UHFFFAOYSA-N		
175	aminorex	2207-50-3	SYAKTDIEAPMBAL-UHFFFAOYSA-N		-orex
470	camphor	76-22-2	DSSYKIVIOFKYAU-UHFFFAOYSA-N		
2050	aminosalicylic acid	65-49-6	WUBBRNOQWQTFEX-UHFFFAOYSA-N	OFP	
1710	mesalazine	89-57-6	KBOPZPXVLCULAV-UHFFFAOYSA-N	OFP	-salazine
3396	octopamine	104-14-3	QHGUCRYDKWKLMG-UHFFFAOYSA-N		-opamine
2104	perflutren	76-19-7	QYSGYZVSCZSLHT-UHFFFAOYSA-N	ONP	perflu-
3056	enbucrilate	6606-65-1	JJJFUHOGVZWXNQ-UHFFFAOYSA-N		
1966	norfenefrine	536-21-0	LRCXRAABFLIVAI-UHFFFAOYSA-N		-frine
947	dopamine	51-61-6	VYFYYTLLBUKUHU-UHFFFAOYSA-N	OFP	-opamine
3260	gentisic acid	490-79-9	WXTMDXOMEHJXQO-UHFFFAOYSA-N		
76	acipimox	51037-30-0	DJQOOSBJCLSSEY-UHFFFAOYSA-N		-ox
1341	guancidine	1113-10-6	VZVGEDRCVUKSEL-UHFFFAOYSA-N		guan-
3666	allomethadione	526-35-2	XWZXRENCCHMZNF-UHFFFAOYSA-N		
1377	histidine	71-00-1	HNDVDQJCIGZPNO-YFKPBYRVSA-N		
994	elcatonin	60731-46-6	DDPFHDCZUJFNAT-KPZHSHELSA-N		
5509	lutetium (177Lu) vipivotide tetraxetan	1703749-62-5	RSTDSVVLNYFDHY-BGOLSCJMSA-K	ONP	-votide
3013	bemegride	64-65-3	ORRZGUBHBVWWOP-UHFFFAOYSA-N		
3640	valdetamide	512-48-1	LOMDVEFCNVDZMZ-UHFFFAOYSA-N		
2305	propylhexedrine	101-40-6	JCRIVQIOJSSCQD-UHFFFAOYSA-N		-drine
5219	trafermin	131094-16-1			-fermin
5518	clazosentan	180384-56-9	LFWCJABOXHSRGC-UHFFFAOYSA-N		-entan
2076	pempidine	79-55-0	XULIXFLCVXWHRF-UHFFFAOYSA-N		
1647	mechlorethamine	51-75-2	HAWPXGHAZFHHAD-UHFFFAOYSA-N	OFP	
3402	orotic acid	65-86-1	PXQPEWDEAKTCGB-UHFFFAOYSA-N		
3381	nifuroxime	6236-05-1	PTBKFATYSVLSSD-UHFFFAOYSA-N		nifur-
984	ectylurea	95-04-5	QCUPYFTWJOZAOB-HYXAFXHYSA-N		
5519	gefapixant	1015787-98-0	HLWURFKMDLAKOD-UHFFFAOYSA-N		-pixant
5520	nirmatrelvir	2628280-40-8	LIENCHBZNNMNKG-OJFNHCPVSA-N	ONP	-vir
934	levomenthol	89-78-1	NOOLISFMXDJSKH-KXUCPTDWSA-N	OFP	
3094	chloroxylenol	88-04-0	OSDLLIBGSJNGJE-UHFFFAOYSA-N		
2002	oteracil	937-13-3	RYYCJUAHISIHTL-UHFFFAOYSA-N		-racil
4432	calcium carbimide	156-62-7			
3775	furamicid	586-84-5	JXUMCVDPMJWGSI-UHFFFAOYSA-N		-nit-
5521	tapinarof	79338-84-4	ZISJNXNHJRQYJO-CMDGGOBGSA-N	ONP	
5528	doramectin	117704-25-3	QLFZZSKTJWDQOS-YDBLARSUSA-N		-ectin
2059	paramethadione	115-67-3	VQASKUSHBVDKGU-UHFFFAOYSA-N	OFM	
1072	ethadione	520-77-4	SIGSNYAYBSJATD-UHFFFAOYSA-N		
2713	tranexamic acid	1197-18-8	GYDJEQRTZSCIOI-LJGSYFOKSA-N	OFP	
2010	oxanamide	126-93-2	WBLPIVIXQOFTPQ-UHFFFAOYSA-N		
423	buformin	692-13-7	XSEUMFJMFFMCIU-UHFFFAOYSA-N		-formin
3762	isovaleryl diethylamide	533-32-4	QZMQDHNCNUGQSO-UHFFFAOYSA-N		
2021	oxiracetam	62613-82-5	IHLAQQPQKRMGSS-UHFFFAOYSA-N		-racetam
2664	tiliquinol	5541-67-3	RPVGLMKJGQMQSN-UHFFFAOYSA-N		-quine
5529	efrotomycin	56592-32-6	ASOJLQIBBYOFDE-SBHXXGSWSA-N		-mycin
665	citiolone	1195-16-0	NRFJZTXWLKPZAV-UHFFFAOYSA-N		-pred-
3808	pentamethonium bromide	541-20-8	XUSPWDAHGXSTHS-UHFFFAOYSA-N		
2255	pregabalin	148553-50-8	AYXYPKUFHZROOJ-ZETCQYMHSA-N	OFP	-gab-
2065	pargyline	555-57-7	DPWPWRLQFGFJFI-UHFFFAOYSA-N	OFM	-giline
3632	methylchromone	85-90-5	ABJKIHHNDMEBNA-UHFFFAOYSA-N		
1384	hydralazine	86-54-4	RPTUSVTUFVMDQK-UHFFFAOYSA-N	OFP	-dralazine
5137	peginterferon beta-1a	1211327-92-2			
519	carpronium	13254-33-6	XQSLKIBWQSTAGK-UHFFFAOYSA-N		-ium
358	bethanechol	674-38-4	NZUPCNDJBJXXRF-UHFFFAOYSA-O	OFP	
602	clomethiazole	533-45-9	PCLITLDOTJTVDJ-UHFFFAOYSA-N		
1670	meglutol	503-49-1	NPOAOTPXWNWTSH-UHFFFAOYSA-N		
3745	fenadiazole	1008-65-7	OINXXHYENYVYPB-UHFFFAOYSA-N		
513	levocarnitine	541-15-1	PHIQHXFUZVPYII-ZCFIWIBFSA-N	OFP	
891	oxydibutanol	821-33-0	AFSYRVDDZGJTIL-UHFFFAOYSA-N		
1920	nicotine	54-11-5	SNICXCGAKADSCV-JTQLQIEISA-N	OFP	
3705	carsalam	2037-95-8	OAYRYNVEFFWSHK-UHFFFAOYSA-N		-sal-
5139	interferon beta-1a	145258-61-3			
2676	tiopronin	1953-02-2	YTGJWQPHMWSCST-UHFFFAOYSA-N	OFP	
5530	embutramide	15687-14-6	LMBMDLOSPKIWAP-UHFFFAOYSA-N		
5531	emodepside	155030-63-0	ZMQMTKVVAMWKNY-YSXLEBCMSA-N		
66	acetylcysteine	616-91-1	PWKSKIMOESPYIA-BYPYZUCNSA-N	OFP	-steine
3426	pentorex	434-43-5	UMWAUEZOGHNSCH-UHFFFAOYSA-N		-orex
1694	mephentermine	100-92-5	RXQCGGRTAILOIN-UHFFFAOYSA-N	OFM	-orex
1100	etilamfetamine	457-87-4	YAGBSNMZQKEFCO-UHFFFAOYSA-N		-orex
3627	trichloroacetic acid	76-03-9	YNJBWRMUSHSURL-UHFFFAOYSA-N		
24	phenylbutanoic acid	1821-12-1	OBKXEAXTFZPCHS-UHFFFAOYSA-N	OFP	
2326	pseudoephedrine	90-82-4	KWGRBVOPPLSCSI-WCBMZHEXSA-N	OFP	-drine
1151	fenipentol	583-03-9	OVGORFFCBUIFIA-UHFFFAOYSA-N		
3354	methiosulfonium chloride	1115-84-0	YDBYJHTYSHBBAU-YFKPBYRVSA-O		
1754	methoxyflurane	76-38-0	RFKMCNOHBTXSMU-UHFFFAOYSA-N		-flurane
3679	atrolactamide	2019-68-3	FWTXWYXPXGKVJG-UHFFFAOYSA-N		
2144	phenylalanine	63-91-2	COLNVLDHVKWLRT-QMMMGPOBSA-N		
1080	ethenzamide	938-73-8	SBNKFTQSBPKMBZ-UHFFFAOYSA-N		-sal-
323	benzocaine	94-09-7	BLFLLBZGZJTVJG-UHFFFAOYSA-N		-caine
3463	pholedrine	370-14-9	SBUQZKJEOOQSBV-UHFFFAOYSA-N		-drine
5140	interferon beta-1b	145155-23-3			
1024	ephedrine	299-42-3	KWGRBVOPPLSCSI-WPRPVWTQSA-N	OFP	-drine
586	chloral hydrate	302-17-0	RNFNDJAIBTYOQL-UHFFFAOYSA-N		
5532	enrofloxacin	93106-60-6	SPFYMRJSYKOXGV-UHFFFAOYSA-N		-oxacin
5533	eprinomectin	123997-26-2	WPNHOHPRXXCPRA-TVXIRPTOSA-N		-ectin
3814	fenoxypropazine	3818-37-9	QNEXFJFTGQBXBJ-UHFFFAOYSA-N		
988	edrophonium	312-48-1	VWLHWLSRQJQWRG-UHFFFAOYSA-O	OFM	-ium
1083	ethionamide	536-33-4	AEOCXXJPGCBFJA-UHFFFAOYSA-N	OFM	
3403	orthocaine	536-25-4	VNQABZCSYCTZMS-UHFFFAOYSA-N		-caine
2051	aminosalicylic acid hydrazide	6946-29-8	FYZGXAKJVDHGDR-UHFFFAOYSA-N		
2632	thioguanine	154-42-7	WYWHKKSPHMUBEB-UHFFFAOYSA-N	OFP	
3577	oxedrine	94-07-5	YRCWQPVGYLYSOX-UHFFFAOYSA-N		-drine
5534	epsiprantel	98123-83-2	LGUDKOQUWIHXOV-UHFFFAOYSA-N		-antel
5535	amitraz	33089-61-1	QXAITBQSYVNQDR-ZIOPAAQOSA-N		
3729	diethadione	702-54-5	ORTYMGHCFWKXHO-UHFFFAOYSA-N		
5536	ethopabate	59-06-3	GOVWOKSKFSBNGD-UHFFFAOYSA-N		
3509	pyrithyldione	77-04-3	NZASCBIBXNPDMH-UHFFFAOYSA-N		
2146	phenylephrine	59-42-7	SONNWYBIRXJNDC-VIFPVBQESA-N	OFP	-frine
1721	metaraminol	54-49-9	WXFIGDLSSYIKKV-RCOVLWMOSA-N	OFP	
845	glucose	492-61-5	WQZGKKKJIJFFOK-VFUOTHLCSA-N	OFP	
1081	ethinamate	126-52-3	GXRZIMHKGDIBEW-UHFFFAOYSA-N	OFM	-bamate
1646	mecamylamine	60-40-2	IMYZQPCYWPFTAG-UHFFFAOYSA-N	OFP	
811	desflurane	57041-67-5	DPYMFVXJLLWWEU-UHFFFAOYSA-N	OFP	-flurane
3607	tioxolone	4991-65-5	SLYPOVJCSQHITR-UHFFFAOYSA-N		-pred-
1844	moroxydine	3731-59-7	KJHOZAZQWVKILO-UHFFFAOYSA-N		-vir-
3710	cicrotoic acid	25229-42-9	WVRIPRILKKOIQL-UHFFFAOYSA-N		
2876	zoxazolamine	61-80-3	YGCODSQDUUUKIV-UHFFFAOYSA-N		
2836	pyridoxine	65-23-6	LXNHXLLTXMVWPM-UHFFFAOYSA-N	OFP	
1960	norepinephrine	51-41-2	SFLSHLFXELFNJZ-QMMMGPOBSA-N	OFP	-frine
2189	piperidione	77-03-2	RGEVWUKXWFOAID-UHFFFAOYSA-N		
626	chlorzoxazone	95-25-0	TZFWDZFKRBELIQ-UHFFFAOYSA-N	OFP	
1563	levetiracetam	102767-28-2	HPHUVLMMVZITSG-LURJTMIESA-N	OFP	-racetam
2308	propylthiouracil	51-52-5	KNAHARQHSZJURB-UHFFFAOYSA-N	OFP	-thiouracil
2454	sobrerol	498-71-5	OMDMTHRBGUBUCO-UHFFFAOYSA-N		
1790	metronidazole	443-48-1	VAOCPAMSLUNLGC-UHFFFAOYSA-N	OFP	-nidazole
3497	protheobromine	50-39-5	MXRGZXBFSKSZPH-UHFFFAOYSA-N		-fylline
5538	famphur	52-85-7	JZAXQUJMHYXPKW-UHFFFAOYSA-N		
5539	febantel	58306-30-2	HMCCXLBXIJMERM-UHFFFAOYSA-N		-antel
1264	gabapentin	60142-96-3	UGJMXCAKCUNAIE-UHFFFAOYSA-N	OFP	-gab-
3521	rasagiline	136236-51-6	RUOKEQAAGRXIBM-GFCCVEGCSA-N	OFP	-giline
3783	iproheptine	13946-02-6	NKGYBXHAQAKSSG-UHFFFAOYSA-N		
1318	sodium glycerophosphate	55073-41-1			
1683	menadione	58-27-5	MJVAVZPDRWSRRC-UHFFFAOYSA-N	OFM	
2521	sulfanilamide	63-74-1	FDDDEECHVMSUSB-UHFFFAOYSA-N	OFM	sulfa-
3459	sodium hexacyclonate	7009-49-6	WMJPAYUKEVEBCN-UHFFFAOYSA-N		
3103	citrulline	372-75-8	RHGKLRLOHDJJDR-BYPYZUCNSA-N		
2604	terpin	565-48-0	RBNWAMSGVWEHFP-WAAGHKOSSA-N		-pin
3807	loprodiol	2209-86-1	YFESJHPTNWYOCO-UHFFFAOYSA-N		
2005	oxaceprol	33996-33-7	BAPRUDZDYCKSOQ-RITPCOANSA-N		
3000	acexamic acid	57-08-9	WDSCBUNMANHPFH-UHFFFAOYSA-N		
71	acetylleucine	99-15-0	WXNXCEHXYPACJF-UHFFFAOYSA-N		
1680	menadiol sulfate	481-85-6	JYJGXBHAXCGVHV-UHFFFAOYSA-N	OFM	
1549	arginine	74-79-3	ODKSFYDXXFIFQN-BYPYZUCNSA-N	OFP	
3703	carfimate	3567-38-2	MTTYXGPMZKRTCI-UHFFFAOYSA-N		
2075	pemoline	2152-34-3	NRNCYVBFPDDJNE-UHFFFAOYSA-N	OFM	
3682	benzalamide	7236-47-7	KAJZGRFYZKWYDX-UHFFFAOYSA-N		
788	debrisoquine	1131-64-2	JWPGJSVJDAJRLW-UHFFFAOYSA-N		-quine
4072	ascorbic acid	50-81-7	CIWBSHSKHKDKBQ-JLAZNSOCSA-N	OFP	
3266	glucurolactone	32449-92-6	UYUXSRADSPPKRZ-SKNVOMKLSA-N		
1401	hymecromone	90-33-5	HSHNITRMYYLLCV-UHFFFAOYSA-N		
3140	dichlorobenzyl alcohol	1777-82-8	DBHODFSFBXJZNY-UHFFFAOYSA-N		
2659	tidiacic	30097-06-4	DAXBISKSIDBYEU-UHFFFAOYSA-N		-cic
3772	metamfepramone	15351-09-4	KBHMHROOFHVLBA-UHFFFAOYSA-N		
2133	phenmetrazine	134-49-6	OOBHFESNSZDWIU-UHFFFAOYSA-N	OFM	-orex
1307	glucosamine	3416-24-8	MSWZFWKMSRAUBD-IVMDWMLBSA-N		
359	betanidine	55-73-2	NIVZHWNOUVJHKV-UHFFFAOYSA-N	OFM	-nidine
3092	chlorobutanol	57-15-8	OSASVXMJTNOKOY-UHFFFAOYSA-N		
2114	phenacemide	63-98-9	XPFRXWCVYUEORT-UHFFFAOYSA-N	OFM	
3383	nikethamide	59-26-7	NCYVXEGFNDZQCU-UHFFFAOYSA-N		ni-
2302	propofol	2078-54-8	OLBCVFGFOZPWHH-UHFFFAOYSA-N	OFP	
4916	aflibercept	862111-32-8			-bercept
3827	salacetamide	487-48-9	JZWFDVDETGFGFC-UHFFFAOYSA-N		sal-
2137	phenprobamate	673-31-4	CAMYKONBWHRPDD-UHFFFAOYSA-N		-bamate
2115	phenacetin	62-44-2	CPJSUEIXXCENMM-UHFFFAOYSA-N		
1378	homarylamine	451-77-4	OPJOMVMFYOUDPK-UHFFFAOYSA-N		
2383	rimantadine	13392-28-4	UBCHPRBFMUDMNC-UHFFFAOYSA-N	OFP	-mantadine
1480	iproniazid	54-92-2	NYMGNSNKLVNMIA-UHFFFAOYSA-N		
1254	fudosteine	13189-98-5	KINWYTAUPKOPCQ-YFKPBYRVSA-N		-steine
3351	methylephedrine	552-79-4	FMCGSUUBYTWNDP-ONGXEEELSA-N		-drine
1794	mexiletine	31828-71-4	VLPIATFUUWWMKC-UHFFFAOYSA-N	OFP	
1755	methoxyphenamine	93-30-1	OEHAYUOVELTAPG-UHFFFAOYSA-N		-terol
1679	memantine	19982-08-2	BUGYDGFZZOZRHP-UHFFFAOYSA-N	OFP	-mantine
3114	cloxiquine	130-16-5	CTQMJYWDVABFRZ-UHFFFAOYSA-N		-quine
1444	inositol	87-89-8	CDAISMWEOUEBRE-GPIVLXJGSA-N		
1271	galactose	59-23-4	WQZGKKKJIJFFOK-PHYPRBDBSA-N		
1252	fructose	6347-01-9	LKDRXBCSQODPBY-VRPWFDPXSA-N		
74	acetylsalicylic acid	50-78-2	BSYNRYMUTXBXSQ-UHFFFAOYSA-N	OFP	
2620	theophylline	58-55-9	ZFXYFBGIUFBOJW-UHFFFAOYSA-N	OFP	-fylline
2618	theobromine	83-67-0	YAPQBXQYLJRXSA-UHFFFAOYSA-N		
2307	propylparaben	94-13-3	QELSKZZBTMNZEB-UHFFFAOYSA-N		
935	mannitol	69-65-8	FBPFZTCFMRRESA-KVTDHHQDSA-N	OFP	
5540	fenprostalene	69381-94-8	BYNHBQROLKAEDQ-CNDPCGPLSA-N		-prost-
5541	fenthion	55-38-9	PNVJTZOFSHSLTO-UHFFFAOYSA-N		
5542	firocoxib	189954-96-9	FULAPETWGIGNMT-UHFFFAOYSA-N		-coxib
2381	rilmenidine	54187-04-1	CQXADFVORZEARL-UHFFFAOYSA-N		-nidine
1346	guanoxan	2165-19-7	HIUVKVDQFXDZHU-UHFFFAOYSA-N		-oxan
2314	protionamide	14222-60-7	VRDIULHPQTYCLN-UHFFFAOYSA-N		
2786	tyrosine	60-18-4	OUYCCCASQSFEME-QMMMGPOBSA-N	OFM	
2485	styramate	94-35-9	OCSOHUROTFFTFO-UHFFFAOYSA-N		
2388	levisoprenaline	51-31-0	JWZZKOKVBUJMES-NSHDSACASA-N		-prenaline
96	adrenalone	99-45-6	PZMVOUYYNKPMSI-UHFFFAOYSA-N		
38	acamprosate	77337-76-9	AFCGFAGUEYAMAO-UHFFFAOYSA-N	OFP	
2330	pyridostigmine	155-97-5	RVOLLAQWKVFTGE-UHFFFAOYSA-N	OFP	-stigmine
3286	oxilofrine	365-26-4	OXFGTKPPFSCSMA-XVKPBYJWSA-N		-frine
1367	hexapropymate	358-52-1	MIRHIEAGDGUXKL-UHFFFAOYSA-N		
1101	etilefrine	709-55-7	SQVIAVUSQAWMKL-UHFFFAOYSA-N		-frine
3241	flurotyl	333-36-8	KGPPDNUWZNWPSI-UHFFFAOYSA-N		
990	eflornithine	70052-12-9	VLCYCQAOQCDTCN-UHFFFAOYSA-N	OFP	
2462	sorbitol	50-70-4	FBPFZTCFMRRESA-JGWLITMVSA-N	OFP	
5157	darbepoetin alfa	209810-58-2			-poetin
3269	glycol salicylate	87-28-5	LVYLCBNXHHHPSB-UHFFFAOYSA-N		
1180	flopropione	2295-58-1	PTHLEKANMPKYDB-UHFFFAOYSA-N		
773	dacarbazine	4342-03-4	FDKXTQMXEQVLRF-ZHACJKMWSA-N	OFP	
1691	mephenesin	59-47-2	JWDYCNIAQWPBHD-UHFFFAOYSA-N		
2486	succimer	304-55-2	ACTRVOBWPAIOHC-XIXRPRMCSA-N	OFP	-mer
3454	guanacline	1463-28-1	WQVAYGCXSJMPRT-UHFFFAOYSA-N		guan-
1028	epinephrine	51-43-4	UCTWMZQNUQWSLP-VIFPVBQESA-N	OFP	-frine
1774	methyprylon	125-64-4	SIDLZWOQUZRBRU-UHFFFAOYSA-N	OFM	
715	clortermine	10389-73-8	HXCXASJHZQXCKK-UHFFFAOYSA-N		-orex
618	chlorphentermine	461-78-9	ZCKAMNXUHHNZLN-UHFFFAOYSA-N	OFM	-orex
1494	fluostigmine	55-91-4	MUCZHBLJLSDCSD-UHFFFAOYSA-N	OFM	
2155	phosphorylcholine	107-73-3	YHHSONZFOIEMCP-UHFFFAOYSA-N	OFP	
5543	florfenicol	73231-34-2	AYIRNRDRBQJXIF-NXEZZACHSA-N		-fenicol
5544	flumetasone acetate	2823-42-9	ISSQQUKLQJHHOR-OSNGSNEUSA-N		-metasone
5545	flunixin	38677-85-9	NOOCSNJCXJYGPE-UHFFFAOYSA-N		-nixin
289	barbital	57-44-3	FTOAOBMCPZCFFF-UHFFFAOYSA-N		barb-
3362	mitoguazone	459-86-9	MXWHMTNPTTVWDM-NXOFHUPFSA-N		mito-
5546	fluprostenol	40666-16-8	WWSWYXNVCBLWNZ-QIZQQNKQSA-N		-prost
5547	fluralaner	864731-61-3	MLBZKOGAMRTSKP-UHFFFAOYSA-N		-laner
5138	glucarpidase	9074-87-7			-ase
3678	apronal	528-92-7	KSUUMAWCGDNLFK-UHFFFAOYSA-N		
3446	undecylenic acid	112-38-9	FRPZMMHWLSIFAZ-UHFFFAOYSA-N		
3455	guanazodine	32059-15-7	ZCVAIGPGEINFCX-UHFFFAOYSA-N		guan-
1493	isoflurane	26675-46-7	PIWKPBJCKXDKJR-UHFFFAOYSA-N	OFP	-flurane
5554	haloxon	321-55-1	KULDXINYXFTXMO-UHFFFAOYSA-N		-fos
1009	enflurane	13838-16-9	JPGQOUSTVILISH-UHFFFAOYSA-N	OFM	-flurane
5548	gamithromycin	145435-72-9	VWAMTBXLZPEDQO-UZSBJOJWSA-N		-mycin
5625	thenium closylate	4304-40-9	QMAHSUSUOMSSBK-UHFFFAOYSA-M		-ium
2427	secnidazole	3366-95-8	KPQZUUQMTUIKBP-UHFFFAOYSA-N	OFP	-nidazole
5555	hemoglobin glutamer-200 (bovine)	192230-37-8			
3490	procymate	13931-64-1	IGISNRIWPJVXDB-UHFFFAOYSA-N		
194	amphenidone	134-37-2	ZVSGUZQJNXHNIL-UHFFFAOYSA-N		
1624	mafenide	138-39-6	TYMRLRRVMHJFTF-UHFFFAOYSA-N	OFP	sulfa-
5550	amphomycin	1402-82-0	XBNDESPXQUOOBQ-VFMQETIVSA-N		-mycin
497	carbimazole	22232-54-8	CFOYWRHIYXMDOT-UHFFFAOYSA-N		
1033	epomediol	56084-15-2	JSNQSLSBBZFGBM-UHFFFAOYSA-N		
752	cyclobutyrol	512-16-3	NIVFTEMPSCMWDE-UHFFFAOYSA-N		
485	capuride	5579-13-5	HLSLSXBFTXUKCY-UHFFFAOYSA-N		
162	aminitrozole	140-40-9	UJRRDDHEMZLWFI-UHFFFAOYSA-N		-rozole
201	amrinone	60719-84-8	RNLQIBCLLYYYFJ-UHFFFAOYSA-N	OFP	-rinone
3667	amanozine	537-17-7	YMFGJWGABDOFID-UHFFFAOYSA-N		
2216	pivagabine	69542-93-4	SRPNQDXRVRCTNK-UHFFFAOYSA-N		-gab-
5551	gleptoferron	57680-55-4	QPUPHFVWBIOERP-MXIFXDQUSA-M		
270	azelaic acid	123-99-9	BDJRBEYXGGNYIS-UHFFFAOYSA-N	OFP	
5552	grapiprant	415903-37-6	HZVLFTCYCLXTGV-UHFFFAOYSA-N		-piprant
2429	selegiline	14611-51-9	MEZLKOACVSPNER-GFCCVEGCSA-N	OFP	-giline
46	aceglutamide	2490-97-3	KSMRODHGGIIXDV-YFKPBYRVSA-N		-lutamide
3235	fluoresone	2924-67-6	PRNNIHPVNFPWAH-UHFFFAOYSA-N		
861	phenazone	60-80-0	VEQOALNAAJBPNY-UHFFFAOYSA-N		-azone
2288	promoxolane	470-43-9	HHFOOWPWAXNJNY-UHFFFAOYSA-N		
1161	fenproporex	16397-28-7	IQUFSXIQAFPIMR-UHFFFAOYSA-N		-orex
5553	halofuginone	55837-20-2	LVASCWIMLIKXLA-CABCVRRESA-N		
5129	alglucerase	143003-46-7			-ase
5556	hygromycin b	31282-04-9	GRRNUXAQVGOGFE-HUCHGKBZSA-N		-mycin
1117	etryptamine	2235-90-7	ZXUMUPVQYAFTLF-UHFFFAOYSA-N		
2792	unithiol	4076-02-2	JLVSRWOIZZXQAD-UHFFFAOYSA-N		
5557	amprolium	121-25-5	IPZFPROOBOUEIG-UHFFFAOYSA-N		-ium
5558	imepitoin	188116-07-6	IQHYCZKIFIHTAI-UHFFFAOYSA-N		-toin
5559	imidacloprid	138261-41-3	YWTYJOPNNQFBPC-UHFFFAOYSA-N		
5560	imidocarb	27885-92-3	SCEVFJUWLLRELN-UHFFFAOYSA-N		
2139	phensuximide	86-34-0	WLWFNJKHKGIJNW-UHFFFAOYSA-N	OFM	
2638	thiotepa	52-24-4	FOCVUCIESVLUNU-UHFFFAOYSA-N	OFP	-tepa
5563	apramycin	37321-09-8	XZNUGFQTQHRASN-XQENGBIVSA-N		-mycin
5633	tioxidazole	61570-90-9	HLLICFJUWSZHRJ-UHFFFAOYSA-N		-bendazole
628	chromocarb	4940-39-0	RVMGXWBCQGAWBR-UHFFFAOYSA-N		
3068	carglumic acid	1188-38-1	LCQLHJZYVOQKHU-VKHMYHEASA-N	OFP	
1954	nitroxoline	4008-48-4	RJIWZDNTCBHXAL-UHFFFAOYSA-N		-quine
1075	etamsylate	2624-44-4			
936	calcium dobesilate	20123-80-2			
2275	procodazole	23249-97-0	XYWJNTOURDMTPI-UHFFFAOYSA-N		
5564	laidlomycin propionate potassium	78734-47-1	WCKFMTGGCBJGEZ-GLQQXDFUSA-N		-mycin
5565	lasalocid	25999-31-9	BBMULGJBVDDDNI-OWKLGTHSSA-N		-sal-
884	dihydralazine	484-23-1	VQKLRVZQQYVIJW-UHFFFAOYSA-N		-dralazine
1506	isosorbide mononitrate	16051-77-7	YWXYYJSYQOXTPL-SLPGGIOYSA-N	OFP	-nit-
1418	idrocilamide	6961-46-2	OSCTXCOERRNGLW-UHFFFAOYSA-N		
5566	thiacetarsamide	531-72-6	YBQWEUNEYYXYOI-UHFFFAOYSA-N		
5567	lotilaner	1369852-71-0	HDKWFBCPLKNOCK-SFHVURJKSA-N	ONP	-laner
5568	lubabegron	391920-32-4	WIKLBKJBYSBYLL-QHCPKHFHSA-N		-begron
177	amiphenazole	490-55-1	UPOYFZYFGWBUKL-UHFFFAOYSA-N		
2122	phendimetrazine	634-03-7	MFOCDFTXLCYLKU-CMPLNLGQSA-N	OFP	-orex
3409	oxidronic acid	15468-10-7	HJZKOAYDRQLPME-UHFFFAOYSA-N		-dronic acid
666	citric acid	77-92-9	KRKNYBCHXYNGOX-UHFFFAOYSA-N	OFP	
3293	ibufenac	1553-60-2	CYWFCPPBTWOZSF-UHFFFAOYSA-N		-ac
5569	lufenuron	103055-07-8	PWPJGUXAGUPAHP-UHFFFAOYSA-N		
5572	marbofloxacin	115550-35-1	BPFYOAJNDMUVBL-UHFFFAOYSA-N		-oxacin
5570	luprostiol	67110-79-6	KFUDFIMHDRJVLV-OZCLATTGSA-N		-prost-
2686	tocainide	41708-72-9	BUJAGSGYPOAWEI-UHFFFAOYSA-N	OFM	-cain-
3033	bitoscanate	4044-65-9	OMWQUXGVXQELIX-UHFFFAOYSA-N		
5571	maduramicin	84878-61-5	RWVUEZAROXKXRT-VQLSFVLHSA-N		-micin
5638	sometribove	102744-97-8			som-
1309	glucuronamide	3789-97-7	VOIFKEWOFUNPBN-QIUUJYRFSA-N		
355	betamipron	3440-28-6	CWXYHOHYCJXYFQ-UHFFFAOYSA-N		
84	actarit	18699-02-0	MROJXXOCABQVEF-UHFFFAOYSA-N		-arit
3051	butamben	94-25-7	IUWVALYLNVXWKX-UHFFFAOYSA-N		-caine
5582	morantel	20574-50-9	NVEPPWDVLBMNMB-SNAWJCMRSA-N		-antel
5573	maropitant	147116-67-4	OMPCVMLFFSQFIX-CONSDPRKSA-N		-pitant
5574	atipamezole	104054-27-5	HSWPZIDYAHLZDD-UHFFFAOYSA-N		
3536	sabcomeline	159912-53-5	IQWCBYSUUOFOMF-QTLFRQQHSA-N		-meline
3699	camphotamide	4876-45-3			
3189	etafedrine	7681-79-0	IRVLBORJKFZWMI-UHFFFAOYSA-N		-drine
2589	temozolomide	85622-93-1	BPEGJWRSRHCHSN-UHFFFAOYSA-N	OFP	
165	aminohippuric acid	61-78-9	HSMNQINEKMPTIC-UHFFFAOYSA-N	OFM	
1015	enprofylline	41078-02-8	SIQPXVQCUCHWDI-UHFFFAOYSA-N		-fylline
2598	terbutaline	23031-25-6	XWTYSIMOBUGWOL-UHFFFAOYSA-N	OFP	-terol
463	caffeine	58-08-2	RYYVLZVUVIJVGH-UHFFFAOYSA-N	OFP	
3437	phenamine	103-97-9	LQJARUQXWJSDFL-UHFFFAOYSA-N		
160	aminoacridine	90-45-9	XJGFWWJLMVZSIG-UHFFFAOYSA-N		-crine
1374	hexylresorcinol	136-77-6	WFJIVOKAWHGMBH-UHFFFAOYSA-N		
3538	salamidacetic acid	25395-22-6	RLISWLLILOTWGG-UHFFFAOYSA-N		sal-
1669	meglumine antimonate	133-51-7			
3049	buramate	4663-83-6	YFLRYAVDPKONNX-UHFFFAOYSA-N		
5575	melarsomine	128470-15-5	MGEOLZFMLHYCFZ-UHFFFAOYSA-N		
5576	melengestrol acetate	2919-66-6	UDKABVSQKJNZBH-DWNQPYOZSA-N		-gest-
5577	metoserpate	1178-28-5	FPGCYQVKNKEGRQ-SXLQGMKLSA-N		-serpine
1792	metirosine	672-87-7	NHTGHBARYWONDQ-JTQLQIEISA-N	OFP	
3671	amisometradine	550-28-7	FXNYSZHYMGWWEZ-UHFFFAOYSA-N		
169	aminometradine	642-44-4	NGXUUAFYUCOICP-UHFFFAOYSA-N		
3818	pimeclone	534-84-9	PRFPQYGTPKDLHJ-UHFFFAOYSA-N		-clone
3544	selenomethionine	3211-76-5	RJFAYQIBOAGBLC-BYPYZUCNSA-N	OFM	
3264	gluconic acid	526-95-4	RGHNJXZEOKUKBD-SQOUGZDYSA-N		
5578	mibolerone	3704-09-4	PTQMMNYJKCSPET-OMHQDGTGSA-N		-bol-
5643	tylvalosin	63409-12-1	KCJJINQANFZSAM-HZDSEHBESA-N		
3061	bismuth camphocarbonate	18530-30-8	RFUOEEHKHNHYHG-KKIOWIMLSA-J		
739	creatinolfosfate	6903-79-3	FOIPWTMKYXWFGC-UHFFFAOYSA-N		-fos-
1567	levodopa	59-92-7	WTDRDQBEARUVNC-LURJTMIESA-N	OFP	-dopa
3208	ethylnorepinephrine	536-24-3	LENNRXOJHWNHSD-UHFFFAOYSA-N		
909	dimetofrine	22950-29-4	ZKGDBJAHIIXDDW-UHFFFAOYSA-N		-frine
3471	pildralazine	64000-73-3	KYIAWOXNPBANEW-UHFFFAOYSA-N		-dralazine
291	beclamide	501-68-8	JPYQFYIEOUVJDU-UHFFFAOYSA-N		
244	arsenic trioxide	1327-53-3	IKWTVSLWAPBBKU-UHFFFAOYSA-N	OFP	
1950	nitrofurazone	59-87-0	IAIWVQXQOWNYOU-FPYGCLRLSA-N	OFM	nitro-
1811	mimosine	500-44-7	WZNJWVWKTVETCG-YFKPBYRVSA-N		
1336	guaifenesin	93-14-1	HSRJKNPTNIJEKV-UHFFFAOYSA-N	OFP	
1740	metharbital	50-11-3	FWJKNZONDWOGMI-UHFFFAOYSA-N	OFM	-barb-
2551	tacrine	321-64-2	YLJREFDVOIBQDA-UHFFFAOYSA-N	OFM	-crine
5177	muromonab-CD3	140608-64-6			-nab-
5178	efmoroctocog alfa	1270012-79-7			-cog
1342	guanethidine	55-65-2	ACGDKVXYNVEAGU-UHFFFAOYSA-N	OFM	guan-
5579	milbemycin oxime	129496-10-2	CKVMAPHTVCTEMM-ALPQRHTBSA-N		
3411	oxophenarsine	538-03-4	KVGGQNNGLOIZSK-UHFFFAOYSA-N		
669	clavulanic acid	58001-44-8	HZZVJAQRINQKSD-PBFISZAISA-N	OFP	-bactam
873	diethylcarbamazine	90-89-1	RCKMWOKWVGPNJF-UHFFFAOYSA-N	OFM	
584	cevimeline	107233-08-9	WUTYZMFRCNBCHQ-UHFFFAOYSA-N	OFP	-meline
3801	octamylamine	502-59-0	RRWTWWBIHKIYTH-UHFFFAOYSA-N		
5580	monensin	17090-79-8	GAOZTHIDHYLHMS-KEOBGNEYSA-N		
2439	sevoflurane	28523-86-6	DFEYYRMXOJXZRJ-UHFFFAOYSA-N	OFP	-flurane
2577	tegafur-uracil	74578-38-4			-racil
1834	monobenzone	103-16-2	VYQNWZOUAUKGHI-UHFFFAOYSA-N	OFM	
3591	tetryzoline	84-22-0	BYJAVTDNIXVSPW-UHFFFAOYSA-N	OFP	-azoline
1655	medetomidine	86347-14-0	CUHVIMMYOGQXCV-UHFFFAOYSA-N		
835	dexmedetomidine	113775-47-6	CUHVIMMYOGQXCV-NSHDSACASA-N	OFP	
3110	clonitrate	2612-33-1	SUAJWTBTMNHVBZ-UHFFFAOYSA-N		-nit-
3066	carbaryl	63-25-2	CVXBEEMKQHEXEN-UHFFFAOYSA-N		
2621	thiabendazole	148-79-8	WJCNZQLZVWNLKY-UHFFFAOYSA-N	OFM	-bendazole
3298	indanazoline	40507-78-6	KUCWWEPJRBANHL-UHFFFAOYSA-N		-azoline
2476	spizofurone	72492-12-7	SETMGIIITGNLAS-UHFFFAOYSA-N		
153	amezinium metilsulfate	30578-37-1	VXROHTDSRBRJLN-UHFFFAOYSA-O		
874	diethylpropion	90-84-6	XXEPPPIWZFICOJ-UHFFFAOYSA-N	OFP	-orex
64	acetylcarnitine	3040-38-8	RDHQFKQIGNGIED-MRVPVSSYSA-N	OFP	
5150	chloramphenicol palmitate	530-43-8	PXKHGMGELZGJQE-ILBGXUMGSA-N	OFP	
1758	methsuximide	77-41-8	AJXPJJZHWIXJCJ-UHFFFAOYSA-N	OFP	
744	crotamiton	483-63-6	DNTGGZPQPQTDQF-UHFFFAOYSA-N	OFP	
5149	choriogonadotropin alfa	177073-44-8			
3485	sulfogaiacol	78247-49-1			
2780	tryptophan	73-22-3	QIVBCDIJIAJPQS-VIFPVBQESA-N		
1157	fenozolone	15302-16-6	RXOIEVSUURELPG-UHFFFAOYSA-N		-pred-
1088	ethotoin	86-35-1	SZQIFWWUIBRPBZ-UHFFFAOYSA-N	OFM	-toin
2739	tretamine	51-18-3	IUCJMVBFZDHPDX-UHFFFAOYSA-N		
1561	levamisole	14769-73-4	HLFSDGLLUJUHTE-SNVBAGLBSA-N	OFM	
1073	ethambutol	74-55-5	AEUTYOVWOVBAKS-UWVGGRQHSA-N	OFP	
2582	telmesteine	122946-43-4	XBJWOGLKABXFJE-YFKPBYRVSA-N		-steine
838	dexpanthenol	81-13-0	SNPLKNRPJHDVJA-ZETCQYMHSA-N	OFP	
2323	proxyphylline	603-00-9	KYHQZNGJUGFTGR-UHFFFAOYSA-N		-fylline
3621	trapidil	15421-84-8	GSNOZLZNQMLSKJ-UHFFFAOYSA-N		-dil
2126	phenformin	114-86-3	ICFJFFQQTFMIBG-UHFFFAOYSA-N		-formin
5583	narasin	55134-13-9	VHKXXVVRRDYCIK-CWCPJSEDSA-N		
5652	vatinoxan	114914-42-0	GTBKISRCRQUFNL-OXJNMPFZSA-N		-oxan
3088	tosylchloramide sodium	127-65-1	NXTVQNIVUKXOIL-UHFFFAOYSA-N		
1098	etidronic acid	2809-21-4	DBVJJBKOTRCVKF-UHFFFAOYSA-N	OFM	-dronic acid
3704	caroxazone	18464-39-6	KYCBWEZLKCTALM-UHFFFAOYSA-N		
2125	pheneturide	90-49-3	AJOQSQHYDOFIOX-UHFFFAOYSA-N		
3851	dexibuprofen	51146-56-6	HEFNNWSXXWATRW-JTQLQIEISA-N		-profen
1407	ibuprofen	15687-27-1	HEFNNWSXXWATRW-UHFFFAOYSA-N	OFP	-profen
3819	pivhydrazine	306-19-4	FWWDFDMCZLOXQI-UHFFFAOYSA-N		
2999	pyrantel	15686-83-6	YSAUAVHXTIETRK-AATRIKPKSA-N		-antel
1806	miglitol	72432-03-2	IBAQFPQHRJAVAV-ULAWRXDQSA-N	OFP	-gli-
3602	thurfyl nicotinate	70-19-9	RQAITHJHUFFEIV-UHFFFAOYSA-N		nico-
1332	guabenxan	19889-45-3	WTDYJDLUNYALPM-UHFFFAOYSA-N		guan-
3690	butacetin	2109-73-1	QTNZYVAMNRDUAD-UHFFFAOYSA-N		
636	ciclopirox	29342-05-0	SCKYRAXSEDYPSA-UHFFFAOYSA-N	OFP	-pirox
3340	meobentine	46464-11-3	SPLVKBMIQSSFFN-UHFFFAOYSA-N		
1863	nabumetone	42924-53-8	BLXXJMDCKKHMKV-UHFFFAOYSA-N	OFP	-nab-
122	allobarbital	52-43-7	FDQGNLOWMMVRQL-UHFFFAOYSA-N		-barb-
2166	pilocarpine	92-13-7	QCHFTSOMWOSFHM-WPRPVWTQSA-N	OFP	-pine
304	bendazol	621-72-7	YTLQFZVCLXFFRK-UHFFFAOYSA-N		
5585	avilamycin	11051-71-1	XIRGHRXBGGPPKY-OTPQUNEMSA-N		-mycin
5586	nicarbazin	330-95-0	UKHWDRMMMYWSFL-UHFFFAOYSA-N		
1397	oxyfenamate	50-19-1	WAFIYOULDIWAKR-UHFFFAOYSA-N		-fenamate
2277	proflavine	92-62-6	WDVSHHCDHLJJJR-UHFFFAOYSA-N		-crine
1814	minoxidil	38304-91-5	ZFMITUMMTDLWHR-UHFFFAOYSA-N	OFP	-dil
1168	fepradinol	36981-91-6	PVOOBRUZWPQOER-UHFFFAOYSA-N		
286	bamethan	3703-79-5	RDUHXGIIUDVSHR-UHFFFAOYSA-N		
2558	talipexole	101626-70-4	DHSSDEDRBUKTQY-UHFFFAOYSA-N		
2700	tolonidine	4201-22-3	KWBTZIFLQYYPTH-UHFFFAOYSA-N		-onidine
3433	phanquinone	84-12-8	VLPADTBFADIFKG-UHFFFAOYSA-N		
232	aprobarbital	77-02-1	UORJNBVJVRLXMQ-UHFFFAOYSA-N		-barb-
3681	benmoxin	7654-03-7	BEWNZPMDJIGBED-UHFFFAOYSA-N		-moxin
3369	naphazoline	835-31-4	CNIIGCLFLJGOGP-UHFFFAOYSA-N	OFP	-azoline
141	altretamine	645-05-6	UUVWYPNAQBNQJQ-UHFFFAOYSA-N	OFM	
3464	phosphocreatine	67-07-2	DRBBFCLWYRJSJZ-UHFFFAOYSA-N		
1919	nicorandil	65141-46-0	LBHIOVVIQHSOQN-UHFFFAOYSA-N		nico-
1762	methyldopa	555-30-6	CJCSPKMFHVPWAR-JTQLQIEISA-N	OFP	-dopa
1673	melevodopa	7101-51-1	XBBDACCLCFWBSI-ZETCQYMHSA-N		-dopa
2856	zalcitabine	7481-89-2	WREGKURFCTUGRC-POYBYMJQSA-N	OFM	-citabine
1809	milrinone	78415-72-2	PZRHRDRVRGEVNW-UHFFFAOYSA-N	OFP	-rinone
5587	nitenpyram	150824-47-8	CFRPSFYHXJZSBI-DHZHZOJOSA-N		
5588	norgestomet	25092-41-5	IWSXBCZCPVUWHT-VIFKTUCRSA-N		-gest-
1753	methoxamine	390-28-3	WJAJPNHVVFWKKL-UHFFFAOYSA-N	OFM	
1720	orciprenaline	586-06-1	LMOINURANNBYCM-UHFFFAOYSA-N	OFP	-terenol
1499	isoprenaline	7683-59-2	JWZZKOKVBUJMES-UHFFFAOYSA-N	OFP	-prenaline
914	dioxethedrin	497-75-6	OHDICGSRVLBVLC-UHFFFAOYSA-N		-drine
2808	varenicline	249296-44-4	JQSHBVHOMNKWFT-DTORHVGOSA-N	OFP	-nicline
2233	pramipexole	104632-26-0	FASDKYOPVNHBLU-ZETCQYMHSA-N	OFP	
5589	oclacitinib	1208319-26-9	HJWLJNBZVZDLAQ-HAQNSBGRNA-N		-citinib
5590	azaperone	1649-18-9	XTKDAFGWCDAMPY-UHFFFAOYSA-N		-perone
5591	orbifloxacin	113617-63-3	QIPQASLPWJVQMH-DTORHVGOSA-N		-oxacin
3707	chlorthenoxazine	132-89-8	YEKMWXFHPZBZLR-UHFFFAOYSA-N		
1664	mefenorex	17243-57-1	XXVROGAVTTXONC-UHFFFAOYSA-N		-orex
1141	felbinac	5728-52-9	QRZAKQDHEVVFRX-UHFFFAOYSA-N		-ac
5593	ormetoprim	6981-18-6	KEEYRKYKLYARHO-UHFFFAOYSA-N		-prim
5594	oxfendazole	53716-50-0	BEZZFPOZAYTVHN-UHFFFAOYSA-N		-bendazole
5595	oxibendazole	20559-55-1	RAOCRURYZCVHMG-UHFFFAOYSA-N		-bendazole
2872	zonisamide	68291-97-4	UBQNRHZMVUUOMG-UHFFFAOYSA-N	OFP	
1941	niridazole	61-57-4	RDXLYGJSWZYTFJ-UHFFFAOYSA-N		
335	benzyl benzoate	120-51-4	SESFRYSPDFLNCH-UHFFFAOYSA-N	OFM	
5597	phenothiazine	92-84-2	WJFKNYWRSNBZNX-UHFFFAOYSA-N		
5599	phosmet	732-11-6	LMNZTLDVJIUSHT-UHFFFAOYSA-N		
5600	pirlimycin	79548-73-5	HBJOXQRURQPDEX-MHXMMLMNSA-N		-mycin
5596	pegbovigrastim	1363409-60-2			-grastim
449	butobarbital	77-28-1	STDBAQMTJLUMFW-UHFFFAOYSA-N		-barb-
439	secbutabarbital	125-40-6	ZRIHAIZYIMGOAB-UHFFFAOYSA-N	OFM	-barb-
106	albutoin	830-89-7	RATGSRSDPNECNO-UHFFFAOYSA-N		-toin
971	droxidopa	23651-95-8	QXWYKJLNLSIPIN-JGVFFNPUSA-N	OFP	-dopa
3635	troxacitabine	145918-75-8	RXRGZNYSEHTMHC-BQBZGAKWSA-N		-citabine
3201	kainic acid	487-79-6	VLSMHEGGTFMBBZ-OOZYFLPDSA-N		
3539	salicylanilide	87-17-2	WKEDVNSFRWHDNR-UHFFFAOYSA-N		-oxanide
3379	benzyl nicotinate	94-44-0	KVYGGMBOZFWZBQ-UHFFFAOYSA-N		nico-
3462	phenyl salicylate	118-55-8	ZQBAKBUEJOMQEX-UHFFFAOYSA-N		
5602	poloxalene	691397-13-4			
5607	beta-aminopropionitrile	151-18-8	AGSPXMVUFBBBMO-UHFFFAOYSA-N		
5608	propionylpromazine	3568-24-9	ZQTVCQIJTREKSP-UHFFFAOYSA-N		
5609	prostalene	54120-61-5	GNIYHUSSKSFYBD-MFZPGRHISA-N		-prost-
2120	phenazopyridine	94-78-0	QPFYXYFORQJZEC-FOCLMDBBSA-N	OFM	
2258	prenalterol	57526-81-5	ADUKCCWBEDSMEB-NSHDSACASA-N		-terol
1339	guanadrel	40580-59-4	HPBNRIOWIXYZFK-UHFFFAOYSA-N	OFM	guan-
282	baclofen	1134-47-0	KPYSYYIEGFHWSV-UHFFFAOYSA-N	OFP	
714	clorprenaline	3811-25-4	SSMSBSWKLKKXGG-UHFFFAOYSA-N		-prenaline
611	chloroxine	773-76-2	WDFKMLRRRCGAKS-UHFFFAOYSA-N	OFM	
5670	decoquinate	18507-89-6	JHAYEQICABJSTP-UHFFFAOYSA-N		-quine
512	carmustine	154-93-8	DLGOEMSEDOSKAD-UHFFFAOYSA-N	OFP	-mustine
5664	clopidol	2971-90-6	ZDPIZLCVJAAHHR-UHFFFAOYSA-N		
5665	cloprostenol	40665-92-7	VJGGHXVGBSZVMZ-QIZQQNKQSA-N		-prost-
5666	clorsulon	60200-06-8	QOVTVIYTBRHADL-UHFFFAOYSA-N		
5667	coumafos	56-72-4	BXNANOICGRISHX-UHFFFAOYSA-N		-fos
156	amifostine	20537-88-6	JKOQGQFVAUAYPM-UHFFFAOYSA-N	OFP	-fos-
2497	sulfacetamide	144-80-9	SKIVFJLNDNKQPD-UHFFFAOYSA-N	OFP	sulfa-
2505	sulfaguanidine	57-67-0	BRBKOPJOKNSWSG-UHFFFAOYSA-N		sulfa-
3848	velnacrine	124027-47-0	HLVVITIHAZBPKB-UHFFFAOYSA-N		-crine
2151	fenyramidol	553-69-5	ZEAJXCPGHPJVNP-UHFFFAOYSA-N		-verine
901	dimenhydrinate	523-87-5			-fylline
695	clofibric acid	882-09-7	TXCGAZHTZHNUAI-UHFFFAOYSA-N		
2116	phenaglycodol	79-93-6	HTYIXCKSEQQCJO-UHFFFAOYSA-N		
2283	prolintane	493-92-5	OJCPSBCUMRIPFL-UHFFFAOYSA-N		
1871	naftazone	15687-37-3	TZGBBMBARSFJBG-UKTHLTGXSA-N		
3976	kinetin	525-79-1	QANMHLXAZMSUEX-UHFFFAOYSA-N		
2496	sulfacarbamide	547-44-4	WVAKABMNNSMCDK-UHFFFAOYSA-N		sulfa-
167	5-aminolevulinic acid hexyl ester	140898-97-1	RYQOILLJDKPETL-UHFFFAOYSA-N	OFP	
3620	tramazoline	1082-57-1	QQJLHRRUATVHED-UHFFFAOYSA-N		-azoline
451	butoctamide	32838-26-9	WTBQLHRVRKXSPX-UHFFFAOYSA-N		
5668	cythioate	115-93-5	BSBSDQUZDZXGFN-UHFFFAOYSA-N		
5669	danofloxacin	112398-08-0	QMLVECGLEOSESV-RYUDHWBXSA-N		-oxacin
5152	conestat alfa	80295-38-1			-stat-
1146	fencamfamin	1209-98-9	IKFBPFGUINLYQI-UHFFFAOYSA-N		
2649	tiamenidine	31428-61-2	CVWILQHZFWRYPB-UHFFFAOYSA-N		-nidine
3021	bergapten	484-20-8	BGEBZHIAGXMEMV-UHFFFAOYSA-N		
30	methoxsalen	298-81-7	QXKHYNVANLEOEG-UHFFFAOYSA-N	OFP	
381	bisorcic	39825-23-5	XUYANFPPYJSBPU-QMMMGPOBSA-N		-cic
3549	arsanilic acid	98-50-0	XKNKHVGWJDPIRJ-UHFFFAOYSA-N		
1313	glutethimide	77-21-4	JMBQKKAJIKAWKF-UHFFFAOYSA-N	OFM	
484	captopril	62571-86-2	FAKRSMQSSFJEIM-RQJHMYQMSA-N	OFP	-pril
4062	tinazoline	62882-99-9	JENBDJGHNIOHAJ-UHFFFAOYSA-N		-azoline
1244	fosfosal	6064-83-1	FFKUDWZICMJVPA-UHFFFAOYSA-N		fos-
3541	salicylsulfuric acid	89-45-2	MOODSJOROWROTO-UHFFFAOYSA-N		sal-
3624	triacetin	102-76-1	URAYPUMNDPQOKB-UHFFFAOYSA-N		
3815	heptobarbital	76-94-8	LSAOZCAKUIANSQ-UHFFFAOYSA-N		-barb-
2055	calcium pantothenate	79-83-4	GHOKWGTUZJEAQD-ZETCQYMHSA-N	OFM	
1704	meprobamate	57-53-4	NPPQSCRMBWNHMW-UHFFFAOYSA-N	OFP	-bamate
2267	primidone	125-33-7	DQMZLTXERSFNPB-UHFFFAOYSA-N	OFP	
1695	mephenytoin	50-12-4	GMHKMTDVRCWUDX-UHFFFAOYSA-N	OFM	-toin
4040	levocarnitine propionate	20064-19-1	UFAHZIUFPNSHSL-MRVPVSSYSA-O	OFP	
1722	metaxalone	1665-48-1	IMWZZHHPURKASS-UHFFFAOYSA-N	OFP	
81	aclatonium	55077-25-3	SRZGFCNCQUMTCP-UHFFFAOYSA-N		-ium
339	benzylthiouracil	6336-50-1	PNXBXCRWXNESOV-UHFFFAOYSA-N		-thiouracil
3225	fenoxazoline	4846-91-7	GFYSWQDCHLWRMQ-UHFFFAOYSA-N		-azoline
3638	uredepa	302-49-8	SPDZFJLQFWSJGA-UHFFFAOYSA-N		-tepa
221	aniracetam	72432-10-1	ZXNRTKGTQJPIJK-UHFFFAOYSA-N		-racetam
1760	dacisteine	18725-37-6	HSPYGHDTVQJUDE-LURJTMIESA-N		-steine
1807	miglustat	72599-27-0	UQRORFVVSGFNRO-UTINFBMNSA-N	OFP	-stat
126	alminoprofen	39718-89-3	FPHLBGOJWPEVME-UHFFFAOYSA-N		-profen
1997	ornidazole	16773-42-5	IPWKIXLWTCNBKN-UHFFFAOYSA-N		-nidazole
4006	oxitriptan	4350-09-8	LDCYZAJDBXYCGN-VIFPVBQESA-N		-triptan
638	cycloxilic acid	57808-63-6	VCZPUGSOJXZKIP-UHFFFAOYSA-N		
1578	lidamidine	66871-56-5	RRHJHSBDJDZUGL-UHFFFAOYSA-N		
447	butibufen	55837-18-8	UULSXYSSHHRCQK-UHFFFAOYSA-N		-bufen
2265	prilocaine	721-50-6	MVFGUOIZUNYYSO-UHFFFAOYSA-N	OFP	-caine
2117	phenamacide	31031-74-0	OVJJILSKYWXGBM-UHFFFAOYSA-N		
5671	altrenogest	850-52-2	VWAUPFMBXBWEQY-ANULTFPQSA-N		-gest-
5672	deracoxib	169590-41-4	WAZQAZKAZLXFMK-UHFFFAOYSA-N		-coxib
1411	ibuproxam	53648-05-8	BYPIURIATSUHDW-UHFFFAOYSA-N		
1119	exalamide	53370-90-4	CKSJXOVLXUMMFF-UHFFFAOYSA-N		
5673	deslorelin	57773-65-6	GJKXGJCSJWBJEZ-XRSSZCMZSA-N		-relin
5682	lutetium (177Lu) chloride	16434-14-3	AEDROEGYZIARPU-SUNKFXMWSA-K		
2272	procarbazine	671-16-9	CPTBDICYNRMXFX-UHFFFAOYSA-N	OFP	
3767	mecloralurea	1954-79-6	BULMIDNYAWYAMZ-UHFFFAOYSA-N		
591	chlorazanil	500-42-5	YRZQHIVOIFJEEE-UHFFFAOYSA-N		
3346	methiodal	143-47-5	RDFJFVXMRYVOAC-UHFFFAOYSA-N		-io-
898	dimecrotic acid	7706-67-4	VNLOISSPTMDCIF-SOFGYWHQSA-N		
2130	phenindione	83-12-5	NFBAXHOPROOJAW-UHFFFAOYSA-N	OFM	
1843	morinamide	952-54-5	GVTLAVKAVSKBKK-UHFFFAOYSA-N		
56	acetazolamide	59-66-5	BZKPWHYZMXOIDC-UHFFFAOYSA-N	OFP	
3793	nicametate	3099-52-3	JVWOCHRRAWHKLT-UHFFFAOYSA-N		nic-
3038	bromisoval	496-67-3	CMCCHHWTTBEZNM-UHFFFAOYSA-N		
5674	detomidine	76631-46-4	RHDJRPPFURBGLQ-UHFFFAOYSA-N		
5675	dexamethasone isonicotinate	2265-64-7	BQTXJHAJMDGOFI-NJLPOHDGSA-N		-methasone
1693	mephenoxalone	70-07-5	ZMNSRFNUONFLSP-UHFFFAOYSA-N		
3047	bufexamac	2438-72-4	MXJWRABVEGLYDG-UHFFFAOYSA-N		-ac
5387	teprotumumab	1036734-93-6			-umab
5685	darinaparsin	69819-86-9	JGDXFQORBMPJGR-YUMQZZPRSA-N		
5686	pimitespib	1260533-36-5	NVVPMZUGELHVMH-UHFFFAOYSA-N		-espib
2385	rimiterol	32953-89-2	IYMMESGOJVNCKV-UHFFFAOYSA-N		-terol
1074	etamivan	304-84-7	BQJODPIMMWWMFC-UHFFFAOYSA-N		
578	cerulenin	17397-89-6	GVEZIHKRYBHEFX-NQQPLRFYSA-N		
413	bucetin	1083-57-4	LIAWQASKBFCRNR-UHFFFAOYSA-N		
1126	fadrozole	102676-47-1	CLPFFLWZZBQMAO-UHFFFAOYSA-N		-rozole
1897	neostigmine	59-99-4	ALWKGYPQUAPLQC-UHFFFAOYSA-N	OFP	-stigmine
3616	toliprolol	2933-94-0	NXQMNKUGGYNLBY-UHFFFAOYSA-N		-olol
5310	condoliase	9024-13-9			-ase
5693	olutasidenib	1887014-12-1	NEQYWYXGTJDAKR-JTQLQIEISA-N	ONP	-sidenib
5701	linzagolix	935283-04-8	BMAAMIIYNNPHAB-UHFFFAOYSA-N		-golix
3606	tigloidine	495-83-0	UVHGSMZRSVGWDJ-WJKWMCMVSA-N		-trop-
5699	vutrisiran	1867157-35-4			-siran
414	bucillamine	65002-17-7	VUAFHZCUKUDDBC-BYPYZUCNSA-N		
3795	nifuradene	555-84-0	VSVAVMVWTLLTCH-BJMVGYQFSA-N		nifur-
2478	stavudine	3056-17-5	XNKLLVCARDGLGL-JGVFFNPUSA-N	OFM	-vudine
1107	etofylline	519-37-9	NWPRCRWQMGIBOT-UHFFFAOYSA-N		-fylline
3849	vinbarbital	125-42-8	RAFOHKSPUDGZPR-UHFFFAOYSA-N		-barb-
3448	enallylpropymal	1861-21-8	AXJXURWWUFZZKN-UHFFFAOYSA-N		-barb-
3380	nifenalol	7413-36-7	UAORFCGRZIGNCI-UHFFFAOYSA-N		-alol
2829	vinylbital	2430-49-1	KGKJZEKQJQQOTD-UHFFFAOYSA-N		-barb-
2556	talbutal	115-44-6	BJVVMKUXKQHWJK-UHFFFAOYSA-N	OFM	-barb-
441	butalbital	77-26-9	UZVHFVZFNXBMQJ-UHFFFAOYSA-N	OFP	-barb-
5694	adagrasib	2326521-71-3	PEMUGDMSUDYLHU-ZEQRLZLVSA-N	ONP	-rasib
1257	furazolidone	67-45-8	PLHJDBGFXBMTGZ-UHFFFAOYSA-N	OFM	
5695	xenon (129Xe) hyperpolarized	13965-99-6			
5696	anacaulase				-ase
212	ancitabine	31698-14-3	BBDAGFIXKZCXAH-CCXZUQQUSA-N		-citabine
85	acyclovir	59277-89-3	MKUXAQIIEYXACX-UHFFFAOYSA-N	OFP	-ciclovir
1692	mephenesin carbamate	533-06-2	KRPAJLYSLFNDOA-UHFFFAOYSA-N		-bamate
3166	drometrizole	2440-22-4	MCPKSFINULVDNX-UHFFFAOYSA-N		
3316	lefetamine	7262-75-1	YEJZJVJJPVZXGX-MRXNPFEDSA-N		
226	dithranol	1143-38-0	NUZWLKWWNNJHPT-UHFFFAOYSA-N		
2322	proxibarbal	2537-29-3	VNLMRPAWAMPLNZ-UHFFFAOYSA-N		-barb-
496	carbidopa	28860-95-9	TZFNLOMSOLWIDK-JTQLQIEISA-N	OFP	-dopa
1938	nimorazole	6506-37-2	MDJFHRLTPRPZLY-UHFFFAOYSA-N		-nidazole
2095	pentobarbital	76-74-4	WEXRUCMBJFQVBZ-UHFFFAOYSA-N	OFP	-barb-
184	amobarbital	57-43-2	VIROVYVQCGLCII-UHFFFAOYSA-N		-barb-
1791	metyrapone	54-36-4	FJLBFSROUSIWMA-UHFFFAOYSA-N	OFP	
3773	methallatal	115-56-0	XMQICEWOKPEQRG-UHFFFAOYSA-N		
790	decitabine	2353-33-5	XAUDJQYHKZQPEU-KVQBGUIXSA-N	OFP	-citabine
745	crotetamide	6168-76-9	LSAMUAYPDHUBQD-RMKNXTFCSA-N		
2206	pirlindole	60762-57-4	IWVRVEIKCBFZNF-UHFFFAOYSA-N		
107	alclofenac	22131-79-9	ARHWPKZXBHOEEE-UHFFFAOYSA-N		-ac
1952	glyceryl trinitrate	55-63-0	SNIOPGDIGTZGOP-UHFFFAOYSA-N	OFP	nitro-
3736	diphenan	101-71-3	ZBJBRUSGEJORQL-UHFFFAOYSA-N		
764	cyprodenate	15585-86-1	MPOYJPINNSIHAK-UHFFFAOYSA-N		
3043	buclosamide	575-74-6	ZGJHIFYEQJEUKA-UHFFFAOYSA-N		
5183	olaratumab	1024603-93-7			-umab
5704	lenacapavir	2189684-44-2	BRYXUCLEHAUSDY-WEWMWRJBSA-N	ONP	-vir
2782	tulobuterol	41570-61-0	YREYLAVBNPACJM-UHFFFAOYSA-N		-buterol
3095	chlorquinaldol	72-80-0	GPTXWRGISTZRIO-UHFFFAOYSA-N		-quine
2074	pemirolast	69372-19-6	HIANJWSAHKJQTH-UHFFFAOYSA-N	OFM	-ast
3450	guaiacol benzoate	531-37-3	IZYQCDNLUPLXOO-UHFFFAOYSA-N		
3412	oxybenzone	131-57-7	DXGLGDHPHMLXJC-UHFFFAOYSA-N	OFM	
2759	trioxsalen	3902-71-4	FMHHVULEAZTJMA-UHFFFAOYSA-N	OFM	
2043	ozagrel	82571-53-7	SHZKQBHERIJWAO-AATRIKPKSA-N		-grel
5066	tenecteplase	191588-94-0			-ase
4986	pegfilgrastim	208265-92-3			-grastim
5070	asparaginase	9015-68-3			-ase
1432	indalpine	63758-79-2	SADQVAVFGNTEOD-UHFFFAOYSA-N		-pine
1158	fenpentadiol	15687-18-0	SNJDSTGQYRTZJT-UHFFFAOYSA-N		
3547	silver picrate	146-84-9			
2143	fenamisal	133-11-9	DNVVZWSVACQWJE-UHFFFAOYSA-N	OFM	-sal-
1490	isocarboxazid	59-63-2	XKFPYPQQHFEXRZ-UHFFFAOYSA-N	OFP	
2000	osalmid	526-18-1	LGCMKPRGGJRYGM-UHFFFAOYSA-N		-sal-
3255	furonazide	3460-67-1	GNDPAVKYAUIVEB-NTEUORMPSA-N		
1539	lamivudine	134678-17-4	JTEGQNOMFQHVDC-NKWVEPMBSA-N	OFP	-vudine
3752	furfenorex	13445-60-8	DLGIIZAHQPTVCJ-UHFFFAOYSA-N		-orex
2289	pronetalol	54-80-8	HRSANNODOVBCST-UHFFFAOYSA-N		-alol
5071	necitumumab	906805-06-9			-umab
5072	elotuzumab	915296-00-3			-zumab
4987	filgrastim	121181-53-1			-grastim
2735	triclofos	306-52-5	YYQRGCZGSFRBAM-UHFFFAOYSA-N	OFM	-fos-
158	amiloride	2609-46-3	XSDQTOBWRPYKKA-UHFFFAOYSA-N	OFP	-loride
704	clonidine	4205-90-7	GJSURZIOUXUGAL-UHFFFAOYSA-N	OFP	-onidine
1883	naproxen	22204-53-1	CMWTZPSULFXXJA-VIFPVBQESA-N	OFP	
1150	fenfluramine	458-24-2	DBGIVFWFUFKIQN-UHFFFAOYSA-N	ONP	-orex
5049	asfotase alfa	1174277-80-5			-ase
2309	propyphenazone	479-92-5	PXWLVJLKJGVOKE-UHFFFAOYSA-N		-azone
1406	ibudilast	50847-11-5	ZJVFLBOZORBYFE-UHFFFAOYSA-N		-ast
854	diazoxide	364-98-7	GDLBFKVLRPITMI-UHFFFAOYSA-N	OFP	-tizide
3952	guanabenz	5051-62-7	WDZVGELJXXEGPV-YIXHJXPBSA-N	OFM	guan-
1735	methaniazide	13447-95-5	GQZQCROBCYNTMU-UHFFFAOYSA-N		
5050	astodrimer	1379746-42-5			-drimer
832	dexfenfluramine	3239-44-9	DBGIVFWFUFKIQN-VIFPVBQESA-N		-orex
1435	indeloxazine	60929-23-9	MADRVGBADLFHMO-UHFFFAOYSA-N		
171	aminophenazone	58-15-1	RMMXTBMQSGEXHJ-UHFFFAOYSA-N		-azone
3567	sulfathiourea	515-49-1	UEMLYRZWLVXWRU-UHFFFAOYSA-N		sulfa-
1039	eptazocine	72522-13-5	ZOWQTJXNFTWSCS-IAQYHMDHSA-N		-azocine
3796	nifurprazine	1614-20-6	XDWLRMBWIWKFNC-HNQUOIGGSA-N		nifur-
2134	phenobarbital	50-06-6	DDBREPKUVSBGFI-UHFFFAOYSA-N	OFP	-barb-
1875	nalidixic acid	389-08-2	MHWLWQUZZRMNGJ-UHFFFAOYSA-N	OFM	-oxacin
2691	todralazine	14679-73-3	WGZDBVOTUVNQFP-UHFFFAOYSA-N		-dralazine
5051	collagenase	9001-12-1			-ase
1644	mebutamate	64-55-1	LEROTMJVBFSIMP-UHFFFAOYSA-N	OFM	-bamate
1828	mofebutazone	2210-63-1	REOJLIXKJWXUGB-UHFFFAOYSA-N		-butazone
1672	melatonin	73-31-4	DRLFMBDRBRZALE-UHFFFAOYSA-N		
5708	bexagliflozin	1118567-05-7	BTCRKOKVYTVOLU-SJSRKZJXSA-N	ONP	-gliflozin
5709	pirtobrutinib	2101700-15-4	FWZAWAUZXYCBKZ-NSHDSACASA-N	ONP	-brutinib
164	aminoglutethimide	125-84-8	ROBVIMPUHSLWNV-UHFFFAOYSA-N	OFM	
3512	pyrrocaine	2210-77-7	OYCGKECKIVYHTN-UHFFFAOYSA-N		-caine
1369	hexobarbital	56-29-1	UYXAWHWODHRRMR-UHFFFAOYSA-N		-barb-
3445	tymazoline	24243-97-8	QRORCRWSRPKEHR-UHFFFAOYSA-N		
3629	symclosene	87-90-1	YRIZYWQGELRKNT-UHFFFAOYSA-N		
77	acitazanolast	114607-46-4	VWQZJJZGISNFOE-UHFFFAOYSA-N		-ast
2492	sulbactam	68373-14-8	FKENQMMABCRJMK-RITPCOANSA-N	OFP	-bactam
3511	pyrovalerone	3563-49-3	SWUVZKWCOBGPTH-UHFFFAOYSA-N		
3280	hopantenic acid	18679-90-8	SBBDHANTMHIRGW-QMMMGPOBSA-N		
3319	levofacetoperane	24558-01-8	BKPLVPRTTWIDNL-ZIAGYGMSSA-N		
1767	methylphenidate	113-45-1	DUGOZIWVEXMGBE-UHFFFAOYSA-N	OFP	
836	dexmethylphenidate	40431-64-9	DUGOZIWVEXMGBE-CHWSQXEVSA-N	OFP	
1706	meptazinol	54340-58-8	JLICHNCFTLFZJN-UHFFFAOYSA-N		
3689	bropirimine	56741-95-8	CIUUIPMOFZIWIZ-UHFFFAOYSA-N		
1596	lomustine	13010-47-4	GQYIWUVLTXOXAJ-UHFFFAOYSA-N	OFP	-mustine
2382	riluzole	1744-22-5	FTALBRSUTCGOEG-UHFFFAOYSA-N	OFP	
3723	cyclopentobarbital	76-68-6	XOVJAYNMQDTIJD-UHFFFAOYSA-N		-barb-
1029	epirizole	18694-40-1	RHAXSHUQNIEUEY-UHFFFAOYSA-N		
1746	metisazone	1910-68-5	DLGSOJOOYHWROO-UHFFFAOYSA-N		-vir-
3364	monoctanoin	502-54-5	GHBFNMLVSPCDGN-UHFFFAOYSA-N	OFM	
2480	stiripentol	49763-96-4	IBLNKMRFIPWSOY-UHFFFAOYSA-N	OFP	
3393	octacaine	13912-77-1	HKOURKRGAFKVFP-UHFFFAOYSA-N		-caine
1579	lidocaine	137-58-6	NNJVILVZKWQKPM-UHFFFAOYSA-N	OFP	-caine
2467	sparteine	90-39-1	SLRCCWJSBJZJBV-ZQDZILKHSA-N		
2048	pamidronic acid	40391-99-9	WRUUGTRCQOWXEG-UHFFFAOYSA-N	OFP	-dronic acid
2569	taurosteine	124066-33-7	JJXDGYJCYKWEAI-UHFFFAOYSA-N		-steine
3770	meprylcaine	495-70-5	VXJABHHJLXLNMP-UHFFFAOYSA-N		-caine
206	amylocaine	644-26-8	FDMBBCOBEAVDAO-UHFFFAOYSA-N		-caine
2631	thioacetazone	104-06-3	SRVJKTDHMYAMHA-UHFFFAOYSA-N		
265	azapetine	146-36-1	NYGHGTMKALXFIA-UHFFFAOYSA-N		
2270	procainamide	51-06-9	REQCZEXYDRLIBE-UHFFFAOYSA-N	OFP	-cain-
3817	picilorex	62510-56-9	PZJBWSQQDMRZHY-UHFFFAOYSA-N		-orex
1505	isosorbide dinitrate	87-33-2	MOYKHGMNXAOIAT-JGWLITMVSA-N	OFP	-nit-
869	didanosine	69655-05-6	BXZVVICBKDXVGW-NKWVEPMBSA-N	OFM	-vir-
750	cyclobarbital	52-31-3	WTYGAUXICFETTC-UHFFFAOYSA-N		-barb-
489	carbamazepine	298-46-4	FFGPTBGBLSHEPO-UHFFFAOYSA-N	OFP	-zepine
1741	methazolamide	554-57-4	FLOSMHQXBMRNHR-UHFFFAOYSA-N	OFP	
3665	allocupreide sodium	5965-40-2			
2862	zileuton	111406-87-2	MWLSOWXNZPKENC-UHFFFAOYSA-N	OFP	-leuton
967	dropropizine	17692-31-8	PTVWPYVOOKLBCG-UHFFFAOYSA-N		-izine
3053	butethamine	2090-89-3	WDICTQVBXKADBP-UHFFFAOYSA-N		
5710	elacestrant	722533-56-4	SIFNOOUKXBRGGB-AREMUKBSSA-N	ONP	-estrant
5711	sparsentan	254740-64-2	WRFHGDPIDHPWIQ-UHFFFAOYSA-N	ONP	-entan
2271	procaine	59-46-1	MFDFERRIHVXMIY-UHFFFAOYSA-N	OFM	-caine
1568	levodropropizine	99291-25-5	PTVWPYVOOKLBCG-ZDUSSCGKSA-N		-izine
3701	carbocloral	541-79-7	ITMSAWKLJVGBIT-UHFFFAOYSA-N		
3152	dimethicone	9006-65-9			
504	carbromal	77-65-6	OPNPQXLQERQBBV-UHFFFAOYSA-N		
145	ambazone	539-21-9	MLMFUKWWZIZRHX-UWRPRBHNSA-N		
5712	omaveloxolone	1474034-05-3	RJCWBNBKOKFWNY-IDPLTSGASA-N	ONP	-olone
5715	leniolisib	1354690-24-6	MWKYMZXCGYXLPL-ZDUSSCGKSA-N	ONP	-lisib
2820	viloxazine	46817-91-8	YWPHCCPCQOJSGZ-UHFFFAOYSA-N	OFP	-ine
3479	piroctone	50650-76-5	OIQJEQLSYJSNDS-UHFFFAOYSA-N		
3741	etifelmine	341-00-4	WNKCJOWTKXGERE-UHFFFAOYSA-N		
1523	ketamine	6740-88-1	YQEZLKZALYSWHR-UHFFFAOYSA-N	OFP	
5025	sargramostim	123774-72-1			-gramostim
5026	oprelvekin	145941-26-0			-elvekin
2662	tilbroquinol	7175-09-9	JMOVFFLYGIQXMM-UHFFFAOYSA-N		-quine
1949	nitrofurantoin	67-20-9	NXFQHRVNIOXGAQ-YCRREMRBSA-N	OFP	nitro-
5716	rezafungin	1396640-59-7	LNFCWEXGZIEGJW-TXSVMFMRSA-O	ONP	-fungin
3534	rufinamide	106308-44-5	POGQSBRIGCQNEG-UHFFFAOYSA-N	OFP	
49	acefylline	652-37-9	HCYFGRCYSCXKNQ-UHFFFAOYSA-N		-fylline
649	cinametic acid	35703-32-3	YNUMZJCKFQVSRH-HWKANZROSA-N		
3387	pronilide	553-20-8	OPTZOXDYEFIPJZ-UHFFFAOYSA-N		
1140	felbamate	25451-15-4	WKGXYQFOCVYPAC-UHFFFAOYSA-N	OFP	-bamate
3792	nealbarbital	561-83-1	YHKPTICJRUESOY-UHFFFAOYSA-N		-barb-
2428	secobarbital	76-73-3	KQPKPCNLIDLUMF-UHFFFAOYSA-N	OFM	-barb-
1958	nomifensine	24526-64-5	XXPANQJNYNUNES-UHFFFAOYSA-N		-fensine
1719	metapramine	21730-16-5	YXVZOBVWVRFPTE-UHFFFAOYSA-N		-pramine
1182	flosequinan	76568-02-0	UYGONJYYUKVHDD-UHFFFAOYSA-N		
1002	emorfazone	38957-41-4	URJQOOISAKEBKW-UHFFFAOYSA-N		-orphan-
3981	levomoprolol	77164-20-6	LFTFGCDECFPSQD-NSHDSACASA-N		-olol
1839	moprolol	5741-22-0	LFTFGCDECFPSQD-UHFFFAOYSA-N		-olol
1575	levosalbutamol	34391-04-3	NDAUXUAQIAJITI-LBPRGKRZSA-N	OFP	-terol
1429	imiquimod	99011-02-6	DOUYETYNHWVLEO-UHFFFAOYSA-N	OFP	-imod
1491	isoetarine	530-08-5	HUYWAWARQUIQLE-UHFFFAOYSA-N	OFM	-terol
105	salbutamol	18559-94-9	NDAUXUAQIAJITI-UHFFFAOYSA-N	OFP	-terol
329	benzphetamine	156-08-1	YXKTVDFXDRQTKV-HNNXBMFYSA-N	OFP	
435	bupropion	34911-55-2	SNPPWIUOZRMYNY-UHFFFAOYSA-N	OFP	-orex
421	budralazine	36798-79-5	DQGFCLJXYFXXIJ-UHFFFAOYSA-N		-dralazine
3125	dantron	117-10-2	QBPFLULOKWLNNW-UHFFFAOYSA-N		
1194	fluindione	957-56-2	NASXCEITKQITLD-UHFFFAOYSA-N		
3656	xenbucin	959-10-4	IYEPZNKOJZOGJG-UHFFFAOYSA-N		
3840	tetrabarbital	76-23-3	ZLUNGGZJSQDFPH-UHFFFAOYSA-N		-barb-
2199	pirbuterol	38677-81-5	VQDBNKDJNJQRDG-UHFFFAOYSA-N	OFM	-buterol
2203	piridoxilate	24340-35-0			
3054	buthalital	468-65-5	QHJOIAXHOQIPJT-UHFFFAOYSA-N		-barb-
743	cropropamide	633-47-6	CYZWCBZIBJLKCV-RMKNXTFCSA-N		-pamide
2132	pheniramine	86-21-5	IJHNSHDBIRRJRN-UHFFFAOYSA-N	OFP	
218	anethole trithione	532-11-6	KYLIZBIRMBGUOP-UHFFFAOYSA-N		
3601	thiram	137-26-8	KUAZQDVKQLNFPE-UHFFFAOYSA-N		
1747	methocarbamol	532-03-6	GNXFOGHNGIVQEH-UHFFFAOYSA-N	OFP	
2418	salinazid	495-84-1	VBIZUNYMJSPHBH-OQLLNIDSSA-N		sal-
2612	sapropterin	62989-33-7	FNKQXYHWGSIFBK-RPDRRWSUSA-N	OFP	-opterin
155	amidefrine	37571-84-9	ZHOWHMXTJFZXRB-UHFFFAOYSA-N		-frine
3176	enfenamic acid	23049-93-6	HLNLBEFKHHCAMV-UHFFFAOYSA-N		-fenamic acid
1663	mefenamic acid	61-68-7	HYYBABOKPJLUIN-UHFFFAOYSA-N	OFP	-fenamic acid
1856	moxonidine	75438-57-2	WPNJAUFVNXKLIM-UHFFFAOYSA-N		-onidine
3794	nidroxyzone	405-22-1	FJVAAURIDNIYAE-BJMVGYQFSA-N		nifur-
328	benzoyl peroxide	94-36-0	OMPJBNCRMGITSC-UHFFFAOYSA-N	OFP	
3359	mexenone	1641-17-4	MJVGBKJNTFCUJM-UHFFFAOYSA-N		
1154	fenoprofen	29679-58-1	RDJGLLICXDHJDY-UHFFFAOYSA-N	OFP	-profen
1498	isonixin	57021-61-1	WJDDCFNFNAHLAF-UHFFFAOYSA-N		-nixin
2633	thiopental	76-75-5	IUJDSEJGGMCXSG-UHFFFAOYSA-N	OFM	-barb-
3570	methylsulfonal	76-20-0	LKACJLUUJRMGFK-UHFFFAOYSA-N		
3163	dixanthogen	502-55-6	FVIGODVHAVLZOO-UHFFFAOYSA-N		
694	clofibrate	637-07-0	KNHUKKLJHYUCFP-UHFFFAOYSA-N	OFM	-fibrate
1479	iproclozide	3544-35-2	GGECDTUJZOXAAR-UHFFFAOYSA-N		
770	cytarabine	147-94-4	UHDGCWIWMRVCDJ-CCXZUQQUSA-N	OFP	-citabine
3582	taribavirin	119567-79-2	NHKZSTHOYNWEEZ-AFCXAGJDSA-N		-vir-
1831	molsidomine	25717-80-0	XLFWDASMENKTKL-NTMALXAHSA-N		
99	agomelatine	138112-76-2	YJYPHIXNFHFHND-UHFFFAOYSA-N		
1251	frovatriptan	158747-02-5	XPSQPHWEGNHMSK-SECBINFHSA-N	OFP	-triptan
2121	phencyclidine	77-10-1	JTJMJGYZQZDUJJ-UHFFFAOYSA-N		-clidine
944	domiodol	61869-07-6	NEIPZWZQHXCYDV-UHFFFAOYSA-N		
5724	valemetostat	1809336-39-7	SSDRNUPMYCFXGM-UYPAYLBCSA-N		-metostat
2373	ribavirin	36791-04-5	IWUCXVSUMQZMFG-AFCXAGJDSA-N	OFP	-vir-
25	azacitidine	320-67-2	NMUSYJAQQFHJEW-KVTDHHQDSA-N	OFP	-citabine
3159	dioxybenzone	131-53-3	MEZZCSHVIGVWFI-UHFFFAOYSA-N		
3810	phenallymal	115-43-5	WOIGZSBYKGQJGL-UHFFFAOYSA-N		
1219	flurbiprofen	5104-49-4	SYTBZMRGLBWNTM-UHFFFAOYSA-N	OFP	-profen
2164	pidotimod	121808-62-6	UUTKICFRNVKFRG-WDSKDSINSA-N		-imod
1109	etomidate	33125-97-2	NPUKDXXFDDZOKR-LLVKDONJSA-N	OFP	
373	biotin	58-85-5	YBJHBAHKTGYVGT-ZKWXMUAHSA-N	OFP	
3658	xylometazoline	526-36-3	HUCJFAOMUPXHDK-UHFFFAOYSA-N		-azoline
1487	isoaminile	77-51-0	WFLSCFISQHLEED-UHFFFAOYSA-N		
690	clodronic acid	10596-23-3	ACSIXWWBWUQEHA-UHFFFAOYSA-N		-dronic acid
2173	pinacidil	60560-33-0	IVVNZDGDKPTYHK-UHFFFAOYSA-N	OFM	-dil
229	apraclonidine	66711-21-5	IEJXVRYNEISIKR-UHFFFAOYSA-N	OFP	-onidine
3337	menadoxime	573-01-3	JBOOHWBSLUXBQW-SDNWHVSQSA-N		
3517	ramifenazone	3615-24-5	XOZLRRYPUKAKMU-UHFFFAOYSA-N		-azone
2023	oxolamine	959-14-8	IDCHQQSVJAAUQQ-UHFFFAOYSA-N		
5772	telisotuzumab vedotin				-zumab
3297	inaperisone	99323-21-4	VNFAARJCGSAROU-UHFFFAOYSA-N		
2703	tolperisone	728-88-1	FSKFPVLPFLJRQB-UHFFFAOYSA-N		
847	dezocine	53648-55-8	VTMVHDZWSFQSQP-VBNZEHGJSA-N	OFM	
614	chlorphenesin carbamate	886-74-8	SKPLBLUECSEIFO-UHFFFAOYSA-N	OFM	-bamate
5725	foscarbidopa	1907685-81-7	PQUZXFMHVSMUNG-JTQLQIEISA-N	ONP	-dopa
5726	foslevodopa	97321-87-4	YNDMEEULGSTYJT-LURJTMIESA-N	ONP	-dopa
5727	ensitrelvir	2647530-73-0	QMPBBNUOBOFBFS-UHFFFAOYSA-N	ONP	-vir
1343	guanfacine	29110-47-2	INJOMKTZOLKMBF-UHFFFAOYSA-N	OFP	guan-
1184	floxuridine	50-91-9	ODKNJVUHOIMIIZ-RRKCRQDMSA-N	OFP	-uridine
958	doxifluridine	3094-09-5	ZWAOHEXOSAUJHY-ZIYNGMLESA-N		-uridine
3382	nifurpirinol	13411-16-0	JQKHJQJVKRFMCO-SNAWJCMRSA-N		nifur-
264	azanidazole	62973-76-6	LHIALLMPKJMSIQ-NSCUHMNNSA-N		-nidazole
1696	methylphenobarbital	115-38-8	ALARQZQTBTVLJV-UHFFFAOYSA-N		-barb-
1615	loxoprofen	68767-14-6	YMBXTVYHTMGZDW-UHFFFAOYSA-N		-profen
1483	irofulven	158440-71-2	NICJCIQSJJKZAH-AWEZNQCLSA-N		-fulven
1690	pethidine	57-42-1	XADCESSVHJOZHK-UHFFFAOYSA-N	OFP	-eridine
438	busulfan	55-98-1	COVZYZSDYWQREU-UHFFFAOYSA-N	OFP	-sulfan
3418	parsalmide	30653-83-9	DXHYQIJBUNRPJT-UHFFFAOYSA-N		-sal-
3376	nefiracetam	77191-36-7	NGHTXZCKLWZPGK-UHFFFAOYSA-N		-racetam
1808	milnacipran	92623-85-3	GJJFMKBJSRMPLA-UHFFFAOYSA-N	OFP	
1700	mepivacaine	96-88-8	INWLQCZOYSRPNW-UHFFFAOYSA-N	OFP	-caine
1345	guanoxabenz	24047-25-4	QKIQJNNDIWGVEH-UHFFFAOYSA-N		guan-
3506	pyridoxal phosphate	54-47-7	NGVDGCNFYWLIFO-UHFFFAOYSA-N		
1003	emtricitabine	143491-57-0	XQSPYNMVSIKCOC-NTSWFWBYSA-N	OFP	-citabine
2671	tinidazole	19387-91-8	HJLSLZFTEKNLFI-UHFFFAOYSA-N	OFP	-nidazole
3908	ciclonicate	53449-58-4	GQSGZTBDVNUIQS-DGCLKSJQSA-N		-nicate
1526	ketobemidone	469-79-4	ALFGKMXHOUSVAD-UHFFFAOYSA-N		
1436	indenolol	60607-68-3			-olol
3694	butidrine	1506-12-3	GVNYSERWAKVROD-UHFFFAOYSA-N		-drine
5732	flotufolastat f-18 gallium	2305081-64-3	OJPQWJNFDOFXTN-WRFPGERRSA-K		-folastat
2744	triflusal	322-79-2	RMWVZGDJPAKBDE-UHFFFAOYSA-N		-sal
1946	nitrefazole	21721-92-6	NMTBSNPBIGRZBL-UHFFFAOYSA-N		nitr-
72	acetylpheneturide	13402-08-9	GBPZSCQLDXUGNO-UHFFFAOYSA-N		
1014	enoximone	77671-31-9	ZJKNESGOIKRXQY-UHFFFAOYSA-N		
782	dapsone	80-08-0	MQJKPEGWNLWLTK-UHFFFAOYSA-N	OFP	-dapsone
3477	piridocaine	87-21-8	BMIJYAZXNZEMLI-UHFFFAOYSA-N		-caine
2176	pindolol	13523-86-9	JZQKKSLKJUAGIC-UHFFFAOYSA-N	OFP	-olol
430	bunitrolol	34915-68-9	VCVQSRCYSKKPBA-UHFFFAOYSA-N		-olol
3633	trimecaine	616-68-2	GOZBHBFUQHMKQB-UHFFFAOYSA-N		-caine
2332	pyrimethamine	58-14-0	WKSAUQYGYAYLPV-UHFFFAOYSA-N	OFP	
112	alendronic acid	66376-36-1	OGSPWJRAVKPPFI-UHFFFAOYSA-N	OFP	-dronic acid
3101	cinchophen	132-60-5	YTRMTPPVNRALON-UHFFFAOYSA-N		-quine
2524	sulfapyridine	144-83-2	GECHUMIMRBOMGK-UHFFFAOYSA-N	OFM	sulfa-
1041	erdosteine	84611-23-4	QGFORSXNKQLDNO-UHFFFAOYSA-N		-steine
1027	epinastine	80012-43-7	WHWZLSFABNNENI-UHFFFAOYSA-N	OFP	-astine
3986	mabuprofen	82821-47-4	JVGUNCHERKJFCM-UHFFFAOYSA-N		-profen
5737	palovarotene	410528-02-8	YTFHCXIPDIHOIA-DHZHZOJOSA-N	ONP	-arotene
3713	ciramadol	63269-31-8	UVTLONZTPXCUPU-ZNMIVQPWSA-N		-adol-
137	alprenolol	13655-52-2	PAZJSJFMUHDSTF-UHFFFAOYSA-N		-olol
324	benzoctamine	17243-39-9	GNRXCIONJWKSEA-UHFFFAOYSA-N		
880	diflunisal	22494-42-4	HUPFGZXOMWLGNK-UHFFFAOYSA-N	OFP	-sal
1285	gemfibrozil	25812-30-0	HEMJJKBWTPKOJG-UHFFFAOYSA-N	OFP	
1724	metesculetol	52814-39-8	VVDLFTOOMLZFRO-UHFFFAOYSA-N		
1987	olprinone	106730-54-5	JPAWFIIYTJQOKW-UHFFFAOYSA-N		-rinone
2500	sulfadiazine	68-35-9	SEEPANYCNGTZFQ-UHFFFAOYSA-N	OFP	sulfa-
5738	zuranolone	1632051-40-1	HARRKNSQXBRBGZ-GVKWWOCJSA-N	ONP	-olone
1360	heptabarb	509-86-4	PAZQYDJGLKSCSI-UHFFFAOYSA-N		-barb
1739	methaqualone	72-44-6	JEYCTXHKTXCGPB-UHFFFAOYSA-N		
3693	butazolamide	16790-49-1	HZIYHIRJHYIRQO-UHFFFAOYSA-N		
5777	linvoseltamab				-tamab
3789	naepaine	2188-67-2	UYXHCVFXDBNRQW-UHFFFAOYSA-N		-caine
2392	rivastigmine	123441-03-2	XSVMFMHYUFZWBK-NSHDSACASA-N	OFP	-stigmine
196	amfetaminil	17590-01-1	NFHVTCJKAHYEQN-UHFFFAOYSA-N		-orex
117	alibendol	26750-81-2	UMJHTFHIQDEGKB-UHFFFAOYSA-N		
754	cycloguanil	516-21-2	QMNFFXRFOJIOKZ-UHFFFAOYSA-N		
5789	plozasiran				-siran
3731	dimethazan	519-30-2	CMKUGKVVUUGBHJ-UHFFFAOYSA-N		-fylline
4032	rimazolium	28610-84-6	JOWRFSPJFXLGGY-UHFFFAOYSA-N		-ium
3657	xibenolol	30187-90-7	RKUQLAPSGZJLGP-UHFFFAOYSA-N		-olol
772	cyverine	4432-75-1	VEKYMVTZQGCUAQ-UHFFFAOYSA-N		-verine
2213	pirprofen	31793-07-4	PIDSZXPFGCURGN-UHFFFAOYSA-N		-profen
2795	uracil mustard	66-75-1	IDPUKCWIGUEADI-UHFFFAOYSA-N	OFM	-mustine
222	anisindione	117-37-3	XRCFXMGQEVUZFC-UHFFFAOYSA-N	OFM	
2152	phenytoin	57-41-0	CXOFVDLJLONNDW-UHFFFAOYSA-N	OFP	-toin
2017	oxcarbazepine	28721-07-5	CTRLABGOLIVAIY-UHFFFAOYSA-N	OFP	-zepine
645	cimetidine	51481-61-9	AQIXAKUUQRKLND-UHFFFAOYSA-N	OFP	-tidine
3712	cioteronel	89672-11-7	KDULJHFMZBRAHO-UHFFFAOYSA-N		-teronel
2329	pyricarbate	1882-26-4	YEKQSSHBERGOJK-UHFFFAOYSA-N		
2079	penciclovir	39809-25-1	JNTOCHDNEULJHD-UHFFFAOYSA-N	OFP	-ciclovir
2728	triamterene	396-01-0	FNYLWPVRPXGIIP-UHFFFAOYSA-N	OFP	
405	bromoform	75-25-2	DIKBFYAXUHHXCS-UHFFFAOYSA-N		
3664	actinoquinol	15301-40-3	YAMVZYRZAMBCED-UHFFFAOYSA-N		-quine
2514	sulfamethoxazole	723-46-6	JLKIGFTWXXRPMT-UHFFFAOYSA-N	OFP	sulfa-
3194	ethacridine	442-16-0	CIKWKGFPFXJVGW-UHFFFAOYSA-N		-crine
3847	vanitiolide	17692-71-6	WQYRHRAZNNRDIA-UHFFFAOYSA-N		
1891	nefopam	13669-70-0	RGPDEAGGEXEMMM-UHFFFAOYSA-N		
3756	meladrazine	13957-36-3	IRQOBYXMACIFKD-UHFFFAOYSA-N		
3618	tolpropamine	5632-44-0	CINROOONPHQHPO-UHFFFAOYSA-N		-opamine
2683	tizanidine	51322-75-9	XFYDIVBRZNQMJC-UHFFFAOYSA-N	OFP	-nidine
2282	proguanil	500-92-5	SSOLNOMRVKKSON-UHFFFAOYSA-N	OFP	
5841	zanidatamab-hrii				-tamab
5743	cantharidin	56-25-7	DHZBEENLJMYSHQ-XCVPVQRUSA-N	ONP	
5745	momelotinib	1056634-68-4	ZVHNDZWQTBEVRY-UHFFFAOYSA-N	ONP	-tinib
3728	dichlorophenarsine	455-83-4	GCFPPDBNEBHYGT-UHFFFAOYSA-N		
5741	elranatamab	2408850-14-4			-amab
1458	iodothiouracil	5984-97-4	MYUHSNVSHMCUMD-UHFFFAOYSA-N		-thiouracil
3102	cinromide	58473-74-8	LDCXGZCEMNMWIL-VOTSOKGWSA-N		
5747	etrasimod	1206123-37-6	MVGWUTBTXDYMND-QGZVFWFLSA-N	ONP	-imod
976	diprophylline	479-18-5	KSCFJBIXMNOVSH-UHFFFAOYSA-N	OFM	-fylline
1684	menadione sodium bisulfite	130-37-0	WIXFIQKTHUVFDI-UHFFFAOYSA-N		
1528	ketoprofen	22071-15-4	DKYWVDODHFEZIM-UHFFFAOYSA-N	OFP	-profen
1145	fenbufen	36330-85-5	ZPAKPRAICRBAOD-UHFFFAOYSA-N		-bufen
833	dexketoprofen	22161-81-5	DKYWVDODHFEZIM-NSHDSACASA-N		-profen
1803	midodrine	42794-76-3	PTKSEFOSCHHMPD-UHFFFAOYSA-N	OFP	-drine
1899	nepafenac	78281-72-8	QEFAQIPZVLVERP-UHFFFAOYSA-N	OFP	-ac
3560	sulfadicramide	115-68-4	XRVJPLDTMUSSDE-UHFFFAOYSA-N		sulfa-
2626	thiamylal	77-27-0	XLOMZPUITCYLMJ-UHFFFAOYSA-N	OFM	
3884	bucricaine	316-15-4	ZFPNOTAGQWNERF-UHFFFAOYSA-N		-caine
2594	tenonitrozole	3810-35-3	ZLOXYEZYWCTXHU-UHFFFAOYSA-N		-rozole
225	phenbenzamine	961-71-7	CHOBRHHOYQKCOU-UHFFFAOYSA-N		
3691	butanilicaine	3785-21-5	VWYQKFLLGRBICZ-UHFFFAOYSA-N		-caine
1277	ganciclovir	82410-32-0	IRSCQMHQWWYFCW-UHFFFAOYSA-N	OFP	-ciclovir
2238	pranoprofen	52549-17-4	TVQZAMVBTVNYLA-UHFFFAOYSA-N		-profen
1529	ketorolac	74103-06-3	OZWKMVRBQXNZKK-UHFFFAOYSA-N	OFP	-ac
3706	cetoxime	25394-78-9	GOAZMLKQUGCOPO-UHFFFAOYSA-N		
3358	metralindole	54188-38-4	GVXBHSBKKJRBMS-UHFFFAOYSA-N		
3597	thiazosulfone	473-30-3	KVEZIRCKNOTGKY-UHFFFAOYSA-N		
2527	sulfathiazole	72-14-0	JNMRHUJNCSQMMB-UHFFFAOYSA-N	OFM	sulfa-
2692	tofenacin	15301-93-6	PNYKGCPSFKLFKA-UHFFFAOYSA-N		-fenacin
2150	phenyltoloxamine	92-12-6	IZRPKIZLIFYYKR-UHFFFAOYSA-N		
916	diphenhydramine	58-73-1	ZZVUWRFHKOJYTH-UHFFFAOYSA-N	OFP	
256	atomoxetine	83015-26-3	VHGCDTVCOLNTBX-QGZVFWFLSA-N	OFP	-oxetine
2762	tripelennamine	91-81-6	UFLGIAIHIAPJJC-UHFFFAOYSA-N	OFM	
900	dimemorfan	36309-01-0	KBEZZLAAKIIPFK-NJAFHUGGSA-N		-orphan
5843	cosibelimab-ipdl				-mab
697	cloforex	14261-75-7	TZWKUQDQKPYNLL-UHFFFAOYSA-N		-orex
686	clobutinol	14860-49-2	KVHHQGIIZCJATJ-UHFFFAOYSA-N		
209	anagrelide	68475-42-3	OTBXOEAOVRKTNQ-UHFFFAOYSA-N	OFP	-grel-
1540	lamotrigine	84057-84-1	PYZRQGJRPPTADH-UHFFFAOYSA-N	OFP	-trigine
3816	phethenylate	7772-37-4	DCPACFSINCUFEC-UHFFFAOYSA-N		-toin
1484	irsogladine	57381-26-7	ATCGGEJZONJOCL-UHFFFAOYSA-N		
3443	phenyl acetylsalicylate	134-55-4	PSBAIJVSCTZDDB-UHFFFAOYSA-N		
3173	edoxudine	15176-29-1	XACKNLSZYYIACO-DJLDLDEBSA-N		-vudine
3813	phenosulfazole	515-54-8	JBACAGZMXLDQCR-UHFFFAOYSA-N		
3739	etoxazene	94-10-0	GAWOVNGQYQVFLI-UHFFFAOYSA-N		
3811	phenbutamide	3149-00-6	AFOGBLYPWJJVAL-UHFFFAOYSA-N		
982	echothiophate	6736-03-4	BJOLKYGKSZKIGU-UHFFFAOYSA-N	OFP	
340	bephenium	7181-73-9	AVWWVJUMXRXPNF-UHFFFAOYSA-N		-ium
3278	hexyldecanoic acid	25354-97-6	JMOLZNNXZPAGBH-UHFFFAOYSA-N		
5846	olezarsen				-rsen
3111	clorindione	1146-99-2	NJDUWAXIURWWLN-UHFFFAOYSA-N		
3091	chlormidazole	3689-76-7	WNAQOLSMVPFGTE-UHFFFAOYSA-N		
3513	pyrrolnitrin	1018-71-9	QJBZDBLBQWFTPZ-UHFFFAOYSA-N		-nit-
327	benzamidosalicylate	528-96-1	GNZCRYWFWKFIDM-UHFFFAOYSA-N		-sal-
314	benserazide	322-35-0	BNQDCRGUHNALGH-UHFFFAOYSA-N		
511	carmofur	61422-45-5	AOCCBINRVIKJHY-UHFFFAOYSA-N		-uridine
5749	vamorolone	13209-41-1	ZYTXTXAMMDTYDQ-DGEXFFLYSA-N	ONP	-olone
5750	fruquintinib	1194506-26-7	BALLNEJQLSTPIO-UHFFFAOYSA-N	ONP	-tinib
5751	repotrectinib	1802220-02-5	FIKPXCOQUIZNHB-WDEREUQCSA-N	ONP	-tinib
2103	perflunafene	306-94-5	UWEYRJFJVCLAGH-UHFFFAOYSA-N		perflu-
2699	tolmetin	26171-23-3	UPSPUYADGBWSHF-UHFFFAOYSA-N	OFP	
1079	etebenecid	1213-06-5	UACOQEQOBAQRDQ-UHFFFAOYSA-N		
1656	medifoxamine	32359-34-5	QNMGHBMGNRQPNL-UHFFFAOYSA-N		
1574	levorphanol	77-07-6	JAQUASYNZVUNQP-USXIJHARSA-N	OFP	-orphan-
1787	metrifonate	52-68-6	NFACJZMKEDPNKN-UHFFFAOYSA-N		-fos
1651	meclofenoxate	51-68-3	XZTYGFHCIAKPGJ-UHFFFAOYSA-N		
1454	iodinated glycerol	5634-39-9	LTINPJMVDKPJJI-UHFFFAOYSA-N		io-
45	aceglatone	642-83-1	ZOZKYEHVNDEUCO-DKXJUACHSA-N		
2420	salsalate	552-94-3	WVYADZUPLLSGPU-UHFFFAOYSA-N		sal-
5126	omega-3-carboxylic acids	329042-31-1			
3906	glycerylphosphorylcholine	563-24-6	SUHOQUVVVLNYQR-UHFFFAOYSA-N		
627	choline alfoscerate	28319-77-9	SUHOQUVVVLNYQR-MRVPVSSYSA-N	OFP	
2616	thalidomide	50-35-1	UEJJHQNACJXSKW-UHFFFAOYSA-N	OFP	-domide
37	acadesine	2627-69-2	RTRQQBHATOEIAF-UUOKFMHZSA-N		
3338	menbutone	3562-99-0	FHGJSJFIQNQBCK-UHFFFAOYSA-N		
1089	ethoxzolamide	452-35-7	OUZWUKMCLIBBOG-UHFFFAOYSA-N	OFM	
2851	xibornol	13741-18-9	RNRHMQWZFJXKLZ-XUWXXGDYSA-N		
3106	cloridarol	3611-72-1	KBFBRIPYVVGWRS-UHFFFAOYSA-N		
2832	thiamine	59-43-8	JZRWCGZRTZMZEH-UHFFFAOYSA-N	OFP	
2047	pamabrom	10381-75-6	SKTFQHRVFFOHTQ-UHFFFAOYSA-N		
1593	lofexidine	31036-80-3	KSMAGQUYOIHWFS-UHFFFAOYSA-N	OFP	-nidine
3363	mizoribine	50924-49-7	HZQDCMWJEBCWBR-UUOKFMHZSA-N		-ribine
3317	lenalidomide	191732-72-6	GOTYRUGSSMKFNF-UHFFFAOYSA-N	OFP	-domide
275	azintamide	1830-32-6	SSLKKMZJCJBOML-UHFFFAOYSA-N		
3120	ciclobendazole	31431-43-3	OXLKOMYHDYVIDM-UHFFFAOYSA-N		-bendazole
2355	ramelteon	196597-26-9	YLXDSYKOBKBWJQ-LBPRGKRZSA-N	OFP	
2303	propranolol	525-66-6	AQHHHDLHHXJYJD-UHFFFAOYSA-N	OFP	-olol
2266	primaquine	90-34-6	INDBQLZJXZLFIT-UHFFFAOYSA-N	OFP	-quine
1022	eperisone	64840-90-0	SQUNAWUMZGQQJD-UHFFFAOYSA-N		
684	clobenzorex	13364-32-4	LRXXRIXDSAEIOR-ZDUSSCGKSA-N		-orex
3065	carbarsone	121-59-5	WWXBHTZSYYGCSG-UHFFFAOYSA-N		
3265	glucose-1-phosphate	59-56-3	HXXFSFRBOHSIMQ-VFUOTHLCSA-N	OFM	
3313	khellin	82-02-0	HSMPDPBYAYSOBC-UHFFFAOYSA-N		
3605	tiazofurine	60084-10-8	FVRDYQYEVDDKCR-DBRKOABJSA-N		
3436	phetharbital	357-67-5	ILORKHQGIMGDFN-UHFFFAOYSA-N		-barb-
1866	nadoxolol	54063-51-3	UPZVYDSBLFNMLK-UHFFFAOYSA-N		-olol
2652	tiaprofenic acid	33005-95-7	GUHPRPJDBZHYCJ-UHFFFAOYSA-N		-profen
2546	suprofen	40828-46-4	MDKGKXOCJGEUJW-UHFFFAOYSA-N	OFM	-profen
509	carisoprodol	78-44-4	OFZCIYFFPZCNJE-UHFFFAOYSA-N	OFP	
3037	bromindione	1146-98-1	NPUZIGSOEWMFKK-UHFFFAOYSA-N		
1163	fenspiride	5053-06-5	FVNFBBAOMBJTST-UHFFFAOYSA-N		
1430	imolamine	318-23-0	MGSPDRWOUCPKNZ-UHFFFAOYSA-N		
2402	ropinirole	91374-21-9	UHSKFQJFRQCDBE-UHFFFAOYSA-N	OFP	
2032	oxymetazoline	1491-59-4	WYWIFABBXFUGLM-UHFFFAOYSA-N	OFP	-azoline
1737	methaphenilene	493-78-7	LDYJXVUOVPVZKA-UHFFFAOYSA-N		
1421	ifosfamide	3778-73-2	HOMGKSMUEGBAAB-UHFFFAOYSA-N	OFP	-mustine
758	cyclophosphamide	50-18-0	CMSMOCZEIVJLDB-UHFFFAOYSA-N	OFP	-fosfamide
2024	oxolinic acid	14698-29-4	KYGZCKSPAKDVKC-UHFFFAOYSA-N		-oxacin
1197	flumequine	42835-25-6	DPSPPJIUMHPXMA-UHFFFAOYSA-N		-quine
3156	dimethylthiambutene	524-84-5	CANBGVXYBPOLRR-UHFFFAOYSA-N		
322	benznidazole	22994-85-0	CULUWZNBISUWAS-UHFFFAOYSA-N	OFP	-nidazole
3215	etoxadrol	28189-85-7	INOYCBNLWYEPSB-XHSDSOJGSA-N		
1373	hexylcaine	532-77-4	DKLKMKYDWHYZTD-UHFFFAOYSA-N	OFM	-caine
1085	ethoheptazine	77-15-6	WGJHHMKQBWSQIY-UHFFFAOYSA-N		
424	bufuralol	54340-62-4	SSEBTPPFLLCUMN-UHFFFAOYSA-N		-alol
3718	clopirac	42779-82-8	SJCRQMUYEQHNTC-UHFFFAOYSA-N		-ac
132	alphaprodine	77-20-3	UVAZQQHAVMNMHE-XJKSGUPXSA-N		
2438	setiptiline	57262-94-9	GVPIXRLYKVFFMK-UHFFFAOYSA-N		
2129	phenindamine	82-88-2	ISFHAYSTHMVOJR-UHFFFAOYSA-N		
1738	methapyrilene	91-80-5	HNJJXZKZRAWDPF-UHFFFAOYSA-N		
3672	amixetrine	24622-72-8	ISRODTBNJUAWEJ-UHFFFAOYSA-N		
3457	halopropane	679-84-5	YVWGMAFXEJHFRO-UHFFFAOYSA-N		
2698	tolfenamic acid	13710-19-5	YEZNLOUZAIOMLT-UHFFFAOYSA-N		-fenamic acid
634	cicletanine	89943-82-8	CVKNDPRBJVBDSS-UHFFFAOYSA-N		
657	cinoxacin	28657-80-9	VDUWPHTZYNWKRN-UHFFFAOYSA-N	OFM	-oxacin
3213	etoglucid	1954-28-5	UMILHIMHKXVDGH-UHFFFAOYSA-N		
3787	myrtecaine	7712-50-7	BZRYYBWNOUALTQ-HOTGVXAUSA-N		-caine
5752	capivasertib	1143532-39-1	JDUBGYFRJFOXQC-KRWDZBQOSA-N	ONP	-sertib
5753	nirogacestat	1290543-63-3	VFCRKLWBYMDAED-REWPJTCUSA-N	ONP	-gacestat
5754	iptacopan	1644670-37-0	RENRQMCACQEWFC-UGKGYDQZSA-N	ONP	-copan
3824	reposal	3625-25-0	MKELYWOVSPVORM-UHFFFAOYSA-N		-barb-
1748	methohexital	151-83-7	NZXKDOXHBHYTKP-UHFFFAOYSA-N	OFP	-barb-
5135	dornase alfa	143831-71-4			-ase
3686	benzylsulfamide	104-22-3	HLIBJQGJVDHCNB-UHFFFAOYSA-N		-sulfa-
3746	fencibutirol	5977-10-6	HPLFQKUIHGZHPH-UHFFFAOYSA-N		
3279	homosalate	118-56-9	WSSJONWNBBTCMG-UHFFFAOYSA-N		-sal-
1697	mepindolol	23694-81-7	NXWGWUVGUSFQJC-UHFFFAOYSA-N		-olol
630	cibenzoline	53267-01-9	IPOBOOXFSRWSHL-UHFFFAOYSA-N		
3044	bucolome	841-73-6	DVEQCIBLXRSYPH-UHFFFAOYSA-N		-barb-
705	clonixin	17737-65-4	CLOMYZFHNHFSIQ-UHFFFAOYSA-N		-nixin
1283	gemcitabine	95058-81-4	SDUQYLNIPVEERB-QPPQHZFASA-N	OFP	-citabine
3360	miloxacin	37065-29-5	ABQYZRZVRIPTPI-UHFFFAOYSA-N		-oxacin
3288	hydroxypethidine	468-56-4	WTJBNMUWRKPFRS-UHFFFAOYSA-N		-eridine
5141	alteplase	105857-23-6			-ase
1677	melperone	3575-80-2	DKMFBWQBDIGMHM-UHFFFAOYSA-N		-perone
2711	tramadol	27203-92-5	TVYLLZQTGLZFBW-ZBFHGGJFSA-N	OFP	-adol
445	butetamate	14007-64-8	CKWHSYRZDLWQFV-UHFFFAOYSA-N		-verine
2320	protriptyline	438-60-8	BWPIARFWQZKAIA-UHFFFAOYSA-N	OFP	-triptyline
1971	nortriptyline	72-69-5	PHVGLTMQBUFIQQ-UHFFFAOYSA-N	OFP	-triptyline
5131	chymopapain	9001-09-6			
5151	atezolizumab	1380723-44-3			-zumab
2657	ticlopidine	55142-85-3	PHWBOXQYWZNQIN-UHFFFAOYSA-N	OFM	
1476	iprazochrome	7248-21-7	XZKVIDLLLOUTSS-UHFFFAOYSA-N		
2522	sulfaperin	599-88-2	DZQVFHSCSRACSX-UHFFFAOYSA-N		sulfa-
2510	sulfamerazine	127-79-7	QPPBRPIAZZHUNT-UHFFFAOYSA-N	OFM	sulfa-
2290	propacetamol	66532-85-2	QTGAJCQTLIRCFL-UHFFFAOYSA-N		
3192	etaqualone	7432-25-9	UVTJKLLUVOTSOB-UHFFFAOYSA-N		
2094	pentifylline	1028-33-7	MRWQRJMESRRJJB-UHFFFAOYSA-N		-fylline
3595	thialbarbital	467-36-7	PXLVRFQEBVNJOH-UHFFFAOYSA-N		-barb-
2610	tetracaine	94-24-6	GKCBAIGFKIBETG-UHFFFAOYSA-N	OFP	-caine
5795	motugivatrep	920332-28-1	MAWBBYZCTDJMDD-HFQYIWAZSA-N		-trep
596	chloralodol	3563-58-4	QVFWZNCVPCJQOP-UHFFFAOYSA-N		
5809	enmetazobactam	1001404-83-6	HFZITXBUTWITPT-YWVKMMECSA-N	OFM	-bactam
1796	mianserin	24219-97-4	UEQUQVLFIPOEMF-UHFFFAOYSA-N		-anserin
3569	sulfiram	95-05-6	CTPKSRZFJSJGML-UHFFFAOYSA-N		
2483	streptozocin	18883-66-4	ZSJLQEPLLKMAKR-YDEIVXIUSA-N	OFM	
224	antazoline	91-75-8	REYFJDPCWQRWAA-UHFFFAOYSA-N	OFM	-azoline
3413	oxycinchophen	485-89-2	XAPRFLSJBSXESP-UHFFFAOYSA-N		-quine
103	albendazole	54965-21-8	HXHWSAZORRCQMX-UHFFFAOYSA-N	OFP	-bendazole
3805	parethoxycaine	94-23-5	OWWVHQUOYSPNNE-UHFFFAOYSA-N		-caine
2027	oxprenolol	6452-71-7	CEMAWMOMDPGJMB-UHFFFAOYSA-N	OFM	-olol
1816	mirtazapine	85650-52-8	RONZAEMNMFQXRA-UHFFFAOYSA-N	OFP	-apine
959	doxofylline	69975-86-6	HWXIGFIVGWUZAO-UHFFFAOYSA-N		-fylline
317	benzarone	1477-19-6	RFRXIWQYSOIBDI-UHFFFAOYSA-N		-arone
1904	nevirapine	129618-40-2	NQDJXKOVJZTUJA-UHFFFAOYSA-N	OFP	-vir-
870	dienestrol	84-17-3	NFDFQCUYFHCNBW-SCGPFSFSSA-N	OFM	-estr-
3486	practolol	6673-35-4	DURULFYMVIFBIR-UHFFFAOYSA-N		-olol
2750	trimetazidine	5011-34-7	UHWVSEOVJBQKBE-UHFFFAOYSA-N		
255	atenolol	29122-68-7	METKIMKYRPQLGS-UHFFFAOYSA-N	OFP	-olol
812	desipramine	50-47-5	HCYAFALTSJYZDH-UHFFFAOYSA-N	OFP	-pramine
749	cyclizine	82-92-8	UVKZSORBKUEBAZ-UHFFFAOYSA-N	OFM	-izine
4025	propenidazole	76448-31-2	GCHKUUOPYMFGEY-VMPITWQZSA-N		-nidazole
5172	alipogene tiparvovec	929881-05-0			-gene
5173	vonicog alfa	109319-16-6			-cog
2861	zidovudine	30516-87-1	HBOMLICNUCNMMY-XLPZGREQSA-N	OFP	-vudine
2818	vidarabine	5536-17-4	OIRDTQYFTABQOQ-UHTZMRCNSA-N	OFM	-arabine
90	adenosine	58-61-7	OIRDTQYFTABQOQ-KQYNXXCUSA-N	OFP	
2845	voglibose	83480-29-9	FZNCGRZWXLXZSZ-CIQUZCHMSA-N		-gli-
3059	cafaminol	30924-31-3	ZGNRRVAPHPANFI-UHFFFAOYSA-N		
2529	sulfafurazole	127-69-5	NHUHCSRWZMLRLA-UHFFFAOYSA-N	OFM	sulfa-
2520	sulfamoxole	729-99-7	CYFLXLSBHQBMFT-UHFFFAOYSA-N		sulfa-
228	apomorphine	58-00-4	VMWNQDUVQKEIOC-CYBMUJFWSA-N	OFP	
506	carbuterol	34866-47-2	KEMXXQOFIRIICG-UHFFFAOYSA-N		-buterol
1786	metoprolol	51384-51-1	IUBSYMUCCVWXPE-UHFFFAOYSA-N	OFP	-olol
5763	suzetrigine	2649467-58-1	XSQUJFKRXZMOKA-PAFIKIDNSA-N	ONP	-trigine
5764	vimseltinib	1628606-05-2	TVGAHWWPABTBCX-UHFFFAOYSA-N	ONP	-tinib
3680	azacyclonol	115-46-8	ZMISODWVFHHWNR-UHFFFAOYSA-N		
2195	pipradrol	467-60-7	XSWHNYGMWWVAIE-UHFFFAOYSA-N		
604	chlornaphazine	494-03-1	XCDXSSFOJZZGQC-UHFFFAOYSA-N		
5313	patisiran	1420706-45-1			-siran
5373	air polymer-type A				
1930	nifurtoinol	1088-92-2	UIDWQGRXEVDFCA-XCVCLJGOSA-N		nifur-
3301	inosine	58-63-9	UGQMRVRMYYASKQ-KQYNXXCUSA-N		-vir-
3310	isoxepac	55453-87-7	QFGMXJOBTNZHEL-UHFFFAOYSA-N		-ac
4031	razoxane	21416-67-1	BMKDZUISNHGIBY-UHFFFAOYSA-N		-oxane
2098	pentostatin	53910-25-1	FPVKHBSQESCIEP-JQCXWYLXSA-N	OFP	-stat-
189	amoscanate	26328-53-0	DKVNAGXPRSYHLB-UHFFFAOYSA-N		
839	dexrazoxane	24584-09-6	BMKDZUISNHGIBY-ZETCQYMHSA-N	OFP	-oxane
2386	ripazepam	26308-28-1	YFHYNLHGFKXAIQ-UHFFFAOYSA-N		-azepam
875	diethylstilbestrol	56-53-1	RGLYKWWBQGJZGM-ISLYRVAYSA-N	OFM	-estr-
1825	moclobemide	71320-77-9	YHXISWVBGDMDLQ-UHFFFAOYSA-N		
3999	perflubutane	355-25-9	KAVGMUDTWQVPDF-UHFFFAOYSA-N		perflu-
5320	emapalumab	1709815-23-5			-umab
863	dichlorophen	97-23-4	MDNWOSOZYLHTCG-UHFFFAOYSA-N		
2295	propatylnitrate	2921-92-8	YZZCJYJBCUJISI-UHFFFAOYSA-N		-nit-
1008	endralazine	39715-02-1	ALAXZYHFVBSJKZ-UHFFFAOYSA-N		-dralazine
3835	sulfasomizole	632-00-8	JVYKJZPZFIUYAB-UHFFFAOYSA-N		sulfa-
2516	sulfamethylthiazole	515-59-3	KJVQYDYPDFFJMP-UHFFFAOYSA-N		sulfa-
2393	rizatriptan	144034-80-0	ULFRLSNUDGIQQP-UHFFFAOYSA-N	OFP	-triptan
1999	orphenadrine	83-98-7	QVYRGXJJSLMXQH-UHFFFAOYSA-N	OFP	-orph-
1852	moxastine	3572-74-5	BBIMHFSPNXQFAH-UHFFFAOYSA-N		-astine
840	dextrofemine	15687-08-8	URCIJDUOBBSMII-UHFFFAOYSA-N		
369	bifemelane	90293-01-9	QSQQPMHPCBLLGX-UHFFFAOYSA-N		
2234	pramiracetam	68497-62-1	ZULJGOSFKWFVRX-UHFFFAOYSA-N		-racetam
1552	leflunomide	75706-12-6	VHOGYURTWQBHIL-UHFFFAOYSA-N	OFP	
1023	epervudine	60136-25-6	PHUUXVYXSRZACJ-IVZWLZJFSA-N		-vudine
2512	sulfamethizole	144-82-1	VACCAVUAMIDAGB-UHFFFAOYSA-N	OFM	sulfa-
2096	pentolonium	144-44-5	XSBSKEQEUFOSDD-UHFFFAOYSA-N	OFM	-ium
2696	tolbutamide	64-77-7	JLRGJRBPOGGCBT-UHFFFAOYSA-N	OFM	gli-
3188	estrone	53-16-7	DNXHEGUUPJUMQT-CBZIJGRNSA-N	OFM	estr-
1368	hexestrol	84-16-2	PBBGSZCBWVPOOL-HDICACEKSA-N		-estr-
962	doxylamine	469-21-6	HCFDWZZGGLSKEP-UHFFFAOYSA-N	OFP	
2701	tolonium	92-31-9	RQNADZJRELIICT-UHFFFAOYSA-N		-ium
3747	fenethazine	522-24-7	PFAXACNYGZVKMX-UHFFFAOYSA-N		
3334	mecloqualone	340-57-8	SFITWQDBYUMAPS-UHFFFAOYSA-N		
816	nordazepam	1088-11-5	AKPLHCDWDRPJGD-UHFFFAOYSA-N		-azepam
693	clofenamide	671-95-4	NENBAISIHCWPKP-UHFFFAOYSA-N		
605	chloroprocaine	133-16-4	VDANGULDQQJODZ-UHFFFAOYSA-N	OFP	-caine
1654	medazepam	2898-12-6	YLCXGBZIZBEVPZ-UHFFFAOYSA-N		-azepam
5404	tafasitamab	1422527-84-1			-tamab
3427	pentrinitrol	1607-17-6	BRBAEHHXGZRCBK-UHFFFAOYSA-N		-nit-
53	acetaminosalol	118-57-0	TWIIVLKQFJBFPW-UHFFFAOYSA-N		-sal-
3702	carbubarb	960-05-4	ZWGPHQZXAPWKOV-UHFFFAOYSA-N		-barb
1253	ftivazide	149-17-7	PSWOBQSIXLVPDV-UHFFFAOYSA-N		
394	bretylium	61-75-6	AAQOQKQBGPPFNS-UHFFFAOYSA-N	OFM	-ium
1776	metiazinic acid	13993-65-2	LMINNBXUMGNKMM-UHFFFAOYSA-N		
505	carbutamide	339-43-5	VDTNNGKXZGSZIP-UHFFFAOYSA-N		gli-
5765	gepotidacin	1075236-89-3	PZFAZQUREQIODZ-LJQANCHMSA-N	ONP	-dacin
5767	atrasentan	195733-43-8	MOTJMGVDPWRKOC-QPVYNBJUSA-N	ONP	-entan
5766	fitusiran				-siran
3134	desomorphine	427-00-9	LNNWVNGFPYWNQE-GMIGKAJZSA-N		-orphine
3832	subathizone	121-55-1	VUSKMERTTCJJPM-KPKJPENVSA-N		
1900	nepinalone	22443-11-4	RVXGRCNWGOHSDE-UHFFFAOYSA-N		
842	dextromethorphan	125-71-3	MKXZASYAUGDDCJ-NJAFHUGGSA-N	OFP	-orphan-
3131	delmopinol	79874-76-3	QSFOWAYMMZCQNF-UHFFFAOYSA-N		
3343	mesulfen	135-58-0	AHXDSVSZEZHDLV-UHFFFAOYSA-N		
433	bupranolol	14556-46-8	HQIRNZOQPUAHHV-UHFFFAOYSA-N		-olol
2868	zoledronic acid	118072-93-8	XRASPMIURGNCCH-UHFFFAOYSA-N	OFP	-dronic acid
1858	muzolimine	55294-15-0	RLWRMIYXDPXIEX-UHFFFAOYSA-N		
3661	zolimidine	1222-57-7	VSLIUWLPFRVCDL-UHFFFAOYSA-N		
2110	perisoxal	2055-44-9	XKFIQZCHJUUSBA-UHFFFAOYSA-N		
2464	sotalol	3930-20-9	ZBMZVLHSJCTVON-UHFFFAOYSA-N	OFP	-alol
1057	estradiol	50-28-2	VOXZDWNPVJITMN-ZBRFXRBCSA-N	OFP	estr-
3153	quinisocaine	86-80-6	XNMYNYSCEJBRPZ-UHFFFAOYSA-N		-caine
2167	pilsicainide	88069-67-4	BCQTVJKBTWGHCX-UHFFFAOYSA-N		-cain-
3887	Technetium Tc 99m Exametazime	99944-78-2			
3384	nimustine	42471-28-3	VFEDRRNHLBGPNN-UHFFFAOYSA-N		-mustine
2697	tolcapone	134308-13-7	MIQPIUSUKVNLNT-UHFFFAOYSA-N	OFP	-capone
2007	oxaflozane	26629-87-8	FVYUQFQCEOZYHZ-UHFFFAOYSA-N		
2479	stepronin	72324-18-6	JNYSEDHQJCOWQU-UHFFFAOYSA-N		-cic
1826	modafinil	68693-11-8	YFGHCGITMMYXAQ-UHFFFAOYSA-N	OFP	
2663	tilidine	51931-66-9	WDEFBBTXULIOBB-UHFFFAOYSA-N		
253	tipepidine	5169-78-8	JWIXXNLOKOAAQT-UHFFFAOYSA-N		
3727	dibutoline sulfate	532-49-0			
518	carprofen	53716-49-7	PUXBGTOOZJQSKH-UHFFFAOYSA-N	OFM	-profen
603	chlormezanone	80-77-3	WEQAYVWKMWHEJO-UHFFFAOYSA-N	OFM	
3636	tryparsamide	554-72-3	UULSDCUWMKTMND-UHFFFAOYSA-N		
3451	guaiacol carbonate	553-17-3	ORUJFMPWKPVXLZ-UHFFFAOYSA-N		
3179	ensulizole	27503-81-7	UVCJGUGAGLDPAA-UHFFFAOYSA-N		
2783	tybamate	4268-36-4	PRBORDFJHHAISJ-UHFFFAOYSA-N		-bamate
1879	nandrolone	434-22-0	NPAGDVCDWIYMMC-IZPLOLCNSA-N	OFM	-andr-
2403	ropivacaine	84057-95-4	ZKMNUMMKYBVTFN-HNNXBMFYSA-N	OFP	-caine
616	chlorphenamine	132-22-9	SOYKEARSMXGVTM-UHFFFAOYSA-N	OFP	
1448	iobenguane (123I)	139755-80-9	PDWUPXJEEYOOTR-IUAIQHPESA-N	OFP	io-
5770	avutometinib	946128-88-7	LMMJFBMMJUMSJS-UHFFFAOYSA-N	ONP	-metinib
5771	defactinib	1073154-85-4			-tinib
55	acetarsol	97-44-9	ODFJOVXVLFUVNQ-UHFFFAOYSA-N		
1928	nifuroxazide	965-52-6	YCWSUKQGVSGXJO-NTUHNPAUSA-N		nifur-
70	furalazine	1789-26-0	RWOLIGKRDWLZSV-OWOJBTEDSA-N		nifur-
3784	meturedepa	1661-29-6	QTFKTBRIGWJQQL-UHFFFAOYSA-N		-tepa
1379	homatropine	87-00-3	ZTVIKZXZYLEVOL-MCOXGKPRSA-N	OFP	-trop-
996	elliptinium	58337-35-2	YZQRAQOSAPWELU-UHFFFAOYSA-O		-ium
1777	meticrane	1084-65-7	FNQQBFNIYODEMB-UHFFFAOYSA-N		
2159	physostigmine	57-47-6	PIJVFDBKTWXHHD-HIFRSBDPSA-N		-stigmine
3822	propipocaine	3670-68-6	STHAHFPLLHRRRO-UHFFFAOYSA-N		-caine
2106	perhexiline	6621-47-2	CYXKNKQEMFBLER-UHFFFAOYSA-N		
5773	acoltremon	68489-09-8	HNSGVPAAXJJOPQ-XOKHGSTOSA-N	ONP	
5775	taletrectinib	1505514-27-1	HEVHTYMYEMEBPX-HZPDHXFCSA-N	ONP	-tinib
751	cyclobenzaprine	303-53-7	JURKNVYFZMSNLP-UHFFFAOYSA-N	OFP	
2299	propiram	15686-91-6	ZBAFFZBKCMWUHM-UHFFFAOYSA-N		
5774	clesrovimab				-vimab
1223	flutamide	13311-84-7	MKXKFYHWDHIYRV-UHFFFAOYSA-N	OFP	-lutamide
2156	oxagrelate	56611-65-5	DUQOOLBWGUKRAJ-UHFFFAOYSA-N		-grel-
3558	sulfabenzamide	127-71-9	PBCZLFBEBARBBI-UHFFFAOYSA-N	OFM	sulfa-
747	cyclandelate	456-59-7	WZHCOOQXZCIUNC-UHFFFAOYSA-N		-verine
1019	entecavir	142217-69-4	QDGZDCVAUDNJFG-FXQIFTODSA-N	OFP	-cavir
3588	tetraethylphthalamide	83-81-8	OPTBBAGXQYOFTL-UHFFFAOYSA-N		
1830	molindone	7416-34-4	KLPWJLBORRMFGK-UHFFFAOYSA-N	OFP	
1643	mebhydrolin	524-81-2	FQQIIPAOSKSOJM-UHFFFAOYSA-N		
3034	bolandiol dipropionate	19793-20-5	JFAXVZXNIGIDDA-KDWXAGHCSA-N		bol-
1097	etidocaine	36637-18-0	VTUSIVBDOCDNHS-UHFFFAOYSA-N	OFM	-caine
622	chlorpropamide	94-20-2	RKWGIWYCVPQPMF-UHFFFAOYSA-N	OFM	gli-
3377	neridronic acid	79778-41-9	PUUSSSIBPPTKTP-UHFFFAOYSA-N		-dronic acid
673	clenbuterol	37148-27-9	STJMRWALKKWQGH-UHFFFAOYSA-N		-buterol
269	azathioprine	446-86-6	LMEKQMALGUDUQG-UHFFFAOYSA-N	OFP	
3750	folescutol	15687-22-6	FZRNEERXGKQYPH-UHFFFAOYSA-N		
51	acetamidoeugenol	305-13-5	AXNKGLDCLYLVLQ-UHFFFAOYSA-N		
2813	venlafaxine	93413-69-5	PNVNVHUZROJLTJ-UHFFFAOYSA-N	OFP	
1634	maprotiline	10262-69-8	QSLMDECMDJKHMQ-UHFFFAOYSA-N	OFM	
180	amitriptyline	50-48-6	KRMDCWKBEZIMAB-UHFFFAOYSA-N	OFP	-triptyline
3206	ethylmethylthiambutene	441-61-2	MORSAEFGQPDBKM-UHFFFAOYSA-N		
789	decamethonium	156-74-1	MTCUAOILFDZKCO-UHFFFAOYSA-N	OFM	-ium
2718	treosulfan	299-75-2	YCPOZVAOBBQLRI-WDSKDSINSA-N	ONP	-sulfan
3983	lomifylline	10226-54-7	XBEDAMVJWVPVDS-UHFFFAOYSA-N		-fylline
2099	pentoxifylline	6493-05-6	BYPFEZZEUUWMEJ-UHFFFAOYSA-N	OFP	-fylline
2526	sulfisomidine	515-64-0	YZMCKZRAOLZXAZ-UHFFFAOYSA-N		sulfa-
2502	sulfadimidine	57-68-1	ASWVTGNCAZCNNR-UHFFFAOYSA-N	OFM	sulfa-
3619	tolycaine	3686-58-6	UDKICLZCJWQTLS-UHFFFAOYSA-N		-caine
2311	proquazone	22760-18-5	JTIGKVIOEQASGT-UHFFFAOYSA-N		
804	demexiptiline	24701-51-7	SEDQWOMFMIJKCU-UHFFFAOYSA-N		
3874	sodium gualenate	6223-35-4	VIZXMHCBZLGUET-UHFFFAOYSA-N		
993	egualen	99287-30-6	NARQSHREEUXZBT-UHFFFAOYSA-N		
1488	isobromindione	1470-35-5	QFLZIWVSQDZLNW-UHFFFAOYSA-N		
3154	dimethocaine	94-15-5	OWQIUQKMMPDHQQ-UHFFFAOYSA-N		-caine
2763	triprolidine	486-12-4	CBEQULMOCCWAQT-WOJGMQOQSA-N	OFP	
1276	gamolenic acid	506-26-3	VZCCETWTMQHEPK-QNEBEIHSSA-N		
675	clidanac	34148-01-1	OIRAEJWYWSAQNG-UHFFFAOYSA-N		-ac
1855	moxisylyte	54-32-0	VRYMTAVOXVTQEF-UHFFFAOYSA-N		
42	acecarbromal	77-66-7	SAZUGELZHZOXHB-UHFFFAOYSA-N		
639	cidofovir	113852-37-2	VWFCHDSQECPREK-LURJTMIESA-N	OFP	-fovir
2009	oxamniquine	21738-42-1	XCGYUJZMCCFSRP-UHFFFAOYSA-N	OFM	-quine
2357	ramosetron	132036-88-5	NTHPAPBPFQJABD-LLVKDONJSA-N		-setron
3190	etamiphylline	314-35-2	AWKLBIOQCIORSB-UHFFFAOYSA-N		-fylline
1555	letosteine	53943-88-7	IKOCLISPVJZJEA-UHFFFAOYSA-N		-steine
5778	sunvozertinib	2370013-12-8	BTMKEDDEMKKSEF-QGZVFWFLSA-N	ONP	-tinib
5779	sebetralstat		KGMPDQIYDKKXRD-UHFFFAOYSA-N	ONP	-stat
5776	garadacimab				-mab
956	doxepin	1668-19-5	ODQWQRRAPPTVAG-UHFFFAOYSA-N	OFP	-pin
1159	fenpiprane	3540-95-2	JXJPYHDHJZJWRI-UHFFFAOYSA-N		-verine
2440	sibutramine	106650-56-0	UNAANXDKBXWMLN-UHFFFAOYSA-N	OFM	
1576	levosimendan	141505-33-1	WHXMKTBCFHIYNQ-SECBINFHSA-N		-dan
1196	flumecinol	56430-99-0	DVASNQYQOZHAJN-UHFFFAOYSA-N		
2519	sulfamonomethoxine	1220-83-3	WMPXPUYPYQKQCX-UHFFFAOYSA-N		sulfa-
2517	sulfalene	152-47-6	KXRZBTAEDBELFD-UHFFFAOYSA-N		sulfa-
2515	sulfamethoxypyridazine	80-35-3	VLYWMPOKSSWJAL-UHFFFAOYSA-N		sulfa-
2511	sulfameter	651-06-9	GPTONYMQFTZPKC-UHFFFAOYSA-N	OFM	sulfa-
2138	phenprocoumon	435-97-2	DQDAYGNAKTZFIW-UHFFFAOYSA-N	OFM	-arol
1477	ipriflavone	35212-22-7	SFBODOKJTYAUCM-UHFFFAOYSA-N		
1398	hydroxystilbamidine	495-99-8	TUESWZZJYCLFNL-UHFFFAOYSA-N	OFM	
3769	mefexamide	1227-61-8	HUNIPYLVUPMFCZ-UHFFFAOYSA-N		
3291	hydroxytetracaine	490-98-2	DHCUQNSUUYMFGX-UHFFFAOYSA-N		-caine
3634	tromantadine	53783-83-8	UXQDWARBDDDTKG-UHFFFAOYSA-N		-mantadine
2518	sulfametrole	32909-92-5	IZOYMGQQVNAMHS-UHFFFAOYSA-N		sulfa-
1427	imipramine	50-49-7	BCGWQEUPMDMJNV-UHFFFAOYSA-N	OFP	-pramine
1376	histapyrrodine	493-80-1	MXHODDGKGSGCDI-UHFFFAOYSA-N		
288	bamipine	4945-47-5	VZSXTYKGYWISGQ-UHFFFAOYSA-N		-pine
3323	linoleic acid	60-33-3	OYHQOLUKZRVURQ-HZJYTTRNSA-N		
1193	flufenamic acid	530-78-9	LPEPZBJOKDYZAD-UHFFFAOYSA-N		-fenamic acid
5405	belantamab mafodotin	2050232-20-5			-tamab
1945	nitrazepam	146-22-5	KJONHKAYOJNZEC-UHFFFAOYSA-N		-azepam
2756	trimetozine	635-41-6	XWVOEFLBOSSYGM-UHFFFAOYSA-N		
1442	indoprofen	31842-01-0	RJMIEHBSYVWVIN-UHFFFAOYSA-N		-profen
3709	ciclosidomine	66564-16-7	AJPLPOWGYORUIF-UHFFFAOYSA-N		
104	albendazole sulfoxide	54029-12-8	VXTGHWHFYNYFFV-UHFFFAOYSA-N		-bendazole
3466	piberaline	39640-15-8	TZFUBYYADABEAV-UHFFFAOYSA-N		
2142	phentolamine	50-60-2	MRBDMNSDAVCSSF-UHFFFAOYSA-N	OFP	
920	diphenylpyraline	147-20-6	OWQUZNMMYNAXSL-UHFFFAOYSA-N	OFM	
3652	xanomeline	131986-45-3	JOLJIIDDOBNFHW-UHFFFAOYSA-N	ONP	-meline
2603	terodiline	15793-40-5	UISARWKNNNHPGI-UHFFFAOYSA-N		
5408	viltolarsen	2055732-84-6			-rsen
142	alverine	150-59-4	ZPFXAOWNKLFJDN-UHFFFAOYSA-N		-verine
1925	niflumic acid	4394-00-7	JZFPYUNJRRFVQU-UHFFFAOYSA-N		-nixin
303	bendazac	20187-55-7	BYFMCKSPFYVMOU-UHFFFAOYSA-N		-ac
3871	artemisinin	63968-64-9	BLUAFEHZUWYNDE-NNWCWBAJSA-N		arte-
2812	vedaprofen	71109-09-6	VZUGVMQFWFVFBX-UHFFFAOYSA-N		-profen
3845	trimethidinium	2624-50-2	GPUGLFZXYGTLBI-UHFFFAOYSA-N		-ium
223	octatropine methylbromide	80-50-2	XGGHHHBGPSNXFE-ZSHCYNCHSA-N	OFM	-trop-
4086	ethanolamine oleate	2272-11-9			
3400	oleic acid	112-80-1	ZQPPMHVWECSIRJ-KTKRTIGZSA-N		
2731	tribromoethanol	75-80-9	YFDSDPIBEUFTMI-UHFFFAOYSA-N		
2387	risedronic acid	105462-24-6	IIDJRNMFWXDHID-UHFFFAOYSA-N	OFP	-dronic acid
2057	papaveroline	574-77-6	MXQKCNCLQIHHJA-UHFFFAOYSA-N		-verine
98	afloqualone	56287-74-2	VDOSWXIDETXFET-UHFFFAOYSA-N		
461	cadralazine	64241-34-5	QLTVVOATEHFXLT-UHFFFAOYSA-N		-dralazine
1560	levallorphan	152-02-3	OZYUPQUCAUTOBP-QXAKKESOSA-N	OFM	-orphan-
2770	trolnitrate	7077-34-1	HWKQNAWCHQMZHK-UHFFFAOYSA-N		-nit-
2775	tropisetron	89565-68-4	ZNRGQMMCGHDTEI-ITGUQSILSA-N		-setron
2774	tropicamide	1508-75-4	BGDKAVGWHJFAGW-UHFFFAOYSA-N	OFP	trop-
2568	taurolidine	19388-87-5	AJKIRUJIDFJUKJ-UHFFFAOYSA-N	ONP	
2504	sulfaethidole	94-19-9	SVYBEBLNQGDRHF-UHFFFAOYSA-N		sulfa-
3070	articaine	23964-58-1	QTGIAADRBBLJGA-UHFFFAOYSA-N	OFP	-caine
1114	etozolin	73-09-6	ZCKKHYXUQFTBIK-UHFFFAOYSA-N		
1763	methylthioninium chloride	61-73-4	RBTBFTRPCNLSDE-UHFFFAOYSA-N	OFP	
366	bibenzonium	15585-70-3	LBRNZQRZDLLIHL-UHFFFAOYSA-N		-ium
3761	isopromethazine	303-14-0	CGNHCKZJGQDWBG-UHFFFAOYSA-N		
2286	promethazine	60-87-7	PWWVAXIEGOYWEE-UHFFFAOYSA-N	OFP	
2284	promazine	58-40-2	ZGUGWUXLJSTTMA-UHFFFAOYSA-N	OFM	
1620	lynestrenol	52-76-6	YNVGQYHLRCDXFQ-XGXHKTLJSA-N		-gest-
1478	iprindole	5560-72-5	PLIGPBGDXASWPX-UHFFFAOYSA-N		
2498	sulfachlorpyridazine	80-32-0	XOXHILFPRYWFOD-UHFFFAOYSA-N		sulfa-
3447	disulfamide	671-88-5	RCFKEIREOSXLET-UHFFFAOYSA-N		-tizide
1640	mazindol	22232-71-9	ZPXSCAKFGYXMGA-UHFFFAOYSA-N	OFM	
852	diazepam	439-14-5	AAOVKJBEBIDNHE-UHFFFAOYSA-N	OFP	-azepam
400	bromebric acid	5711-40-0	UPZFHUODAYGHDZ-RMKNXTFCSA-N		
1203	flunoxaprofen	66934-18-7	ARPYQKTVRGFPIS-VIFPVBQESA-N		-profen
915	diphemanil	62-97-5	LCTZPQRFOZKZNK-UHFFFAOYSA-N	OFM	
1926	nifuratel	4936-47-4	SRQKTCXJCCHINN-NYYWCZLTSA-N		nifur-
1556	letrozole	112809-51-5	HPJKCIUCZWXJDR-UHFFFAOYSA-N	OFP	-rozole
1131	faropenem	106560-14-9	HGGAKXAHAYOLDJ-FHZUQPTBSA-N		-penem
1845	morphine	57-27-2	BQJCRHHNABKAKU-KBQPJGBKSA-N	OFP	-orphine
1393	hydromorphone	466-99-9	WVLOADHCBXTIJK-YNHQPCIGSA-N	OFP	-orphone
2268	probenecid	57-66-9	DBABZHXKTCFAPX-UHFFFAOYSA-N	OFP	
1661	medrylamine	524-99-2	BXCMCXBSUDRYPF-UHFFFAOYSA-N		
2331	mepyramine	91-84-9	YECBIJXISLIIDS-UHFFFAOYSA-N	OFM	
2315	prothipendyl	303-69-5	JTTAUPUMOLRVRA-UHFFFAOYSA-N		-pendyl
1507	isothipendyl	482-15-5	OQJBSDFFQWMKBQ-UHFFFAOYSA-N		-pendyl
5452	loncastuximab tesirine	1879918-31-6			-umab
3424	pentazocine	359-83-1	VOKSWYLNZZRQPF-UHFFFAOYSA-N	OFP	-azocine
667	cladribine	4291-63-8	PTOAARAWEBMLNO-KVQBGUIXSA-N	OFP	-ribine
4115	asenapine	65576-45-6	VSWBSWWIRNCQIJ-UHFFFAOYSA-N	OFP	-apine
1337	guaimesal	81674-79-5	PSVDIHULUCLEJE-UHFFFAOYSA-N		-sal
1333	guacetisal	55482-89-8	HSJFYRYGGKLQBT-UHFFFAOYSA-N		-sal
1898	butazopyridine	617-19-6	WAWDOEHEAULMGC-FMQUCBEESA-N		
34	abacavir	136470-78-5	MCGSCOLBFJQGHM-SCZZXKLOSA-N	OFP	-cavir
1731	methallenestril	517-18-0	KHLJKRBMZVNZOC-UHFFFAOYSA-N		-estr-
2642	thonzylamine	91-85-0	GULNIHOSWFYMRN-UHFFFAOYSA-N		
215	androstenedione	63-05-8	AEMFNILZOJDQLW-QAGGRKNESA-N		andr-
2617	thenalidine	86-12-4	KLOHYVOVXOUKQI-UHFFFAOYSA-N		
2831	retinol	68-26-8	FPIPGXGPPPQFEQ-OVSJKPMPSA-N	OFP	-retin-
2015	oxazepam	604-75-1	ADIMAYPTOBDMTL-UHFFFAOYSA-N	OFP	-azepam
393	brallobarbital	561-86-4	DYODAJAEQDVYFX-UHFFFAOYSA-N		-barb-
3227	fenticlor	97-24-5	ANUSOIHIIPAHJV-UHFFFAOYSA-N		
1431	incadronic acid	124351-85-5	LWRDQHOZTAOILO-UHFFFAOYSA-N		-dronic acid
2592	tenofovir	147127-20-6	SGOIRFVFHAKUTI-ZCFIWIBFSA-N	OFP	-fovir
1929	nifurtimox	23256-30-6	ARFHIAQFJWUCFH-IZZDOVSWSA-N	OFP	nifur-
3574	sulmazole	73384-60-8	XMFCOYRWYYXZMY-UHFFFAOYSA-N		
2390	ritodrine	26652-09-5	IOVGROKTTNBUGK-SJKOYZFVSA-N	OFM	-drine
3480	rhodoquine	551-01-9	WIPRQKODGRKUEW-UHFFFAOYSA-N		
1272	galantamine	357-70-0	ASUTZQLVASHGKV-JDFRZJQESA-N	OFP	
1103	etodolac	41340-25-4	NNYBQONXHNTVIJ-UHFFFAOYSA-N	OFP	-ac
2869	zolmitriptan	139264-17-8	ULSDMUVEXKOYBU-ZDUSSCGKSA-N	OFP	-triptan
1872	naftifine	65472-88-0	OZGNYLLQHRPOBR-DHZHZOJOSA-N	OFP	
765	cyproheptadine	129-03-3	JJCFRYNCJDLXIK-UHFFFAOYSA-N	OFP	-tadine
5453	bamlanivimab	2423943-37-5			-imab
2321	proxazole	5696-09-3	OLTAWOVKGWWERU-UHFFFAOYSA-N		
2276	procyclidine	77-37-2	WYDUSKDSKCASEF-UHFFFAOYSA-N	OFM	-clidine
763	cycrimine	77-39-4	SWRUZBWLEWHWRI-UHFFFAOYSA-N	OFM	
620	chlorproguanil	537-21-3	ISZNZKHCRKXXAU-UHFFFAOYSA-N		
3249	fospropofol	258516-89-1	QVNNONOFASOXQV-UHFFFAOYSA-N	OFM	fos-
2209	piromidic acid	19562-30-2	RCIMBBZXSXFZBV-UHFFFAOYSA-N		-oxacin
3498	protiofate	58416-00-5	GUFHWUFYAOUKTI-UHFFFAOYSA-N		
919	difenpiramide	51484-40-3	PWHROYKAGRUWDQ-UHFFFAOYSA-N		
3187	estriol	50-27-1	PROQIPRRNZUXQM-ZXXIGWHRSA-N		estr-
795	prasterone	53-43-0	FMGSKLZLMKYGDP-USOAJAOKSA-N	OFP	-sterone
1627	malotilate	59937-28-9	YPIQVCUJEKAZCP-UHFFFAOYSA-N		-otilate
2127	phenglutarimide	1156-05-4	BFMBKRQFMIILCH-UHFFFAOYSA-N		
3996	milverine	75437-14-8	KMZHYAUKFHLFNY-UHFFFAOYSA-N		-verine
2607	testosterone	58-22-0	MUMGGOZAMZWBJJ-DYKIIFRCSA-N	OFP	-testosterone
1970	methylestrenolone	514-61-4	ZXSWTMLNIIZPET-ZOFHRBRSSA-N		-gest-
432	bupivacaine	38396-39-3	LEBVLXFERQHONN-UHFFFAOYSA-N	OFP	-caine
4	levobupivacaine	27262-47-1	LEBVLXFERQHONN-INIZCTEOSA-N	OFM	-caine
3348	methitural	467-43-6	KEMCRVSPPRNENL-UHFFFAOYSA-N		-barb-
1094	ethylestrenol	965-90-2	AOXRBFRFYPMWLR-XGXHKTLJSA-N	OFM	-bol-
809	desalkylflurazepam	2886-65-9	UVCOILFBWYKHHB-UHFFFAOYSA-N		-azepam
2614	tetrazepam	10379-14-3	IQWYAQCHYZHJOS-UHFFFAOYSA-N		-azepam
5834	palopegteriparatide				-paratide
3492	propallylonal	545-93-7	KTGWBBOJAGDSHN-UHFFFAOYSA-N		-barb-
658	ciprofibrate	52214-84-3	KPSRODZRAIWAKH-UHFFFAOYSA-N		-fibrate
2570	tazanolast	82989-25-1	XQTARQNQIVVBRX-UHFFFAOYSA-N		-ast
95	adrafinil	63547-13-7	CGNMLOKEMNBUAI-UHFFFAOYSA-N		
3826	rotraxate	92071-51-7	NVBZUCIQNYPGCI-CTYIDZIISA-N		
5780	dordaviprone	1616632-77-9	VLULRUCCHYVXOH-UHFFFAOYSA-N	ONP	
5781	zongertinib	2728667-27-2	YSGNGFPNTLERCR-UHFFFAOYSA-N	ONP	-tinib
1402	hyoscyamine	101-31-5	RKUNBYITZUJHSG-FXUDXRNXSA-N		-trop-
260	atropine	51-55-8	RKUNBYITZUJHSG-SPUOUPEWSA-N	OFP	-trop-
3296	improsulfan	13425-98-4	DBIGHPPNXATHOF-UHFFFAOYSA-N		-sulfan
5782	vornorexant	2265899-49-6	AEZZJXJIJFSUEM-QFIPXVFZSA-N		-orexant
5783	imlunestrant	2408840-26-4	UVBQMXOKKDCBJN-MUUNZHRXSA-N	ONP	-estrant
3692	butaverine	55837-14-4	WQDZHQZKJMNOAY-UHFFFAOYSA-N		-verine
974	dyclonine	586-60-7	BZEWSEKUUPWQDQ-UHFFFAOYSA-N	OFP	-caine
5784	paltusotine	2172870-89-0	GHILNKWBALQPDP-UHFFFAOYSA-N	ONP	
4625	ammonia	7664-41-7	QGZKDVFQNNGYKY-UHFFFAOYSA-N		
5785	nerandomilast	1423719-30-5	UHYCLWAANUGUMN-SSEXGKCCSA-N	ONP	-milast
5786	doxecitine	951-77-9	CKTSBUTUHBMZGZ-SHYZEUOFSA-N	ONP	
486	caramiphen	77-22-5	OFAIGZWCDGNZGT-UHFFFAOYSA-N		
301	bencyclane	2179-37-5	FYJJXENSONZJRG-UHFFFAOYSA-N		
3631	triclosan	3380-34-5	XEFQLINVKFYRCS-UHFFFAOYSA-N	OFM	
4335	clofezone	17449-96-6			-zone
2343	quinethazone	73-49-4	AGMMTXLNIQSRCG-UHFFFAOYSA-N	OFM	
1913	nicoclonate	10571-59-2	XPPXHQUWVYMTDM-UHFFFAOYSA-N		nico-
585	clofedanol	791-35-5	WRCHFMBCVFFYEQ-UHFFFAOYSA-N	OFM	
606	chloropyramine	59-32-5	ICKFFNBDFNZJSX-UHFFFAOYSA-N		
629	cianidanol	154-23-4	PFTAWBLQPZVEMU-DZGCQCFKSA-N		
3778	bagrosin	3784-92-7	ALBRKUHVWDVWRO-UHFFFAOYSA-N		
2755	trimethoprim	738-70-5	IEDVJHCEMCRBQM-UHFFFAOYSA-N	OFP	-prim
2273	procaterol	72332-33-3	FKNXQNWAXFXVNW-WBMJQRKESA-N		-terol
1020	sulcaine	41653-21-8	QLGIFPJNYPWBMQ-UHFFFAOYSA-N		-caine
2540	sultiame	61-56-3	HMHVCUVYZFYAJI-UHFFFAOYSA-N		
1380	methylhomatropine	80-49-9	WKWOJBUWWZTUQV-SPUOUPEWSA-N	OFP	-trop-
5837	zolbetuximab-clzb				-tuximab
3802	oxabolone	4721-69-1	GXHBCWCMYVTJOW-YGRHGMIBSA-N		-bolone
2489	suxamethonium	306-40-1	AXOIZCJOOAYSMI-UHFFFAOYSA-N	OFP	-ium
268	azatadine	3964-81-6	SEBMTIQKRHYNIT-UHFFFAOYSA-N	OFM	-tadine
3927	androstanolone	521-18-6	NVKAWKQGWWIWPM-ABEVXSGRSA-N		andr-
214	androstenediol	521-17-5	QADHLRWLCPCEKT-LOVVWNRFSA-N		andr-
1698	mepiperphenidol	520-20-7	SMOSFFGOYXWICC-UHFFFAOYSA-N		
499	carbinoxamine	486-16-8	OJFSXZCBGQGRNV-UHFFFAOYSA-N	OFP	-astine
3561	sulfamidochrysoidine	103-12-8	ABBQGOCHXSPKHJ-WUKNDPDISA-N		sulfa-
295	befunolol	39552-01-7	ZPQPDBIHYCBNIG-UHFFFAOYSA-N		-olol
3186	eseridine	25573-43-7	CNBHDDBNEKKMJH-ZFWWWQNUSA-N		-stigmine
1132	fasudil	103745-39-7	NGOGFTYYXHNFQH-UHFFFAOYSA-N		-sudil
3419	pecilocin	19504-77-9	ZYPGADGCNXOUJP-CXVPHVKISA-N		-tricin
3216	eucatropine	100-91-4	QSAVEGSLJISCDF-UHFFFAOYSA-N		-trop-
757	cyclopentolate	512-15-2	SKYSRIRYMSLOIN-UHFFFAOYSA-N	OFP	
431	levobunolol	47141-42-4	IXHBTMCLRNMKHZ-LBPRGKRZSA-N	OFP	-olol
448	butinoline	968-63-8	LWPXJPFOEPMIRG-UHFFFAOYSA-N		-verine
2111	perlapine	1977-11-3	PWRPUAKXMQAFCJ-UHFFFAOYSA-N		-apine
2078	penbutolol	38363-40-5	KQXKVJAGOJTNJS-HNNXBMFYSA-N	OFM	-olol
2597	terbinafine	91161-71-6	DOMXUEMWDBAQBQ-WEVVVXLNSA-N	OFP	-afine
1675	melitracen	5118-29-6	GWWLWDURRGNSRS-UHFFFAOYSA-N		
1591	lobenzarit	63329-53-3	UGDPYGKWIHHBMB-UHFFFAOYSA-N		-arit
4262	helium	7440-59-7	SWQJXJOGLNCZEY-UHFFFAOYSA-N		
2871	zomepirac	33369-31-2	ZXVNMYWKKDOREA-UHFFFAOYSA-N		-ac
3052	butedronic acid	51395-42-7	LDTZSTJLVYBEKB-UHFFFAOYSA-N		-dronic acid
395	brimonidine	59803-98-4	XYLJNLCSTIOKRM-UHFFFAOYSA-N	OFP	-onidine
710	cloranolol	39563-28-5	XYCMOTOFHFTUIU-UHFFFAOYSA-N		-olol
987	edetic acid	60-00-4	KCXVZYZYPLLWCC-UHFFFAOYSA-N	OFP	
4689	picodralazine	17692-43-2	KCASCYQNVLPVDP-UHFFFAOYSA-N		-dralazine
3596	tiamiprine	5581-52-2	YFTWHEBLORWGNI-UHFFFAOYSA-N		-nicate
2162	picrotoxin	124-87-8			
3026	bifluranol	34633-34-6	RDVXUHOSYIBGBT-UHFFFAOYSA-N		
520	carteolol	51781-06-7	LWAFSWPYPHEXKX-UHFFFAOYSA-N	OFP	-olol
3766	leucinocaine	92-23-9	MLHBDHJHNDJBLI-UHFFFAOYSA-N		-caine
148	ambucetamide	519-88-0	WUSAVCGXMSWMQM-UHFFFAOYSA-N		
4260	sulfur	7704-34-9	NINIDFKCEFEMDL-UHFFFAOYSA-N		
903	dimetindene	5636-83-9	MVMQESMQSYOVGV-UHFFFAOYSA-N		
3430	perfosfamide	62435-42-1	VPAWVRUHMJVRHU-VGDKGRGNSA-N		-mustine
2013	oxaprozin	21256-18-8	OFPXSFXSNFPTHF-UHFFFAOYSA-N	OFP	
1992	ondansetron	99614-02-5	FELGMEQIXOGIFQ-UHFFFAOYSA-N	OFP	-setron
210	anastrozole	120511-73-1	YBBLVLTVTVSKRW-UHFFFAOYSA-N	OFP	-rozole
3487	pramocaine	140-65-8	DQKXQSGTHWVTAD-UHFFFAOYSA-N	OFP	-caine
3055	butoxycaine	3772-43-8	QNIUOGIMJWORNZ-UHFFFAOYSA-N		-caine
181	amitriptylinoxide	4317-14-0	ZPMKQFOGINQDAM-UHFFFAOYSA-N		
2169	pimethixene	314-03-4	NZLVRVYNQYGMAB-UHFFFAOYSA-N		
3725	dimazole	95-27-2	WGMYEOIMVYADRJ-UHFFFAOYSA-N		
2324	prozapine	3426-08-2	QSEKJQWRMSJZDE-UHFFFAOYSA-N		-verine
2235	pramiverine	14334-40-8	SBEOBYJLAQKTQX-UHFFFAOYSA-N		-verine
455	butriptyline	35941-65-2	ALELTFCQZDXAMQ-UHFFFAOYSA-N		-triptyline
420	budipine	57982-78-2	QIHLUZAFSSMXHQ-UHFFFAOYSA-N		-pine
1618	lumiracoxib	220991-20-8	KHPKQFYUPIUARC-UHFFFAOYSA-N		-coxib
3322	lidofenin	59160-29-1	DJQJFMSHHYAZJD-UHFFFAOYSA-N	OFM	-fenin
83	rosoxacin	40034-42-2	XBPZXDSZHPDXQU-UHFFFAOYSA-N		-oxacin
2513	sulfametomidine	3772-76-7	QKLSCPPJEVXONT-UHFFFAOYSA-N		sulfa-
2499	sulfacytine	17784-12-2	SIBQAECNSSQUOD-UHFFFAOYSA-N	OFM	sulfa-
2779	troxipide	30751-05-4	YSIITVVESCNIPR-UHFFFAOYSA-N		
129	alosetron	122852-42-0	JSWZEAMFRNKZNL-UHFFFAOYSA-N	OFP	-setron
3205	norgestrienone	848-21-5	GVDMJXQHPUYPHP-FYQPLNBISA-N		-gest-
4273	stannous fluoride	7783-47-3	ANOBYBYXJXCGBS-UHFFFAOYSA-L		
3496	propoxycaine	86-43-1	CAJIGINSTLKQMM-UHFFFAOYSA-N	OFM	-caine
2294	proparacaine	499-67-2	KCLANYCVBBTKTO-UHFFFAOYSA-N	OFP	-caine
5787	doxribtimine	50-89-5	IQFYYKKMVGJFEH-XLPZGREQSA-N	ONP	
5788	ziftomenib	2134675-36-6	BGGALFIXXQOTPY-NRFANRHFSA-N	ONP	-menib
2605	tertatolol	83688-84-0	HTWFXPCUFWKXOP-UHFFFAOYSA-N		-olol
3170	eburnamonine	474-00-0	WYJAPUKIYAZSEM-RBUKOAKNSA-N		
2824	vinburnine	4880-88-0	WYJAPUKIYAZSEM-MOPGFXCFSA-N		vin-
1975	noxiptiline	3362-45-6	GPTURHKXTUDRPC-UHFFFAOYSA-N		
2758	trimipramine	739-71-9	ZSCDBOWYZJWBIY-UHFFFAOYSA-N	OFP	-pramine
902	dimetacrine	4757-55-5	RYQOGSFEJBUZBX-UHFFFAOYSA-N		-crine
3550	sodium tetradecyl sulfate	139-88-8	GROJOWHVXQYQGN-UHFFFAOYSA-N	OFP	
2465	sodium myristyl sulfate	1191-50-0	URLJMZWTXZTZRR-UHFFFAOYSA-N		
2647	tiadenol	6964-20-1	WRCITXQNXAIKLR-UHFFFAOYSA-N		
5790	sevabertinib	2521285-05-0	VYQVHWNNPKOJEA-AWEZNQCLSA-N	ONP	-tinib
5791	brensocatib	1802148-05-5	AEXFXNFMSAAELR-RXVVDRJESA-N	ONP	-catib
5792	etripamil	1593673-23-6	VAZNEHLGJGSQEL-MHZLTWQESA-N	ONP	-pamil
1056	estazolam	29975-16-4	CDCHDCWJMGXXRH-UHFFFAOYSA-N	OFP	-azepam
417	bucloxic acid	32808-51-8	IJTPQQVCKPZIMV-UHFFFAOYSA-N		
3270	glyconiazide	3691-74-5	ZBRCAASZBMWIDA-QFPUCQTMSA-N		
3011	azidamfenicol	13838-08-9	SGRUZFCHLOFYHZ-MWLCHTKSSA-N		-fenicol
1936	nimetazepam	2011-67-8	GWUSZQUVEVMBPI-UHFFFAOYSA-N		-azepam
1641	mebendazole	31431-39-7	OPXLLQIJSORQAM-UHFFFAOYSA-N	OFP	-bendazole
1439	indobufen	63610-08-2	AYDXAULLCROVIT-UHFFFAOYSA-N		-bufen
3748	floredil	53731-36-5	MXVLJFCCQMXEEE-UHFFFAOYSA-N		-dil
1054	esmolol	81147-92-4	AQNDDEOPVVGCPG-UHFFFAOYSA-N	OFP	-olol
856	dibenzepin	4498-32-2	QPGGEKPRGVJKQB-UHFFFAOYSA-N		-pin
2543	sumatriptan	103628-46-2	KQKPFRSPSRPDEB-UHFFFAOYSA-N	OFP	-triptan
3735	difemetorex	13862-07-2	UHZJPVXMMCFPNR-UHFFFAOYSA-N		-orex
2263	pridinol	511-45-5	RQXCLMGKHJWMOA-UHFFFAOYSA-N		
1969	normethadone	467-85-6	WCJFBSYALHQBSK-UHFFFAOYSA-N		
3468	picoperine	21755-66-8	MVMXJBMAGBRAHD-UHFFFAOYSA-N		
1000	emepronium	27892-33-7	JEJBJBKVPOWOQK-UHFFFAOYSA-N		-ium
2220	pizotifen	15574-96-6	FIADGNVRKBPQEU-UHFFFAOYSA-N		
951	dosulepin	113-53-1	PHTUQLWOUWZIMZ-GZTJUZNOSA-N		-pin
892	diisopromine	5966-41-6	YBJKOPHEJOMRMN-UHFFFAOYSA-N		
609	chlorothiazide	58-94-6	JBMKAUGHUNFTOL-UHFFFAOYSA-N	OFP	-tizide
608	chloropyrilene	148-65-2	XAEXSWVTEJHRMH-UHFFFAOYSA-N		
3082	cetrimonium	57-09-0	RLGQACBPNDBWTB-UHFFFAOYSA-N		-ium
3566	sulfarside	1134-98-1	AKHFYKDNVOFEMG-UHFFFAOYSA-N		sulfa-
1650	meclofenamic acid	644-62-2	SBDNJUWAMKYJOX-UHFFFAOYSA-N	OFP	-fenamic acid
865	diclofenac	15307-86-5	DCOPUUMXTXDBNB-UHFFFAOYSA-N	OFP	-ac
2743	trifluridine	70-00-8	VSQQQLOSPVPRAZ-RRKCRQDMSA-N	OFP	-uridine
1915	nicofibrate	31980-29-7	RARQHAFNGNPQCZ-UHFFFAOYSA-N		-fibrate
3022	bermoprofen	78499-27-1	REHLODZXMGOGQP-UHFFFAOYSA-N		-profen
3743	exiproben	26281-69-6	YTPJKQPMTSNTGI-UHFFFAOYSA-N		
5793	zoliflodacin	1620458-09-4	ZSWMIFNWDQEXDT-ZESJGQACSA-N	ONP	-dacin
5842	acoramidis	1446711-81-4	WBFUHHBPNXWNCC-UHFFFAOYSA-N	ONP	
2301	propizepine	10321-12-7	YFLBETLXDPBWTD-UHFFFAOYSA-N		-zepine
1324	glycyclamide	664-95-9	RIGBPMDIGYBTBJ-UHFFFAOYSA-N		gly-
315	bentazepam	29462-18-8	AIZFEOPQVZBNGH-UHFFFAOYSA-N		-azepam
1122	exemestane	107868-30-4	BFYIZQONLCFLEV-DAELLWKTSA-N	OFP	-mestane
1082	ethinylestradiol	57-63-6	BFPYWIDHMRZLRN-SLHNCBLASA-N	OFP	-estr-
2046	palonosetron	135729-61-2	CPZBLNMUGSZIPR-NVXWUHKLSA-N	OFP	-setron
1583	lindane	58-89-9	JLYXXMFPNIAWKQ-GNIYUCBRSA-N	OFM	
170	dimevamide	60-46-8	NARHAGIVSFTMIG-UHFFFAOYSA-N		
2327	parathiazine	84-08-2	KJKJUXGEMYCCJN-UHFFFAOYSA-N		
1742	methdilazine	1982-37-2	HTMIBDQKFHUPSX-UHFFFAOYSA-N	OFM	
928	disulfiram	97-77-8	AUZONCFQVSMFAP-UHFFFAOYSA-N	OFP	
1147	fenclofenac	34645-84-6	IDKAXRLETRCXKS-UHFFFAOYSA-N		-ac
727	cholestyramine	11041-12-6			
3177	enilconazole	35554-44-0	PZBPKYOVPCNPJY-UHFFFAOYSA-N		-conazole
1892	nelarabine	121032-29-9	IXOXBSCIXZEQEQ-UHTZMRCNSA-N	OFP	-arabine
2764	tritiozine	35619-65-9	MVOUIYUWRXPNKD-UHFFFAOYSA-N		
1409	ibuprofen piconol	64622-45-3	ACEWLPOYLGNNHV-UHFFFAOYSA-N	OFP	-profen
1315	glybuzole	1492-02-0	NMWQEPCLNXHPDX-UHFFFAOYSA-N		gly-
5475	avalglucosidase alfa	1802558-87-7			-ase
3295	imipramine oxide	6829-98-7	QZIQORUGXBPDSU-UHFFFAOYSA-N		
3615	tolindate	27877-51-6	ANJNOJFLVNXCHT-UHFFFAOYSA-N		
972	duloxetine	116539-59-4	ZEUITGRIYCTCEM-KRWDZBQOSA-N	OFP	-oxetine
3169	dimantine	124-28-7	NAPSCFZYZVSQHF-UHFFFAOYSA-N		-mantine
5844	crinecerfont		IEAKXXNRGSLYTQ-DEOSSOPVSA-N	ONP	-cerfont
5845	ensartinib	1370651-20-9	GLYMPHUVMRFTFV-QLFBSQMISA-N	ONP	-tinib
1385	hydrochlorothiazide	58-93-5	JZUFKLXOESDKRF-UHFFFAOYSA-N	OFP	-tizide
5474	anifrolumab	1326232-46-5			-lumab
182	amlexanox	68302-57-8	SGRYPYWGNKJSDL-UHFFFAOYSA-N	OFM	-xanox
1781	metochalcone	18493-30-6	HVAKUYCEWDPRCA-UHFFFAOYSA-N		
2202	piribedil	3605-01-4	OQDPVLVUJFGPGQ-UHFFFAOYSA-N		-dil
1907	nialamide	51-12-7	NOIIUHRQUVNIDD-UHFFFAOYSA-N		
2858	zaltoprofen	74711-43-6	MUXFZBHBYYYLTH-UHFFFAOYSA-N		-profen
2749	alimemazine	84-96-8	ZZHLYYDVIOPZBE-UHFFFAOYSA-N	OFM	
245	artemether	71963-77-4	SXYIRMFQILZOAM-HVNFFKDJSA-N	OFP	arte-
3434	phenacaine	101-93-9	QXDAEKSDNVPFJG-UHFFFAOYSA-N		-caine
487	carazolol	57775-29-8	BQXQGZPYHWWCEB-UHFFFAOYSA-N		-olol
1812	minaprine	25905-77-5	LDMWSLGGVTVJPG-UHFFFAOYSA-N		
2196	piprozolin	17243-64-0	UAXYBJSAPFTPNB-UHFFFAOYSA-N		
872	diethazine	60-91-3	LURMIKVZJSMXQE-UHFFFAOYSA-N		
3345	methestrol	130-73-4	PYWBJEDBESDHNP-UHFFFAOYSA-N		-estr-
1965	norethynodrel	68-23-5	ICTXHFFSOAJUMG-SLHNCBLASA-N	OFM	-gest-
1962	norethisterone	68-22-4	VIKNJXKGJWUCNN-XGXHKTLJSA-N	OFP	-gest-
319	benzestrol	85-95-0	DUTFBSAKKUNBAL-UHFFFAOYSA-N		-estr-
3527	ricinoleic acid	141-22-0	WBHHMMIMDMUBKC-QJWNTBNXSA-N		
2404	rosaprostol	56695-65-9	NMAOJFAMEOVURT-RTKIROINSA-N		-prost-
1426	imipenem	64221-86-9	ZSKVGTPCRGIANV-ZXFLCMHBSA-N	OFP	-penem
1785	metopon	143-52-2	NPZXCTIHHUUEEJ-CMKMFDCUSA-N		
1386	hydrocodone	125-29-1	LLPOLZWFYMWNKH-CMKMFDCUSA-N	OFP	
4274	selenium sulfide	7488-56-4	JNMWHTHYDQTDQZ-UHFFFAOYSA-N	OFP	
725	codeine	76-57-3	OROGSEYTTFOCAN-DNJOTXNNSA-N	OFP	
1976	buphenine	447-41-6	PTGXAUBQBSGPKF-UHFFFAOYSA-N		-phenine
2628	thiazinam	2338-21-8	CDXCCYNINPIWGE-UHFFFAOYSA-N		
2045	palmidrol	544-31-0	HXYVTAGFYLMHSO-UHFFFAOYSA-N		
3622	traxanox	58712-69-9	MLCGWPUVZKTVLO-UHFFFAOYSA-N		-xanox
593	chlorcyclizine	82-93-9	WFNAKBGANONZEQ-UHFFFAOYSA-N		-izine
594	chlordiazepoxide	58-25-3	ANTSCNMPPGJYLG-UHFFFAOYSA-N	OFP	-azepam
1782	metoclopramide	364-62-5	TTWJBBZEZQICBI-UHFFFAOYSA-N	OFP	-pride
2572	tazobactam	89786-04-9	LPQZKKCYTLCDGQ-WEDXCCLWSA-N	OFP	-bactam
491	carbazochrome	69-81-8	XSXCZNVKFKNLPR-UHFFFAOYSA-N		
266	azapropazone	13539-59-8	MPHPHYZQRGLTBO-UHFFFAOYSA-N		-azone
2606	testolactone	968-93-4	BPEWUONYVDABNZ-DZBHQSCQSA-N	OFM	
3862	alitretinoin	5300-03-8	SHGAZHPCJJPHSC-ZVCIMWCZSA-N	OFP	-retin-
3390	norvinisterone	6795-60-4	VOJYZDFYEHKHAP-XGXHKTLJSA-N		-gest-
3204	norgesterone	13563-60-5	YPVUHOBTCWJYNQ-SLHNCBLASA-N		-gest-
2722	tretinoin	302-79-4	SHGAZHPCJJPHSC-YCNIQYBTSA-N	OFP	-retin-
1734	metandienone	72-63-9	XWALNWXLMVGSFR-HLXURNFRSA-N		-bol-
1508	isotretinoin	4759-48-2	SHGAZHPCJJPHSC-XFYACQKRSA-N	OFP	-retin-
5847	vanzacaftor		VCSUIBJKYCVWNF-NRFANRHFSA-N		-caftor
5848	deutivacaftor	1413431-07-8	PURKAOJPTOLRMP-ASMGOKTBSA-N	ONP	-caftor
1095	etynodiol	297-76-7	ONKUMRGIYFNPJW-KIEAKMPYSA-N	OFP	-gest-
125	allylestrenol	432-60-0	ATXHVCQZZJYMCF-XUDSTZEESA-N		-gest-
2585	temazepam	846-50-4	SEQDDYPDSLOBDC-UHFFFAOYSA-N	OFP	-azepam
682	clobazam	22316-47-8	CXOXHMZGEKVPMT-UHFFFAOYSA-N	OFP	-azepam
1099	etifoxine	21715-46-8	IBYCYJFUEJQSMK-UHFFFAOYSA-N		
3717	clomacran	5310-55-4	JFRLWWDJCFYFSU-UHFFFAOYSA-N		
2034	oxymorphone	76-41-5	UQCNKQCJZOAFTQ-ISWURRPUSA-N	OFP	-orphone
1510	isoxsuprine	395-28-8	BMUKKTUHUDJSNZ-UHFFFAOYSA-N		
937	dobutamine	34368-04-2	JRWZLRBJNMZMFE-UHFFFAOYSA-N	OFP	-opamine
886	dihydrocodeine	125-28-0	RBOXVHNMENFORY-DNJOTXNNSA-N	OFM	
13	levdobutamine	61661-06-1	JRWZLRBJNMZMFE-ZDUSSCGKSA-N		
4959	efalizumab	214745-43-4			-zumab
2579	tegaserod	145158-71-0	IKBKZGMPCYNSLU-UHFFFAOYSA-N	OFM	-serod
2745	trihexyphenidyl	144-11-6	HWHLPVGTWGOCJO-UHFFFAOYSA-N	OFP	-dyl
383	bisulepine	5802-61-9	ZLJLUTCIUOCIQM-NVNXTCNLSA-N		-pin
311	benoxaprofen	51234-28-7	MITFXPHMIHQXPI-UHFFFAOYSA-N		-profen
1047	eritrityl tetranitrate	7297-25-8	SNFOERUNNSHUGP-ZXZARUISSA-N		-nit-
3514	quercetin	117-39-5	REFJWTPEDVJJIY-UHFFFAOYSA-N		
1988	olsalazine	6054-98-4	QQBDLJCYGRGAKP-UHFFFAOYSA-N	OFP	-salazine
1362	hesperetin	520-33-2	AIONOLUJZLIMTK-AWEZNQCLSA-N		
2602	terizidone	25683-71-0	ODKYYBOHSVLGNU-IAGONARPSA-N		
1181	florantyrone	519-95-9	QOBAOSCOLAGPKI-UHFFFAOYSA-N		
800	delorazepam	2894-67-9	CHIFCDOIPRCHCF-UHFFFAOYSA-N		-azepam
1637	masoprocol	27686-84-6	HCZKYJDFEPMADG-TXEJJXNPSA-N	OFM	
3670	aminopropylone	3690-04-8	UQNCVOXEVRELFR-UHFFFAOYSA-N		
1238	formestane	566-48-3	OSVMTWJCGUFAOD-KZQROQTASA-N		-mestane
1026	epimestrol	7004-98-0	UHQGCIIQUZBJAE-RRQVMCLOSA-N		-estr-
999	emedastine	87233-61-2	KBUZBQVCBVDWKX-UHFFFAOYSA-N	OFM	-astine
1902	neticonazole	130726-68-0	VWOIKFDZQQLJBJ-DTQAZKPQSA-N		-conazole
3406	oxendolone	33765-68-3	FCKLFGKATYPJPG-SSTBVEFVSA-N		-olone
3356	methyltestosterone	58-18-4	GCKMFJBGXUYNAG-HLXURNFRSA-N	OFP	-testosterone
3174	eicosapentaenoic acid	10417-94-4	JAZBEHYOTPTENJ-JLNKQSITSA-N	OFP	
5314	moxetumomab pasudotox	1020748-57-5			-omab
5854	tegomil fumarate	1817769-42-8	XBRIIHOHDRTZMQ-GGWOSOGESA-N		
5857	arimoclomol	289893-25-0	SGEIEGAXKLMUIZ-XUVDNFPMSA-N	ONP	
1961	norethandrolone	52-78-8	ZDHCJEIGTNNEMY-XGXHKTLJSA-N		-andr-
1743	methenolone	153-00-4	ANJQEDFWRSLVBR-VHUDCFPWSA-N		-bol-
2736	tricyclamol chloride	3818-88-0	FRBBPWXCRBHYJQ-UHFFFAOYSA-N		
1190	fludiazepam	3900-31-0	ROYOYTLGDLIGBX-UHFFFAOYSA-N		-azepam
412	broxyquinoline	521-74-4	ZDASUJMDVPTNTF-UHFFFAOYSA-N		
5021	agalsidase alfa				-ase
1071	ethacrynic acid	58-54-8	AVOLMBLBETYQHX-UHFFFAOYSA-N	OFP	-crinat
3791	narcobarbital	125-55-3	WGMASVSHOSNKMF-UHFFFAOYSA-N		-barb-
1459	Iofetamine (123I)	85068-76-4	ISEHJSHTIVKELA-DCWJVSPSSA-N		io-
1195	flumazenil	78755-81-4	OFBIFZUFASYYRE-UHFFFAOYSA-N	OFP	-azenil
2184	pipemidic acid	51940-44-4	JOHZPMXAZQZXHR-UHFFFAOYSA-N		-oxacin
5016	alirocumab	1245916-14-6			-umab
2424	scopolamine	51-34-3	STECJAGHUSJQJN-VJQRDGCPSA-N	OFP	
1155	fenoterol	13392-18-2	LSLYOANBFKQKPT-UHFFFAOYSA-N		-terol
723	cocaine	50-36-2	ZPUCINDJVBIVPJ-LJISPDSOSA-N	OFP	-caine
3642	vildagliptin	274901-16-5	SYOKIDBDQMKNDQ-XWTIBIIYSA-N		-gliptin
2208	piroheptine	16378-21-5	NKJQZSDCCLDOQH-UHFFFAOYSA-N		
5030	alglucosidase alfa	420784-05-0			-ase
691	clofarabine	123318-82-1	WDDPHFBMKLOVOX-AYQXTPAHSA-N	OFP	-arabine
2136	phenoxybenzamine	59-96-1	QZVCTJOXCFMACW-UHFFFAOYSA-N	OFP	
617	chlorphenoxamine	77-38-3	KKHPNPMTPORSQE-UHFFFAOYSA-N		
588	chlorambucil	305-03-3	JCKYGMPEJWAADB-UHFFFAOYSA-N	OFP	
4050	spaglumic acid	4910-46-7	GUCKKCMJTSNWCU-BQBZGAKWSA-N		
1215	flupirtine	56995-20-1	JUUFBMODXQKSTD-UHFFFAOYSA-N		
3565	xyloylsulfamine	120-34-3	LFAXYIHYMGEIHW-UHFFFAOYSA-N		-sulfa-
2665	tilisolol	85136-71-6	TWVUMMQUXMYOOH-UHFFFAOYSA-N		-olol
2348	quinupramine	31721-17-2	JCBQCKFFSPGEDY-UHFFFAOYSA-N		-pramine
3342	mesterolone	1424-00-6	UXYRZJKIQKRJCF-TZPFWLJSSA-N		-ster-
3341	mestanolone	521-11-9	WYZDXEKUWRCKOB-YDSAWKJFSA-N		-stan-
5031	mogamulizumab	1159266-37-1			-zumab
1733	methandriol	521-10-8	WRWBCPJQPDHXTJ-DTMQFJJTSA-N		-andr-
3083	cetylpyridinium	7773-52-6	NEUSVAOJNUQRTM-UHFFFAOYSA-N		-ium
3716	clobuzarit	22494-47-9	UGOFYAXVVVXMQT-UHFFFAOYSA-N		-arit
615	chlorfenethazine	2095-24-1	ILROKGAXBGPFAI-UHFFFAOYSA-N		
864	dichlorphenamide	120-97-8	GJQPMPFPNINLKP-UHFFFAOYSA-N	OFP	
4961	raxibacumab	565451-13-0			-umab
5033	hyaluronidase	9001-54-1			-ase
1633	mannomustine	576-68-1	MQXVYODZCMMZEM-ZYUZMQFOSA-N		-mustine
5858	levacetylleucine	1188-21-2	WXNXCEHXYPACJF-ZETCQYMHSA-N	ONP	
5861	flurpiridaz F-18	863887-89-2	RMXZKEPDYBTFOS-LRFGSCOBSA-N	ONP	
5860	berdazimer				-mer
1678	melphalan	148-82-3	SGDBTWWWUNNDEQ-LBPRGKRZSA-N	OFP	
1018	entacapone	130929-57-6	JRURYQJSLYLRLN-BJMVGYQFSA-N	OFP	-capone
2857	zaleplon	151319-34-5	HUNXMJYCHXQEGX-UHFFFAOYSA-N	OFP	-plon
582	cetraxate	34675-84-8	FHRSHSOEWXUORL-HDJSIYSDSA-N		
418	bucumolol	58409-59-9	CIJVBYRUFLGDHY-UHFFFAOYSA-N		-olol
261	atropine oxyde	4438-22-6	HGWPFSBHDACWNL-LZYIFBDPSA-N		-trop-
3064	capsaicin	404-86-4	YKPUWZUDDOIDPM-SOFGYWHQSA-N	OFP	-saicin
5864	aceneuramic acid	131-48-6	KBGAYAKRZNYFFG-BOHATCBPSA-N		
681	clioquinol	130-26-7	QCDFBFJGMNKBDO-UHFFFAOYSA-N	OFM	-quine
1153	fenoldopam	67227-56-9	TVURRHSHRRELCG-UHFFFAOYSA-N	OFM	-opamine
2436	sertraline	79617-96-2	VGKDLMBJGBXTGI-SJCJKPOMSA-N	OFP	-traline
1187	fluconazole	86386-73-4	RFHAOTPXVQNOHP-UHFFFAOYSA-N	OFP	-conazole
44	acediasulfone	80-03-5	FKKUMFTYSTZUJG-UHFFFAOYSA-N		
3247	formylsulfamethin	795-13-1	LACNPVKUGFOYFW-UHFFFAOYSA-N		
3438	phenolphthalol	81-92-5	CREICILGVGNQBH-UHFFFAOYSA-N		
2296	propentofylline	55242-55-2	RBQOQRRFDPXAGN-UHFFFAOYSA-N		-fylline
2408	roxatidine acetate	78628-28-1	SMTZFNFIKUPEJC-UHFFFAOYSA-N		
2011	oxandrolone	53-39-4	QSLJIVKCVHQPLV-PEMPUTJUSA-N	OFM	-bol-
3050	butacaine	149-16-6	HQFWVSGBVLEQGA-UHFFFAOYSA-N		-caine
2800	valethamate	16376-74-2	UPPMZCXMQRVMME-UHFFFAOYSA-N		
5034	protamine sulfate	9009-65-8			
2222	plaunotol	64218-02-6	SUWYPNNPLSRNPS-UNTSEYQFSA-N		
3181	epitiostanol	2363-58-8	OBMLHUPNRURLOK-XGRAFVIBSA-N		
3042	broxuridine	59-14-3	WOVKYSAHUYNSMH-RRKCRQDMSA-N		-uridine
1943	nitazoxanide	55981-09-4	YQNQNVDNTFHQSW-UHFFFAOYSA-N	OFP	-oxanide
1312	glutathione	70-18-8	RWSXRVCMGQZWBV-WDSKDSINSA-N	OFP	
3892	carbocysteine-lysine	82951-55-1	ZXFWVUHYOBPQHY-YUMQZZPRSA-N	OFP	
3836	sulfasymazine	1984-94-7	ZQMQGBHQZZQTJE-UHFFFAOYSA-N		sulfa-
1405	ibopamine	66195-31-1	WDKXLLJDNUBYCY-UHFFFAOYSA-N		-opamine
422	buflomedil	55837-25-7	OWYLAEYXIQKAOL-UHFFFAOYSA-N		-dil
1853	moxaverine	10539-19-2	MYCMTMIGRXJNSO-UHFFFAOYSA-N		-verine
3579	talastine	16188-61-7	LCAAMXMULMCKLJ-UHFFFAOYSA-N		-astine
2870	zolpidem	82626-48-0	ZAFYATHCZYHLPB-UHFFFAOYSA-N	OFP	-pidem
3617	tolnaftate	2398-96-1	FUSNMLFNXJSCDI-UHFFFAOYSA-N		
4079	fabomotizole	173352-21-1	WWNUCVSRRUDYPP-UHFFFAOYSA-N		
3675	amprotropine	148-32-3	ORXLOAFNULMXBG-UHFFFAOYSA-N		
442	butamirate	18109-80-3	DDVUMDPCZWBYRA-UHFFFAOYSA-N		
356	betaxolol	63659-18-7	NWIUTZDMDHAVTP-UHFFFAOYSA-N	OFP	-olol
333	benzatropine	86-13-5	GIJXKZJWITVLHI-PMOLBWCYSA-N	OFP	-trop-
858	mitobronitol	488-41-5	VFKZTMPDYBFSTM-KVTDHHQDSA-N		mito-
857	mitolactol	10318-26-0	VFKZTMPDYBFSTM-GUCUJZIJSA-N		mito-
3476	pirenoxine	1043-21-6	OKPNYGAWTYOBFZ-UHFFFAOYSA-N		
3572	sulisobenzone	4065-45-6	CXVGEDCSTKKODG-UHFFFAOYSA-N		
1935	nimesulide	51803-78-2	HYWYRSMBCFDLJT-UHFFFAOYSA-N		ni-
2847	warfarin	81-81-2	PJVWKTKQMONHTI-UHFFFAOYSA-N	OFP	
3532	roquinimex	84088-42-6	SGOOQMRIPALTEL-UHFFFAOYSA-N		-imex-
4277	iron	7439-89-6	XEEYBQQBJWHFJM-UHFFFAOYSA-N		
1924	nifenazone	2139-47-1	BRZANEXCSZCZCI-UHFFFAOYSA-N		-azone
2787	ubenimex	58970-76-6	VGGGPCQERPFHOB-RDBSUJKOSA-N		-imex-
2145	phenylbutazone	50-33-9	VYMDGNCVAMGZFE-UHFFFAOYSA-N	OFM	-butazone
1292	gestrinone	16320-04-0	BJJXHLWLUDYTGC-ANULTFPQSA-N		-gest-
3771	metabutoxycaine	3624-87-1	LJQWYEFHNLTPBZ-UHFFFAOYSA-N		-caine
3016	oxybuprocaine	99-43-4	CMHHMUWAYWTMGS-UHFFFAOYSA-N	OFP	-caine
1434	indecainide	74517-78-5	UCEWGESNIULAGX-UHFFFAOYSA-N	OFM	-cain-
2175	pinazepam	52463-83-9	MFZOSKPPVCIFMT-UHFFFAOYSA-N		-azepam
136	alprazolam	28981-97-7	VREFGVBLTWBCJP-UHFFFAOYSA-N	OFP	-azepam
159	aminaphthone	14748-94-8	YLMPBJUYFTWHKJ-UHFFFAOYSA-N		
1209	fluoxetine	54910-89-3	RTHCYVBBDHJXIQ-UHFFFAOYSA-N	OFP	-oxetine
1321	glymidine	3459-20-9	QFWPJPIVLCBXFJ-UHFFFAOYSA-N		gli-
2506	sulfaguanole	27031-08-9	IJZUQDQOAFUFJY-UHFFFAOYSA-N		sulfa-
3724	diacetazotol	83-63-6	YIEDSISPYKQADU-FMQUCBEESA-N		
1865	nadolol	42200-33-9	VWPOSFSPZNDTMJ-UHFFFAOYSA-N	OFP	-olol
1779	metipranolol	22664-55-7	BQIPXWYNLPYNHW-UHFFFAOYSA-N	OFM	-olol
1495	isomethadone	466-40-0	IFKPLJWIEQBPGG-UHFFFAOYSA-N		
3158	dioxadrol	6495-46-1	HGKAMARNFGKMLC-UHFFFAOYSA-N		
187	amolanone	76-65-3	HPITVGRITATAFY-UHFFFAOYSA-N		-caine
3881	benzydamine	642-72-8	CNBGNNVCVSKAQZ-UHFFFAOYSA-N		
1530	ketotifen	34580-13-7	ZCVMWBYGMWKGHF-UHFFFAOYSA-N	OFP	
1728	methadone	76-99-3	USSIQXCVUWKGNF-UHFFFAOYSA-N	OFP	
313	diphenidol	972-02-1	OGAKLTJNUQRZJU-UHFFFAOYSA-N	OFM	
1780	metixene	4969-02-2	MJFJKKXQDNNUJF-UHFFFAOYSA-N	OFM	
868	dicycloverine	77-19-0	CURUTKGFNZGFSE-UHFFFAOYSA-N	OFP	-verine
3086	chloralose	15879-93-3	OJYGBLRPYBAHRT-IPQSZEQASA-N		
2163	picrotin	21416-53-5	RYEFFICCPKWYML-QCGISDTRSA-N		
94	adiphenine	64-95-9	JGOAIQNSOGZNBX-UHFFFAOYSA-N		-phenine
2503	sulfadoxine	2447-57-6	PJSFRIWCGOHTNF-UHFFFAOYSA-N	OFM	sulfa-
2501	sulfadimethoxine	122-11-2	ZZORFUFYDOWNEF-UHFFFAOYSA-N		sulfa-
2719	trepibutone	41826-92-0	YPTFHLJNWSJXKG-UHFFFAOYSA-N		
3079	cetamolol	34919-98-7	UWCBNAVPISMFJZ-UHFFFAOYSA-N		-olol
370	bifonazole	60628-96-8	OCAPBUJLXMYKEJ-UHFFFAOYSA-N		-conazole
4917	ramucirumab	947687-13-0			-umab
5019	turoctocog alfa	1192451-26-5			-octocog
1714	mestranol	72-33-3	IMSSROKUHAOUJS-MJCUULBUSA-N	OFM	-estr-
1291	gestodene	60282-87-3	SIGSPDASOTUPFS-XUDSTZEESA-N		-gest-
1688	pecazine	60-89-9	CBHCDHNUZWWAPP-UHFFFAOYSA-N		
818	desogestrel	54024-22-5	RPLCPCMSCLEKRS-BPIQYHPVSA-N	OFP	-gest-
1623	mabuterol	56341-08-3	JSJCTEKTBOKRST-UHFFFAOYSA-N		-buterol
5015	pegvisomant	218620-50-9			
740	croconazole	77175-51-0	WHPAGCJNPTUGGD-UHFFFAOYSA-N		-conazole
123	alloclamide	5486-77-1	UHWFVIPXDFZTFA-UHFFFAOYSA-N		
814	desloratadine	100643-71-8	JAUOIFJMECXRGI-UHFFFAOYSA-N	OFP	-tadine
1877	nalorphine	62-67-9	UIQMVEYFGZJHCZ-SSTWWWIQSA-N		-orphine
453	butofilolol	58930-32-8	NMBNQRJDEPOXCP-UHFFFAOYSA-N		-olol
149	ambutonium	14007-49-9	KFZMXOLSYABOSE-UHFFFAOYSA-O		
2694	tolazamide	1156-19-0	OUDSBRTVNLOZBN-UHFFFAOYSA-N	OFM	gli-
1717	metahexamide	565-33-3	XXYTXQGCRQLRHA-UHFFFAOYSA-N		gli-
3243	fomocaine	17692-39-6	CVHGCWVMTZWGAY-UHFFFAOYSA-N		-caine
3220	femoxetine	59859-58-4	OJSFTALXCYKKFQ-YLJYHZDGSA-N		-oxetine
871	dienogest	65928-58-7	AZFLJNIPTRTECV-FUMNGEBKSA-N	OFP	-gest-
5004	ocriplasmin	1048016-09-6			
4989	velaglucerase alfa	884604-91-5			-ase
3730	dimepheptanol	545-90-4	QIRAYNIFEOXSPW-UHFFFAOYSA-N		
374	biperiden	514-65-8	YSXKPIUOCJLQIE-UHFFFAOYSA-N	OFM	
3325	lodoxamide	53882-12-5	RVGLGHVJXCETIO-UHFFFAOYSA-N	OFM	
2334	pyrrobutamine	91-82-7	WDYYVNNRTDZKAZ-UHFFFAOYSA-N		
3493	propamidine	104-32-5	WTFXJFJYEJZMFO-UHFFFAOYSA-N		
246	artemotil	75887-54-6	NLYNIRQVMRLPIQ-XQLAAWPRSA-N		arte-
1410	ibuprofen guaiacol ester	66332-77-2	FVRWRGBTEHAPDI-UHFFFAOYSA-N	OFP	-profen
2001	oseltamivir	196618-13-0	VSZGPKBBMSAYNT-RRFJBIMHSA-N	OFP	-amivir
2241	praziquantel	55268-74-1	FSVJFNAIGNNGKK-UHFFFAOYSA-N	OFP	-antel
1329	granisetron	109889-09-0	MFWNKCLOYSRHCJ-BTTYYORXSA-N	OFP	-setron
3268	glybuthiazol	535-65-9	DVQVBLBKEXITIK-UHFFFAOYSA-N		gly-
4964	brentuximab vedotin	914088-09-8			-dotin
1982	olanzapine	132539-06-1	KVWDHTXUZHCGIO-UHFFFAOYSA-N	OFP	-apine
2655	tibolone	5630-53-5	WZDGZWOAQTVYBX-XOINTXKNSA-N		-bolone
1572	levonorgestrel	797-63-7	WWYNJERNGUHSAO-XUDSTZEESA-N	OFP	-gest-
1084	ethisterone	434-03-7	CHNXZKVNWQUJIB-CEGNMAFCSA-N		-gest-
1186	flubendazole	31430-15-6	CPEUVMUXAHMANV-UHFFFAOYSA-N		-bendazole
975	dydrogesterone	152-62-5	JGMOKGBVKVMRFX-HQZYFCCVSA-N	OFM	-gest-
803	demegestone	10116-22-0	JWAHBTQSSMYISL-MHTWAQMVSA-N		-gest-
1086	profenamine	522-00-9	CDOZDBSBBXSXLB-UHFFFAOYSA-N	OFM	
1597	lonazolac	53808-88-1	XVUQHFRQHBLHQD-UHFFFAOYSA-N		-ac
1202	flunitrazepam	1622-62-4	PPTYJKAXVCCBDU-UHFFFAOYSA-N		-azepam
5083	ixekizumab	1143503-69-8			-zumab
310	benorilate	5003-48-5	FEJKLNWAOXSSNR-UHFFFAOYSA-N		
3207	ethylmorphine	76-58-4	OGDVEMNWJVYAJL-LEPYJNQMSA-N		-orphine
3027	xenysalate	3572-52-9	HLDCSYXMVXILQC-UHFFFAOYSA-N		-sal-
2361	reboxetine	71620-89-8	CBQGYUDMJHNJBX-RTBURBONSA-N		-oxetine
2030	oxyfedrine	15687-41-9	GDYUVHBMFVMBAF-LIRRHRJNSA-N		-drine
4991	lipegfilgrastim	1117844-87-7			-grastim
1438	indisetron	141549-75-9	MHNNVDILNTUWNS-XYYAHUGASA-N		-setron
1144	fenalcomine	34616-39-2	DOBLSWXRNYSVDC-UHFFFAOYSA-N		
612	chlorozotocin	54749-90-5	MYBLAOJMRYYKMS-RTRLPJTCSA-N		
191	amoxapine	14028-44-5	QWGDMFLQWFTERH-UHFFFAOYSA-N	OFP	-apine
780	dantrolene	7261-97-4	OZOMQRBLCMDCEG-VIZOYTHASA-N	OFP	
4978	etanercept	185243-69-0			-nercept
3472	pimefylline	10001-43-1	CDHVRXOLGDSJGX-UHFFFAOYSA-N		-fylline
2397	rofecoxib	162011-90-7	RZJQGNCSTQAWON-UHFFFAOYSA-N	OFM	-coxib
2799	valdecoxib	181695-72-7	LNPDTQAFDNKSHK-UHFFFAOYSA-N	OFM	-coxib
2523	sulfaphenazole	526-08-9	QWCJHSGMANYXCW-UHFFFAOYSA-N	OFM	sulfa-
2358	ranitidine	66357-35-5	VMXUWOKSQNHOCA-UHFFFAOYSA-N	OFP	-tidine
1756	methopromazine	61-01-8	BRABPYPSZVCCLR-UHFFFAOYSA-N		
4109	dronabinol	1972-08-3	CYQFCXCEBYINGO-IAGOWNOFSA-N	OFP	-nab-
2279	progesterone	57-83-0	RJKFOVLPORLFTN-LEKSSAKUSA-N	OFP	-gest-
3557	sulbentine	350-12-9	QFVAWNPSRQWSDU-UHFFFAOYSA-N		
2105	pergolide	66104-22-1	YEHCICAEULNIGD-MZMPZRCHSA-N	OFM	-golide
4703	satraplatin	129580-63-8			-platin
711	clorazepate	57109-90-7	XDDJGVMJFWAHJX-UHFFFAOYSA-N	OFP	-azepam
1381	homochlorcyclizine	848-53-3	WEUCDJCFJHYFRL-UHFFFAOYSA-N		-izine
701	clomipramine	303-49-1	GDLIGKIOYRNHDA-UHFFFAOYSA-N	OFP	-pramine
3326	loflucarban	790-69-2	ZHNUMLOCJMCLIT-UHFFFAOYSA-N		
2029	oxycodone	76-42-6	BRUQQQPBMZOVGD-XFKAJCMBSA-N	OFP	
120	alizapride	59338-93-1	KSEYRUGYKHXGFW-UHFFFAOYSA-N		-pride
2317	protizinic acid	13799-03-6	VSQMKHNDXWGCDB-UHFFFAOYSA-N		-profen
1818	mitiglinide	145375-43-5	WPGGHFDDFPHPOB-BBWFWOEESA-N		-gli-
4114	saxagliptin	361442-04-8	QGJUIPDUBHWZPV-SGTAVMJGSA-N	OFP	-gliptin
1148	fendiline	13042-18-7	NMKSAYKQLCHXDK-UHFFFAOYSA-N		
4290	magnesium sulfate	7487-88-9			
3416	pamaquine	491-92-9	QTQWMSOQOSJFBV-UHFFFAOYSA-N		-quine
2407	rotigotine	99755-59-6	KFQYTPMOWPVWEJ-INIZCTEOSA-N	OFP	-golide
3630	triclocarban	101-20-2	ICUTUKXCWQYESQ-UHFFFAOYSA-N		
989	efavirenz	154598-52-4	XPOQHMRABVBWPR-ZDUSSCGKSA-N	OFP	-vir-
1249	fotemustine	92118-27-9	YAKWPXVTIGTRJH-UHFFFAOYSA-N		-mustine
4296	potassium iodide	7681-11-0			-io-
703	clonazepam	1622-61-3	DGBIGWXXNGSACT-UHFFFAOYSA-N	OFP	-azepam
1165	fentiazac	18046-21-4	JIEKMACRVQTPRC-UHFFFAOYSA-N		-ac
3714	clobenzepam	1159-93-9	IDWVKNARDDZONS-UHFFFAOYSA-N		-azepam
623	chlorprothixene	113-59-7	WSPOMRSOLSGNFJ-AUWJEWJLSA-N	OFM	
2087	pentaerithrityl tetranitrate	78-11-5	TZRXHJWUDPFEEY-UHFFFAOYSA-N		-nit-
399	bromazepam	1812-30-2	VMIYHDSEFNYJSL-UHFFFAOYSA-N		-azepam
1137	febuxostat	144060-53-7	BQSJTQLCZDPROO-UHFFFAOYSA-N	OFP	-xostat
2672	tinoridine	24237-54-5	PFENFDGYVLAFBR-UHFFFAOYSA-N		
4061	timolol	26839-75-8	BLJRIMJGRPQVNF-JTQLQIEISA-N	OFP	-olol
440	butalamine	22131-35-7	VYWQZAARVNRSTR-UHFFFAOYSA-N		
2256	pregnenolone succinate	4598-67-8	OZZAYJQNMKMUSD-DMISRAGPSA-N		-olone
4350	ammonium chloride	12125-02-9			
468	calusterone	17021-26-0	IVFYLRMMHVYGJH-PVPPCFLZSA-N		-ster-
1933	nilutamide	63612-50-0	XWXYUMMDTVBTOU-UHFFFAOYSA-N	OFP	-lutamide
2863	zimeldine	56775-88-3	OYPPVKRFBIWMSX-SXGWCWSVSA-N		
2038	oxyphenisatine	125-13-3	SJDACOMXKWHBOW-UHFFFAOYSA-N		
806	denopamine	71771-90-9	VHSBBVZJABQOSG-INIZCTEOSA-N		-opamine
4979	trastuzumab	180288-69-1			-zumab
237	arbutamine	128470-16-6	IIRWWTKISYTTBL-SFHVURJKSA-N	OFM	
2609	tetrabenazine	58-46-8	MKJIEFSOBYUXJB-HOCLYGCPSA-N	OFP	
1886	nateglinide	105816-04-4	OELFLUMRDSZNSF-BRWVUGGUSA-N	OFP	-gli-
444	butenafine	101828-21-1	ABJKWBDEJIDSJZ-UHFFFAOYSA-N	OFP	-afine
1371	hexocyclium	6004-98-4	ZRYHPQCHHOKSMD-UHFFFAOYSA-N	OFM	-ium
188	amorolfine	78613-35-1	MQHLMHIZUIDKOO-AYHJJNSGSA-N		
1652	mecloxamine	5668-06-4	WILANEPAIMJUCP-UHFFFAOYSA-N		
2070	pazufloxacin	127045-41-4	XAGMUUZPGZWTRP-ZETCQYMHSA-N		-floxacin
2135	phenolphthalein	77-09-8	KJFMBFZCATUALV-UHFFFAOYSA-N		
1230	fluvoxamine	54739-18-3	CJOFXWAVKWHTFT-XSFVSMFZSA-N	OFP	
1757	methscopolamine	13265-10-6	LZCOQTDXKCNBEE-IKIFYQGPSA-N	OFP	
2687	tocamphyl	5634-42-4			
2031	oxymesterone	145-12-0	RXXBBHGCAXVBES-XMUHMHRVSA-N		-sterone
3025	bietamiverine	479-81-2	JGTJANXYSNVLMQ-UHFFFAOYSA-N		-verine
2660	tiemonium	6252-92-2	HJDYAOBDPZQHOD-UHFFFAOYSA-N		-ium
997	eltanolone	128-20-1	AURFZBICLPNKBZ-YZRLXODZSA-N		-olone
2737	tridihexethyl	60-49-1	NPRHVSBSZMAEIN-UHFFFAOYSA-N	OFM	
2666	tiludronic acid	89987-06-4	DKJJVAGXPKPDRL-UHFFFAOYSA-N	OFM	-dronic acid
718	clotiazepam	33671-46-4	CHBRHODLKOZEPZ-UHFFFAOYSA-N		-azepam
621	chlorpromazine	50-53-3	ZPEIMTDSQAKGNT-UHFFFAOYSA-N	OFP	
1404	ibandronic acid	114084-78-5	MPBVHIBUJCELCL-UHFFFAOYSA-N	OFP	-dronic acid
4948	dinutuximab	1363687-32-4			-ximab
4949	belimumab	356547-88-1			-umab
830	dexbrompheniramine	132-21-8	ZDIGNSYAACHWNL-HNNXBMFYSA-N	OFM	
408	brompheniramine	86-22-6	ZDIGNSYAACHWNL-UHFFFAOYSA-N	OFP	
1967	norfloxacin	70458-96-7	OGJPXUAPXNRGGI-UHFFFAOYSA-N	OFM	-floxacin
2019	oxetorone	26020-55-3	VZVRZTZPHOHSCK-UHFFFAOYSA-N		
1021	epalrestat	82159-09-9	CHNUOJQWGUIOLD-NFZZJPOKSA-N		-restat
4950	abciximab	143653-53-6			-ximab
3122	cyclodrine	78853-39-1	LMKPHJYTFHAGHK-UHFFFAOYSA-N		-drine
3979	lanoconazole	101530-10-3	ZRTQSJFIDWNVJW-WYMLVPIESA-N		-conazole
607	chloroquine	54-05-7	WHTVZRBIWZFKQO-UHFFFAOYSA-N	OFP	-quine
1013	enoxacin	74011-58-8	IDYZIJYBMGIQMJ-UHFFFAOYSA-N	OFM	-oxacin
4951	ofatumumab	679818-59-8			-umab
1860	mycophenolic acid	37415-62-6	HPNSFSBZBAHARI-RUDMXATFSA-N	OFP	
3193	eterobarb	27511-99-5	DACOQFZGGLCXMA-UHFFFAOYSA-N		-barb-
1169	feprazone	30748-29-9	RBBWCVQDXDFISW-UHFFFAOYSA-N		-azone
860	dibunate	14992-59-7	WBEBQCINXJDZCX-UHFFFAOYSA-N		
472	camylofin	54-30-8	RYOOHIUJEJZCFT-UHFFFAOYSA-N		-verine
4952	canakinumab	914613-48-2			-umab
4953	daclizumab	152923-56-3			-umab
4954	cetuximab	205923-56-4			-ximab
2667	timepidium	35035-05-3	PDYOTUCJOLELJU-UHFFFAOYSA-N		-ium
1606	lorazepam	846-49-1	DIWRORZWFLOCLC-UHFFFAOYSA-N	OFP	-azepam
1598	lonidamine	50264-69-2	WDRYRZXSPDWGEB-UHFFFAOYSA-N		
503	carboquone	24279-91-2	SHHKQEUPHAENFK-UHFFFAOYSA-N		
1128	famciclovir	104227-87-4	GGXKWVWZWMLJEH-UHFFFAOYSA-N	OFP	-ciclovir
3257	gabexate	39492-01-8	YKGYIDJEEQRWQH-UHFFFAOYSA-N		-gab-
2119	phenazocine	127-35-5	ZQHYKVKNPWDQSL-UHFFFAOYSA-N		-azocine
883	dihexyverine	561-77-3	MNSQDVCVWNXBFQ-UHFFFAOYSA-N		-verine
708	clopidogrel	113665-84-2	GKTWGGQPFAXNFI-HNNXBMFYSA-N	OFP	-grel
4074	minodronic acid	180064-38-4	VMMKGHQPQIEGSQ-UHFFFAOYSA-N		-dronic acid
4955	panitumumab	339177-26-3			-umab
4956	bevacizumab	216974-75-3			-zumab
4957	pertuzumab	380610-27-5			-zumab
3121	cyclocoumarol	518-20-7	ZGFASEKBKWVCGP-UHFFFAOYSA-N		-arol
1522	kebuzone	853-34-9	LGYTZKPVOAIUKX-UHFFFAOYSA-N		-buzone
2860	zeranol	26538-44-3	DWTTZBARDOXEAM-GXTWGEPZSA-N		
3271	glyhexamide	451-71-8	NFRPNQDSKJJQGV-UHFFFAOYSA-N		gly-
1707	mequitazine	29216-28-2	HOKDBMAJZXIPGC-UHFFFAOYSA-N		
231	aprindine	37640-71-4	NZLBHDRPUJLHCE-UHFFFAOYSA-N		
377	bisaramil	89194-77-4	PMCPYLGCPSNSLS-FOLVSLTJSA-N		-pamil
3112	clostebol	1093-58-9	KCZCIYZKSLLNNH-FBPKJDBXSA-N		-bol
589	chloramphenicol	56-75-7	WIIZWVCIJKGZOK-RKDXNWHRSA-N	OFM	
1701	mepixanox	17854-59-0	PYSOHOOUXFWCFF-UHFFFAOYSA-N		-xanox
899	dimefline	1165-48-6	ZXFQRFXLFWWKLX-UHFFFAOYSA-N		
4958	ipilimumab	477202-00-9			-umab
4945	pancreozymin	9011-97-6			
1299	gliclazide	21187-98-4	BOVGTQGAOIONJV-UHFFFAOYSA-N		gli-
3453	guaiapate	852-42-6	PPVFOZYARYOARE-UHFFFAOYSA-N		
3046	bufetolol	53684-49-4	AKLNLVOZXMQGSI-UHFFFAOYSA-N		-olol
637	cicloprolol	94651-09-9	JNDJPKHYZWRRIS-UHFFFAOYSA-N		-olol
2190	piperidolate	82-98-4	KTHVBAZBLKXIHZ-UHFFFAOYSA-N		
653	cinnamaverine	1679-75-0	UTTZVFFEPWFVRY-UHFFFAOYSA-N		-verine
1621	lysergide	50-37-3	VAYOSLLFUXYJDT-RDTXWAMCSA-N		-erg-
3614	tolciclate	50838-36-3	CANCCLAKQQHLNK-UHFFFAOYSA-N		
746	cyamemazine	3546-03-0	SLFGIOIONGJGRT-UHFFFAOYSA-N		
2040	oxysonium	3569-58-2	PMFZALLSVLZXMR-UHFFFAOYSA-N		-ium
2766	trofosfamide	22089-22-1	UMKFEPPTGMDVMI-UHFFFAOYSA-N		-mustine
1256	furaltadone	139-91-3	YVQVOQKFMFRVGR-VGOFMYFVSA-N		nifur-
991	efloxate	119-41-5	ZVXBAHLOGZCFTP-UHFFFAOYSA-N		
2798	valaciclovir	124832-27-5	HDOVUKNUBWVHOX-QMMMGPOBSA-N	OFP	-ciclovir
3931	dolasetron	115956-12-2	UKTAZPQNNNJVKR-MMUVGSQPSA-N	OFM	-setron
3674	amphotalide	1673-06-9	GIIGAFADHXYOPM-UHFFFAOYSA-N		
2036	oxyphenbutazone	129-20-4	HFHZKZSRXITVMK-UHFFFAOYSA-N	OFM	-butazone
929	ditazole	18471-20-0	UUCMDZWCRNZCOY-UHFFFAOYSA-N		
3386	nitracrine	4533-39-5	YMVWGSQGCWCDGW-UHFFFAOYSA-N		-crine
1053	escitalopram	128196-01-0	WSEQXVZVJXJVFP-FQEVSTJZSA-N	OFP	
663	citalopram	59729-33-8	WSEQXVZVJXJVFP-UHFFFAOYSA-N	OFP	
57	acetohexamide	968-81-0	VGZSUPCWNCWDAN-UHFFFAOYSA-N	OFM	gli-
3646	viquidil	84-55-9	DKRSEIPLAZTSFD-LSDHHAIUSA-N		-dil
2346	quinidine	56-54-2	LOUPRKONTZGTKE-LHHVKLHASA-N	OFP	
949	dorzolamide	120279-96-1	IAVUPMFITXYVAF-XPUUQOCRSA-N	OFP	
1110	etonogestrel	54048-10-1	GCKFUYQCUCGESZ-BPIQYHPVSA-N	OFP	-gest-
850	diampromide	552-25-0	RXTHKWVSXOIHJS-UHFFFAOYSA-N		
3651	vorozole	129731-10-8	XLMPPFTZALNBFS-INIZCTEOSA-N		-rozole
2240	prazepam	2955-38-6	MWQCHHACWWAQLJ-UHFFFAOYSA-N	OFM	-azepam
481	capobenic acid	21434-91-3	MPTXLVRHYGBOQY-UHFFFAOYSA-N		
1042	ergometrine	60-79-7	WVVSZNPYNCNODU-XTQGRXLLSA-N		-erg-
3392	octabenzone	1843-05-6	QUAMTGJKVDWJEQ-UHFFFAOYSA-N		
1648	mecillinam	32887-01-7	BWWVAEOLVKTZFQ-ISVUSNJMSA-N	OFM	-cillinam
380	bisoprolol	66722-44-9	VHYCDWMUTMEGQY-UHFFFAOYSA-N	OFP	-olol
1419	ifenprodil	23210-56-2	UYNVMODNBIQBMV-UHFFFAOYSA-N		-dil
1069	etafenone	90-54-0	OEGDFSLNGABBKJ-UHFFFAOYSA-N		-afenone
781	dapiprazole	72822-12-9	RFWZESUMWJKKRN-UHFFFAOYSA-N	OFM	-piprazole
978	eberconazole	128326-82-9	MPTJIDOGFUQSQH-UHFFFAOYSA-N		-conazole
2705	tolterodine	124937-51-5	OOGJQPCLVADCPB-HXUWFJFHSA-N	OFP	
1802	midazolam	59467-70-8	DDLIGBOFAVUZHB-UHFFFAOYSA-N	OFP	-azepam
672	clemizole	442-52-4	CJXAEXPPLWQRFR-UHFFFAOYSA-N		
1940	nipradilol	81486-22-8	OMCPLEZZPVJJIS-UHFFFAOYSA-N		-dilol
426	bumadizone	3583-64-0	FLWFHHFTIRLFPV-UHFFFAOYSA-N		-zone
4924	pembrolizumab	1374853-91-4			-zumab
3366	moxestrol	34816-55-2	MTMZZIPTQITGCY-OLGWUGKESA-N		-estr-
78	acitretin	55079-83-9	IHUNBGSDBOWDMA-AQFIFDHZSA-N	OFP	-retin
889	hydroquinidine	1435-55-8	LJOQGZACKSYWCH-LHHVKLHASA-N		
100	ajmaline	4360-12-7	CJDRUOGAGYHKKD-RQBLFBSQSA-N		-aj-
2627	tiazesim	5845-26-1	QJJXOEFWXSQISU-UHFFFAOYSA-N		
4918	idursulfase	50936-59-9			-ase
73	acepromazine	61-00-7	NOSIYYJFMPDDSA-UHFFFAOYSA-N		
50	aceprometazine	13461-01-3	XLOQNFNTQIRSOX-UHFFFAOYSA-N		
2285	promegestone	34184-77-5	QFFCYTLOTYIJMR-XMGTWHOFSA-N		-gest-
428	bunaftine	32421-46-8	WWGZXRYELYWJBD-UHFFFAOYSA-N		
3742	etymemazine	523-54-6	USKHCLAXJXCWMO-UHFFFAOYSA-N		
4925	becaplermin	165101-51-9			-plermin
4915	blinatumomab	853426-35-4			-omab
3040	bromochlorosalicylanilide	3679-64-9	QBSGXIBYUQJHMJ-UHFFFAOYSA-N		-salan
940	docosanol	661-19-8	NOPFSRXAKWQILS-UHFFFAOYSA-N	OFP	
722	clozapine	5786-21-0	QZUDBNBUXVUHMW-UHFFFAOYSA-N	OFP	-apine
1912	niclosamide	50-65-7	RJMUSRYZPJIFPJ-UHFFFAOYSA-N	OFM	ni-
4923	nivolumab	946414-94-4			-umab
3318	leteprinim	138117-50-7	JMPOIZCOJJMTHI-UHFFFAOYSA-N		-prinim
2714	tranilast	53902-12-8	NZHGWWWHIYHZNX-CSKARUKUSA-N		-ast
1878	naloxone	465-65-6	UZHSEJADLWPNLE-GRGSLBFTSA-N	OFP	nal-
3149	dimenoxadol	509-78-4	RHUWRJWFHUKVED-UHFFFAOYSA-N		-adol
877	difemerine	80387-96-8	WJIZVQNUJVMJAZ-UHFFFAOYSA-N		-verine
4909	alemtuzumab	216503-57-0			-zumab
298	benactyzine	302-40-9	IVQOFBKHQCTVQV-UHFFFAOYSA-N		-yzine
1959	norelgestromin	53016-31-2	ISHXLNHNDMZNMC-XUDSTZEESA-N	OFP	-gest-
454	butorphanol	42408-82-2	IFKLAQQSCNILHL-QHAWAJNXSA-N	OFP	-orphan-
2641	tifenamil	82-99-5	WHLUQAYNVOGZST-UHFFFAOYSA-N		
173	aminopromazine	58-37-7	YZQNFFLGIYEXMM-UHFFFAOYSA-N		
3519	ranimustine	58994-96-0	AHHFEZNOXOZZQA-ZEBDFXRSSA-N		-mustine
696	clofibride	26717-47-5	CXQGFLBVUNUQIA-UHFFFAOYSA-N		
1613	loxapine	1977-10-2	XJGVXQDUIWGIRW-UHFFFAOYSA-N	OFP	-apine
896	diloxanide furoate	3736-81-0	BDYYDXJSHYEDGB-UHFFFAOYSA-N		-oxanide
1531	labetalol	36894-69-6	SGUAFYQXFOLMHL-UHFFFAOYSA-N	OFP	-alol
894	dilevalol	75659-07-3	SGUAFYQXFOLMHL-ACJLOTCBSA-N		-alol
2651	tiapride	51012-32-9	JTVPZMFULRWINT-UHFFFAOYSA-N		-pride
1586	liranaftate	88678-31-3	VPHPQNGOVQYUMG-UHFFFAOYSA-N		
2545	suplatast	94055-75-1	DYZJXZOQQRXDLE-UHFFFAOYSA-O		-ast
1752	levomepromazine	60-99-1	VRQVVMDWGGWHTJ-CQSZACIVSA-N	OFM	
4023	promestriene	39219-28-8	IUWKNLFTJBHTSD-AANPDWTMSA-N		-estr-
4927	albiglutide	782500-75-8	OGWAVGNOAMXIIM-VTAHJYCESA-N		-glutide
2372	retinol acetate	127-47-9	QGNJRVVDBSJHIZ-QHLGVNSISA-N		-retin-
2477	stanozolol	10418-03-8	LKAJKIOFIWVMDJ-IYRCEVNGSA-N	OFM	-stan-
635	ciclonium	29546-59-6	UTVSLCROIUPVOX-UHFFFAOYSA-N		-ium
2016	oxazolam	24143-17-7	VCCZBYPHZRWKFY-UHFFFAOYSA-N		-azepam
712	clorexolone	2127-01-7	VPMWFZKOWULPGT-UHFFFAOYSA-N		-pamide
4928	follitropin	146479-72-3			-trop-
1944	nitisinone	104206-65-7	OUBCNLGXQFSTLU-UHFFFAOYSA-N	OFP	
1199	flumethiazide	148-56-1	RGUQWGXAYZNLMI-UHFFFAOYSA-N		-tizide
3212	etofylline nicotinate	13425-39-3	ZWIAODBBEZGVPY-UHFFFAOYSA-N		
2068	paroxetine	61869-08-7	AHOUBRCZNHFOSL-YOEHRIQHSA-N	OFP	-oxetine
2746	trilostane	13647-35-3	KVJXBPDAXMEYOA-CXANFOAXSA-N	OFM	
4929	lutropin alfa	152923-57-4			
390	bornaprine	20448-86-6	BDNMABJZSXTKAQ-UHFFFAOYSA-N		
213	androisoxazole	360-66-7	NSYTUNFHWYMMHU-IYRCEVNGSA-N		andr-
2261	prenylamine	390-64-7	IFFPICMESYHZPQ-UHFFFAOYSA-N		
707	cloperastine	3703-76-2	FLNXBVJLPJNOSI-UHFFFAOYSA-N		-astine
1220	flurbiprofen axetil	91503-79-6	ALIVXCSEERJYHU-UHFFFAOYSA-N	OFP	
1626	malathion	121-75-5	JXSJBGJIGXNWCI-UHFFFAOYSA-N	OFP	-fos-
3422	almecillin	87-09-2	QULKGELYPOJSLP-WCABBAIRSA-N		-cillin
2025	oxomemazine	3689-50-7	QTQPVLDZQVPLGV-UHFFFAOYSA-N		
1823	mivotilate	130112-42-4	WOUUWUGULFOVHG-UHFFFAOYSA-N		-otilate
820	desoxycortone	64-85-7	ZESRJSPZRDMNHY-YFWFAHHUSA-N	OFM	-cort-
2875	zotepine	26615-21-4	HDOZVRUNCMBHFH-UHFFFAOYSA-N		-tepine
796	prasterone acetate	853-23-6	NCMZQTLCXHGLOK-ZKHIMWLXSA-N	ONP	-sterone
3737	dipiproverine	117-30-6	CGYQGGSMYNXXIV-UHFFFAOYSA-N		-verine
1413	icosapent ethyl	86227-47-6	SSQPWTVBQMWLSZ-AAQCHOMXSA-N	OFP	
2596	teprenone	6809-52-5	HUCXKZBETONXFO-AJDZVAQLSA-N		-renone
2678	tiquizium	71731-58-3	ZGSDGGRVFIYKKE-OXQOHEQNSA-N		-ium
1258	furosemide	54-31-9	ZZUFCTLCJUWOSV-UHFFFAOYSA-N	OFP	-semide
592	chlorbetamide	97-27-8	STLZCUYBVPNYED-UHFFFAOYSA-N		
2658	tienilic acid	40180-04-9	AGHANLSBXUWXTB-UHFFFAOYSA-N		-crinat
1392	hydroflumethiazide	135-09-1	DMDGGSIALPNSEE-UHFFFAOYSA-N	OFM	-tizide
659	ciprofloxacin	85721-33-1	MYSWGUAQZAJSOK-UHFFFAOYSA-N	OFP	-floxacin
2210	piroxicam	36322-90-4	QYSPLQLAKJAUJT-UHFFFAOYSA-N	OFP	-icam
2318	protokylol	136-70-9	LUMAEVHDZXIGEP-UHFFFAOYSA-N	OFM	
3821	oxyclipine	4354-45-4	LCFBCKSQWVQIBY-QSVWIEALSA-N		-pine
1955	nizatidine	76963-41-2	SGXXNSQHWDMGGP-UHFFFAOYSA-N	OFP	-tidine
3449	glypinamide	1228-19-9	RHQSNARBXHRBNP-UHFFFAOYSA-N		gly-
5332	onasemnogene abeparvovec				
3136	dibromol	21886-86-2	DMIMZHGXWWCGBD-UHFFFAOYSA-N		
1207	fluorescein	518-47-8			-scein
2859	zanamivir	139110-80-8	ARAIBEBZBOPLMB-UFGQHTETSA-N	OFP	-amivir
2468	spectinomycin	1695-77-8	UNFWWIHTNXNPBV-WXKVUWSESA-N	OFM	-mycin
3662	acedapsone	77-46-3	AMTPYFGPPVFBBI-UHFFFAOYSA-N		-dapsone
2022	oxitropium	99571-64-9	NVOYVOBDTVTBDX-PMEUIYRNSA-N		-trop-
1475	ipratropium	60205-81-4	OEXHQOGQTVQTAT-BHIXFJMTSA-N	OFP	-trop-
2033	oxymetholone	434-07-1	ICMWWNHDUZJFDW-DHODBPELSA-N	OFM	-olone
133	alfaxalone	23930-19-0	DUHUCHOQIDJXAT-OLVMNOGESA-N		
397	brivudine	69304-47-8	ODZBBRURCPAEIQ-PIXDULNESA-N		-vudine
2071	pefloxacin	70458-92-3	FHFYDNQZQSQIAI-UHFFFAOYSA-N		-floxacin
3168	drotebanol	3176-03-2	LCAHPIFLPICNRW-SVYNMNNPSA-N		
494	pentoxyverine	77-23-6	CFJMRBQWBDQYMK-UHFFFAOYSA-N		-verine
808	deptropine	604-51-3	ZWPODSUQWXAZNC-PMOLBWCYSA-N		-trop-
2772	tropatepine	27574-24-9	JOQKFRLFXDPXHX-UHFFFAOYSA-N		trop-
4995	epoetin alfa	113427-24-0			-poetin
401	bromfenac	91714-94-2	ZBPLOVFIXSTCRZ-UHFFFAOYSA-N	OFP	-ac
404	bromazine	118-23-0	NUNIWXHYABYXKF-UHFFFAOYSA-N	OFM	
1819	mitomycin	50-07-7	NWIBSHFKIJFRCO-WUDYKRTCSA-N	OFP	mito-
2615	tetroxoprim	53808-87-0	WSWJIZXMAUYHOE-UHFFFAOYSA-N		-prim
2171	pimobendan	74150-27-9	GLBJJMFZWDBELO-UHFFFAOYSA-N		-dan
2082	benzylpenicillin	61-33-6	JGSARLDLIJGVTE-MBNYWOFBSA-N	OFP	-cillin
2281	proglumide	6620-60-6	DGMKFQYCZXERLX-UHFFFAOYSA-N		-glumide
2484	strychnine	57-24-9	QMGVPVSNSZLJIA-FVWCLLPLSA-N		
1143	fenalamide	4551-59-1	RMQKPRRJSKFBRU-UHFFFAOYSA-N		
2278	progabide	62666-20-0	IBALRBWGSVJPAP-UHFFFAOYSA-N		-gab-
1608	lormetazepam	848-75-9	FJIKWRGCXUCUIG-UHFFFAOYSA-N		-azepam
1509	isoxicam	34552-84-6	YYUAYBYLJSNDCX-UHFFFAOYSA-N		-icam
3559	sulfachrysoidine	485-41-6	ZELCNSAUMHNSSU-ISLYRVAYSA-N		sulfa-
1884	naratriptan	121679-13-8	AMKVXSZCKVJAGH-UHFFFAOYSA-N	OFP	-triptan
128	almotriptan	154323-57-6	WKEMJKQOLOHJLZ-UHFFFAOYSA-N	OFP	-triptan
2018	oxeladin	468-61-1	IQADUMSPOQKAAO-UHFFFAOYSA-N		
3798	norpipanone	561-48-8	WCDSHELZWCOTMI-UHFFFAOYSA-N		
3167	droprenilamine	57653-27-7	HTAFVGKAHGNWQO-UHFFFAOYSA-N		
2204	pirifibrate	55285-45-5	YJBIJSVYPHRVCI-UHFFFAOYSA-N		-fibrate
1395	hydroxychloroquine	118-42-3	XXSMGPRMXLTPCZ-UHFFFAOYSA-N	OFP	-quine
1931	nifurzide	39978-42-2	IDUMOVRJNBNOTR-BIZLIJPVSA-N		nifur-
1927	nifurfoline	3363-58-4	WCEJYDIWHURKJX-VGOFMYFVSA-N		nifur-
867	dicoumarol	66-76-2	DOBMPNYZJYQDGZ-UHFFFAOYSA-N	OFM	-arol
40	acebutolol	37517-30-9	GOEMGAFJFRBGGG-UHFFFAOYSA-N	OFP	-olol
1210	fluoxymesterone	76-43-7	YLRFCQOZQXIBAB-RBZZARIASA-N	OFM	-sterone
1164	fentanyl	437-38-7	PJMPHNIQZUBGLI-UHFFFAOYSA-N	OFP	-fentanil
459	buzepide metiodide	15351-05-0	HDGFUOKLIQJQCS-UHFFFAOYSA-O		
2788	ufenamate	67330-25-0	JDLSRXWHEBFHNC-UHFFFAOYSA-N		-fenamate
1584	linezolid	165800-03-3	TYZROVQLWOKYKF-ZDUSSCGKSA-N	OFP	-ezolid
3162	disufenton	168021-77-0	OVTCHWSLKGENKP-UHFFFAOYSA-N		
2595	tenoxicam	59804-37-4	LZNWYQJJBLGYLT-UHFFFAOYSA-N		-icam
3494	propanidid	1421-14-3	KEJXLQUPYHWCNM-UHFFFAOYSA-N		
2064	pargeverine	13479-13-5	QNPHCSSJLHAKSA-UHFFFAOYSA-N		-verine
1986	olopatadine	113806-05-6	JBIMVDZLSHOPLA-LSCVHKIXSA-N	OFP	-tadine
1129	famotidine	76824-35-6	XUFQPHANEAPEMJ-UHFFFAOYSA-N	OFP	-tidine
3127	decimemide	14817-09-5	REYUZOLYIOQRIG-UHFFFAOYSA-N		
779	danazol	17230-88-5	POZRVZJJTULAOH-LHZXLZLDSA-N	OFP	
161	amineptine	57574-09-1	ONNOFKFOZAJDHT-UHFFFAOYSA-N		
1160	fenpiverinium	258329-46-3	QDIYJDPBMZUZEH-UHFFFAOYSA-O		-ium
2536	suloctidil	54767-75-8	BFCDFTHTSVTWOG-UHFFFAOYSA-N		-dil
1162	fenquizone	20287-37-0	DBDTUXMDTSTPQZ-UHFFFAOYSA-N		
1416	idebenone	58186-27-9	JGPMMRGNQUBGND-UHFFFAOYSA-N		
1588	lisuride	18016-80-3	BKRGVLQUQGGVSM-KBXCAEBGSA-N		-erg-
2207	pirmenol	68252-19-7	APUDBKTWDCXQJA-QIDMFYOTSA-N		
625	chlortalidone	77-36-1	JIVPVXMEBJLZRO-UHFFFAOYSA-N	OFP	
398	brodimoprim	56518-41-3	BFCRRLMMHNLSCP-UHFFFAOYSA-N		-prim
524	cefacetrile	10206-21-0	RRYMAQUWDLIUPV-BXKDBHETSA-N		cef-
1829	mofezolac	78967-07-4	DJEIHHYCDCTAAH-UHFFFAOYSA-N		-ac
2706	topiramate	97240-79-4	KJADKKWYZYXHBB-XBWDGYHZSA-N	OFP	
2056	papaverine	58-74-2	XQYZDYMELSJDRZ-UHFFFAOYSA-N		-verine
2848	xamoterol	81801-12-9	DXPOSRCHIDYWHW-UHFFFAOYSA-N		-terol
3891	carbenin	138240-65-0			
2053	panipenem	87726-17-8	TYMABNNERDVXID-DLYFRVTGSA-N		-penem
2191	pipethanate	4546-39-8	RZWPJFMNFATBEG-UHFFFAOYSA-N		
1876	nalmefene	55096-26-9	WJBLNOPPDWQMCH-MBPVOVBZSA-N	OFP	nal-
1764	methylergometrine	113-42-8	UNBRKDKAWYKMIV-QWQRMKEZSA-N	OFP	-erg-
1573	levopropoxyphene	2338-37-6	XLMALTXPSGQGBX-PGRDOPGGSA-N	OFM	
844	dextropropoxyphene	469-62-5	XLMALTXPSGQGBX-GCJKJVERSA-N	OFM	
2310	propyromazine	145-54-0	YKNNBQKAAWCISH-UHFFFAOYSA-N		
926	disopyramide	3737-09-5	UVTNFZQICZKOEM-UHFFFAOYSA-N	OFP	-isomide
2100	perazine	84-97-9	WEYVCQFUGFRXOM-UHFFFAOYSA-N		
2395	rociverine	53716-44-2	XPYLKZZOBVLVHB-QDKIRNHSSA-N		-verine
3277	hexetidine	141-94-6	DTOUUUZOYKYHEP-UHFFFAOYSA-N		-tidine
1778	metipamide	85683-41-6	QWNNFYQUBPILCG-UHFFFAOYSA-N		-pamide
2205	pirisudanol	33605-94-6	KTOAWCPDBUCJED-UHFFFAOYSA-N		
2090	pentamidine	100-33-4	XDRYMKDFEDOLFX-UHFFFAOYSA-N	OFP	
2226	poldine	596-50-9	CQRKVVAGMJJJSR-UHFFFAOYSA-N		
2062	parapenzolate	5634-41-3	DMXLLYHBWUOZCZ-UHFFFAOYSA-N		
1736	methanthelinium	5818-17-7	GZHFODJQISUKAY-UHFFFAOYSA-N	OFM	-ium
1689	mepenzolate	25990-43-6	GKNPSSNBBWDAGH-UHFFFAOYSA-N	OFM	
1963	norethindrone acetate	51-98-9	IMONTRJLAWHYGT-ZCPXKWAGSA-N	OFP	
478	canrenone	976-71-6	UJVLDDZCTMKXJK-WNHSNXHDSA-N		-renone
3740	ethylhydrocupreine	522-60-1	SUWZHLCNFQWNPE-LATRNWQMSA-N		
2601	terguride	37686-84-3	JOAHPSVPXZTVEP-YXJHDRRASA-N		-erg-
2298	propiomazine	362-29-8	UVOIBTBFPOZKGP-UHFFFAOYSA-N	OFM	
1616	lucanthone	479-50-5	FBQPGGIHOFZRGH-UHFFFAOYSA-N		
1657	medrogestone	977-79-7	HCFSGRMEEXUOSS-JXEXPEPMSA-N		-gest-
904	dimethisterone	79-64-1	LVHOURKCKUYIGK-RGUJTQARSA-N		-gest-
2093	penthienate	22064-27-3	NEMLPWNINZELKP-UHFFFAOYSA-N		
3855	docosanoic acid	112-85-6	UKMSUNONTOPOIO-UHFFFAOYSA-N		
4003	nitroxazepine	16398-39-3	CGYWLLGTCBIGSR-UHFFFAOYSA-N		-zepine
3144	thebacon	466-90-0	RRJQTGHQFYTZOW-ILWKUFEGSA-N		
1765	naltrexone	16590-41-3	DQCKKXVULJGBQN-XFWGSAIBSA-N	OFP	nal-
3781	diseptal B 	547-53-5	VJUSDOIKMJHJPN-UHFFFAOYSA-N		sulfa-
1149	fenetylline	3736-08-1	NMCHYWGKBADVMK-UHFFFAOYSA-N		
2537	sulpiride	15676-16-1	BGRJTUBHPOOWDU-UHFFFAOYSA-N		-pride
1577	levosulpiride	23672-07-3	BGRJTUBHPOOWDU-NSHDSACASA-N		-pride
632	cyclacillin	3485-14-1	HGBLNBBNRORJKI-WCABBAIRSA-N	OFM	-cillin
2291	propafenone	54063-53-5	JWHAUXFOSRPERK-UHFFFAOYSA-N	OFP	-afenone
3715	clobenztropine	5627-46-3	OCAXFDULERPAJM-WHSGIHJSSA-N		-trop-
3974	kt-136	121602-88-8			
1628	maltose	69-79-4	GUBGYTABKSRVRQ-QUYVBRFLSA-N		
1536	lactulose	4618-18-2	JCQLYHFGKNRPGE-RUKGUBFJSA-N	OFP	
1535	lactose	63-42-3	GUBGYTABKSRVRQ-XLOQQCSPSA-N		
3546	siccanin	22733-60-4	UGGAILYEBCSZIV-ITJSPEIASA-N		
1667	megestrol acetate	595-33-5	RQZAXGRLVPAYTJ-GQFGMJRRSA-N	OFP	-gest-
1226	flutoprazepam	25967-29-7	OFVXPDXXVSGEPX-UHFFFAOYSA-N		-azepam
1102	etizolam	40054-69-1	VMZUTJCNQWMAGF-UHFFFAOYSA-N		-azepam
4363	chloroform	67-66-3	HEDRZPFGACZZDS-UHFFFAOYSA-N		
2729	triazolam	28911-01-5	JOFWLTCLBGQGBO-UHFFFAOYSA-N	OFP	-azepam
69	acetyldihydrocodeine	3861-72-1	LGGDXXJAGWBUSL-BKRJIHRRSA-N		
859	cinchocaine	85-79-0	PUFQVTATUTYEAL-UHFFFAOYSA-N	OFM	-caine
717	clotiapine	2058-52-8	KAAZGXDPUNNEFN-UHFFFAOYSA-N		-apine
671	clemastine	15686-51-8	YNNUSGIPVFPVBX-NHCUHLMSSA-N	OFP	-astine
406	bromopride	4093-35-0	GIYAQDDTCWHPPL-UHFFFAOYSA-N		-pride
1534	lactitol	585-86-4	VQHSOMBJVWLPSR-JVCRWLNRSA-N	OFM	
2542	sultosilic acid	57775-26-5	SVXZTCUBEFUKRQ-UHFFFAOYSA-N		
1239	formoterol	73573-87-2	BPZSYCZIITTYBL-UHFFFAOYSA-N	OFP	-terol
2165	piketoprofen	60576-13-8	ASFKKFRSMGBFRO-UHFFFAOYSA-N		-profen
4369	xenon	7440-63-3	FHNFHKCVQCLJFQ-UHFFFAOYSA-N		
1237	formebolone	2454-11-7	AMVODTGMYSRMNP-GNIMZFFESA-N		-bolone
2026	oxyphencyclimine	125-53-1	DUDKAZCAISNGQN-UHFFFAOYSA-N	OFM	
1662	medrysone	2668-66-8	GZENKSODFLBBHQ-ILSZZQPISA-N	OFM	-cort-
1659	medroxyprogesterone	71-58-9	PSGAAPLEWMOORI-PEINSRQWSA-N	OFP	-gest-
3625	tribromometacresol	4619-74-3	QKHROXOPRBWBDD-UHFFFAOYSA-N		
719	clotrimazole	23593-75-1	VNFPBHJOKIVQEB-UHFFFAOYSA-N	OFP	
3623	trengestone	5192-84-7	USXVMPAWZOOYDE-OAYGGAORSA-N		-gest-
3912	clorotepine	13448-22-1	XRYLGRGAWQSVQW-UHFFFAOYSA-N		-tepine
1686	niclofolan	10331-57-4	XULACPAEUUWKFX-UHFFFAOYSA-N		nic-
2723	tretoquinol	30418-38-3	RGVPOXRFEPSFGH-AWEZNQCLSA-N		-quine
4370	xenon (127Xe) gas	13994-19-9	FHNFHKCVQCLJFQ-AHCXROLUSA-N	OFM	
1990	omeprazole	73590-58-6	SUBDBMMJDZJVOS-UHFFFAOYSA-N	OFP	-prazole
1055	esomeprazole	119141-88-7	SUBDBMMJDZJVOS-DEOSSOPVSA-N	OFP	-prazole
360	bevantolol	59170-23-9	HXLAFSUPPDYFEO-UHFFFAOYSA-N		-olol
706	clopamide	636-54-4	LBXHRAWDUMTPSE-AOOOYVTPSA-N		-pamide
1749	metofoline	2154-02-1	YBCPYHQFUMNOJG-UHFFFAOYSA-N		
4371	xenon (133Xe) gas	14932-42-4	FHNFHKCVQCLJFQ-NJFSPNSNSA-N	OFP	
1922	nifedipine	21829-25-4	HYIMSNHJOBLJNT-UHFFFAOYSA-N	OFP	-dipine
1227	flutrimazole	119006-77-8	QHMWCHQXCUNUAK-UHFFFAOYSA-N		
292	beclobrate	55937-99-0	YWQGBCXVCXMSLJ-UHFFFAOYSA-N		
619	chlorproethazine	84-01-5	DBOUGBAQLIXZLV-UHFFFAOYSA-N		
92	adenosine phosphate	61-19-8	UDMBCSSLTHHNCD-KQYNXXCUSA-N	OFP	
3552	sorbitan laurate	1338-39-2			
3007	arsthinol	119-96-0	MRUDSZSRLQAPOG-UHFFFAOYSA-N		
1867	nafamostat	81525-10-2	MQQNFDZXWVTQEH-UHFFFAOYSA-N		-mostat
2493	sulbactam pivoxyl	69388-79-0	OHPVYKXTRACOSQ-ZJUUUORDSA-N		
571	cefalexin	15686-71-2	ZAIPMKNFIOOWCQ-UEKVPHQBSA-N	OFP	cef-
1139	fedrilate	23271-74-1	RDEOYUSTRWNWLX-UHFFFAOYSA-N		
4396	clofenotane	50-29-3	YVGGHNCTFXOJCH-UHFFFAOYSA-N		
3685	benzpiperylone	53-89-4	KMGARVOVYXNAOF-UHFFFAOYSA-N		-buzone
1443	indoramin	26844-12-2	JXZZEXZZKAWDSP-UHFFFAOYSA-N		
3104	clanobutin	30544-61-7	VUPBWNXFSDRWJE-UHFFFAOYSA-N		
998	embramine	3565-72-8	URSRSKSNFPUKGH-UHFFFAOYSA-N		
3556	succisulfone	5934-14-5	QAJQUUOBVOKLOD-UHFFFAOYSA-N		
3765	leiopyrrole	5633-16-9	DQIUUHJEYNMMLD-UHFFFAOYSA-N		
1006	enalaprilat	76420-72-9	LZFZMUMEGBBDTC-QEJZJMRPSA-N	OFP	-prilat
2708	torsemide	56211-40-6	NGBFQHCMQULJNZ-UHFFFAOYSA-N	OFP	-semide
82	acrivastine	87848-99-5	PWACSDKDOHSSQD-IUTFFREVSA-N	OFM	-astine
1446	intoplicine	125974-72-3	QROONAIPJKQFMC-UHFFFAOYSA-N		
361	bexarotene	153559-49-0	NAVMQTYZDKMPEU-UHFFFAOYSA-N	OFP	-arotene
2039	oxyphenonium	14214-84-7	GFRUPHOKLBPHTQ-UHFFFAOYSA-N	OFM	-ium
3197	ethyl dibunate	5560-69-0	ZAMACTJOCIFTPJ-UHFFFAOYSA-N		
955	doxefazepam	40762-15-0	VOJLELRQLPENHL-UHFFFAOYSA-N		-azepam
3108	halocarban	369-77-7	ZFSXZJXLKAJIGS-UHFFFAOYSA-N		
2463	sorivudine	77181-69-2	GCQYYIHYQMVWLT-HQNLTJAPSA-N		-vudine
5659	carnidazole	42116-76-7	OVEVHVURWWTPFC-UHFFFAOYSA-N		-nidazole
721	cloxazolam	24166-13-0	ZIXNZOBDFKSQTC-UHFFFAOYSA-N		-azepam
2846	voriconazole	137234-62-9	BCEHBSKCWLPMDN-MGPLVRAMSA-N	OFP	-conazole
3711	cinmetacin	20168-99-4	NKPPORKKCMYYTO-DHZHZOJOSA-N		-metacin
576	cefradine	38821-53-3	RDLPVSKMFDYCOR-UEKVPHQBSA-N	OFM	cef-
198	ampicillin	69-53-4	AVKUERGKIZMTKX-NJBDSQKTSA-N	OFP	-cillin
4436	aluminium chloride	7446-70-0			
921	dipipanone	467-83-4	SVDHSZFEQYXRDC-UHFFFAOYSA-N		
580	cetiedil	14176-10-4	MMNICIJVQJJHHF-UHFFFAOYSA-N		-dil
1603	loracarbef	76470-66-1	JAPHQRWPEGVNBT-UTUOFQBUSA-N	OFM	-carbef
267	azasetron	123040-69-7	WUKZPHOXUVCQOR-UHFFFAOYSA-N		-setron
2083	phenoxymethylpenicillin	87-08-1	BPLBGHOLXOTWMN-MBNYWOFBSA-N	OFP	-cillin
365	biapenem	120410-24-4	MRMBZHPJVKCOMA-YJFSRANCSA-N		-penem
3161	disofenin	65717-97-7	UDUSOMRJOPCWHT-UHFFFAOYSA-N	OFM	-fenin
2828	vinpocetine	42971-09-5	DDNCQMVWWZOMLN-IRLDBZIGSA-N		vin-
3287	loretin	547-91-1	ZBJWWKFMHOAPNS-UHFFFAOYSA-N		
1025	epicillin	26774-90-3	RPBAFSBGYDKNRG-NJBDSQKTSA-N		-cillin
1594	lomefloxacin	98079-51-7	ZEKZLJVOYLTDKK-UHFFFAOYSA-N	OFM	-floxacin
307	benfluorex	23602-78-0	CJAVTWRYCDNHSM-UHFFFAOYSA-N		-orex
3785	moquizone	19395-58-5	VCRQLDNIOXNDMT-UHFFFAOYSA-N		
1676	meloxicam	71125-38-7	ZRVUJXDFFKFLMG-UHFFFAOYSA-N	OFP	-icam
2200	pirenzepine	28797-61-7	RMHMFHUVIITRHF-UHFFFAOYSA-N		-zepine
922	dipivefrine	52365-63-6	OCUJLLGVOUDECM-UHFFFAOYSA-N	OFM	-frine
3580	tamibarotene	94497-51-5	MUTNCGKQJGXKEM-UHFFFAOYSA-N		-arotene
2194	pipoxolan	23744-24-3	DXSUDONPFZKWOO-UHFFFAOYSA-N		
2571	tazarotene	118292-40-3	OGQICQVSFDPSEI-UHFFFAOYSA-N	OFP	-arotene
3435	phenadoxone	467-84-5	LOXCOAXRHYDLOW-UHFFFAOYSA-N		
5476	lonapegsomatropin	1934255-39-6			som-
93	adinazolam	37115-32-5	GJSLOMWRLALDCT-UHFFFAOYSA-N		-azepam
3573	sulmarin	29334-07-4	SZNQDPUZKFSCNG-UHFFFAOYSA-N		
2742	triflupromazine	146-54-3	XSCGXQMFQXDFCW-UHFFFAOYSA-N	OFM	
3484	posatirelin	78664-73-0	DPNGIIPSQYKWQA-AVGNSLFASA-N		-tirelin
676	clidinium	7020-55-5	HOOSGZJRQIVJSZ-UHFFFAOYSA-N	OFP	-clidinium
5148	poractant alfa	129069-19-8			
5316	galcanezumab	1578199-75-3			-umab
1034	epoprostenol	35121-78-9	KAQKFAOMNZTLHT-OZUDYXHBSA-N	OFP	-prost-
913	dinoprostone	363-24-6	XEYBRNLFEZDVAW-ARSRFYASSA-N	OFP	-prost-
3023	betoxycaine	3818-62-0	CXYOBRKOFHQONJ-UHFFFAOYSA-N		-caine
1007	encainide	66778-36-7	PJWPNDMDCLXCOM-UHFFFAOYSA-N		-cain-
220	anileridine	144-14-9	LKYQLAWMNBFNJT-UHFFFAOYSA-N	OFM	-eridine
3823	quinbolone	2487-63-0	IUVKMZGDUIUOCP-BTNSXGMBSA-N		-bolone
1348	halazepam	23092-17-3	WYCLKVQLVUQKNZ-UHFFFAOYSA-N	OFM	-azepam
1331	griseofulvin	126-07-8	DDUHZTYCFQRHIY-RBHXEPJQSA-N	OFP	
48	acenocoumarol	152-72-7	VABCILAOYCMVPS-UHFFFAOYSA-N		-arol
3733	dioxaphetyl butyrate	467-86-7	LQGIXNQCOXNCRP-UHFFFAOYSA-N		
4800	radium Ra 223 dichloride	444811-40-9	RWRDJVNMSZYMDV-SIUYXFDKSA-L	OFP	
1775	methysergide	361-37-5	KPJZHOPZRAFDTN-ZRGWGRIASA-N	OFM	-erg-
1849	motretinide	56281-36-8	IYIYMCASGKQOCZ-DJRRULDNSA-N		-retin-
1729	acetylmethadol	509-74-0	XBMIVRRWGCYBTQ-UHFFFAOYSA-N		-adol
1571	levomethadyl acetate	1477-40-3	XBMIVRRWGCYBTQ-AVRDEDQJSA-N	OFM	
1500	isopropamide	7492-32-2	JTPUMZTWMWIVPA-UHFFFAOYSA-O	OFM	-pamide
5639	trypsin	9002-07-7			
446	butizide	2043-38-1	HGBFRHCDYZJRAO-UHFFFAOYSA-N		-tizide
1417	idoxuridine	54-42-2	XQFRJNBWHJMXHO-RRKCRQDMSA-N	OFM	-uridine
2344	quinfamide	62265-68-3	SBJGFIXQRZOVTO-UHFFFAOYSA-N		
43	aceclofenac	89796-99-6	MNIPYSSQXLZQLJ-UHFFFAOYSA-N		-ac
2801	valganciclovir	175865-59-5	WPVFJKSGQUFQAP-GKAPJAKFSA-N	OFP	-ciclovir
2264	prifinium	4630-95-9	ZYEPZINLLPPBMI-UHFFFAOYSA-N		-ium
3439	phenolsulfonphthalein	143-74-8	BELBBZDIHDAJOR-UHFFFAOYSA-N		
1492	isofezolac	50270-33-2	LZRDDINFIHUVCX-UHFFFAOYSA-N		-ac
2432	seratrodast	112665-43-7	ZBVKEHDGYSLCCC-UHFFFAOYSA-N		-trodast
3659	yohimbine	146-48-5	BLGXFZZNTVWLAY-SCYLSFHTSA-N		
3643	vincamine	1617-90-9	RXPRRQLKFXBCSJ-GIVPXCGWSA-N		vin-
3275	hexamidine	3811-75-4	OQLKNTOKMBVBKV-UHFFFAOYSA-N		
3024	bevonium	33371-53-8	UHUMRJKDOOEQIG-UHFFFAOYSA-N		-ium
2185	pipenzolate	13473-38-6	WPUKUEMZZRVAKZ-UHFFFAOYSA-N		
320	benzilonium	16175-92-1	ZKCWITXZGWUJAV-UHFFFAOYSA-N		-ium
2541	sultopride	53583-79-2	UNRHXEPDKXPRTM-UHFFFAOYSA-N		-pride
3063	capreomycin	11003-38-6			-mycin
912	dinoprost	551-11-1	PXGPLTODNUVGFL-YNNPMVKQSA-N	OFM	-prost
138	alprostadil	745-65-3	GMVPRGQOIOIIMI-DWKJAMRDSA-N	OFP	-prost-
1116	etretinate	54350-48-0	HQMNCQVAMBCHCO-DJRRULDNSA-N	OFM	-retin-
1038	eprozinol	32665-36-4	QSRHLIUOSXVKTG-UHFFFAOYSA-N		
3529	rioprostil	77287-05-9	SPOAFZKFCYREMW-FWYLUGOYSA-N		-prostil
2853	xipamide	14293-44-8	MTZBBNMLMNBNJL-UHFFFAOYSA-N		-pamide
2367	repirinast	73080-51-0	NFQIAEMCQGTTIR-UHFFFAOYSA-N		-ast
2490	succinylsulfathiazole	116-43-8	SKVLYVHULOWXTD-UHFFFAOYSA-N		-sulfa-
1837	moperone	1050-79-9	AGAHNABIDCTLHW-UHFFFAOYSA-N		-perone
325	benzomethamine	17010-68-3	XCEPXSCPQIRLCL-UHFFFAOYSA-N		
3843	tinofedrine	66788-41-8	JQSHEDRVRBSFCZ-YWZLYKJASA-N		-drine
2221	plafibride	63394-05-8	DDDQVDIPBFGVIG-UHFFFAOYSA-N		
2653	tiaramide	32527-55-2	HTJXMOGUGMSZOG-UHFFFAOYSA-N		
186	amodiaquine	86-42-0	OVCDSSHSILBFBN-UHFFFAOYSA-N	OFM	-quine
3032	bithionol	97-18-7	JFIOVJDNOJYLKP-UHFFFAOYSA-N		
5279	ibalizumab	680188-33-4			-zumab
2192	pipobroman	54-91-1	NJBFOOCLYDNZJN-UHFFFAOYSA-N	OFM	
2624	thiamphenicol	15318-45-3	OTVAEFIXJLOWRX-NXEZZACHSA-N		
2534	sulindac	38194-50-2	MLKXDPUZXIRXEP-MFOYZWKCSA-N	OFP	-ac
1908	niaprazine	27367-90-4	RSKQGBFMNPDPLR-UHFFFAOYSA-N		ni-
2179	pioglitazone	111025-46-8	HYAFETHFCAUJAY-UHFFFAOYSA-N	OFP	-glitazone
1383	hycanthone	3105-97-3	MFZWMTSUNYWVBU-UHFFFAOYSA-N		
2341	quinestradol	1169-79-5	ODYKCPYPRCJXLY-PZORDLPLSA-N		-estr-
1064	estradiol valerate	979-32-8	RSEPBGGWRJCQGY-RBRWEJTLSA-N	OFP	estr-
948	dopexamine	86197-47-9	RYBJORHCUPVNMB-UHFFFAOYSA-N		-opamine
3841	tevenel	4302-95-8	HODRFAVLXIFVTR-RKDXNWHRSA-N		
5308	caplacizumab	915810-67-2			-zumab
284	balsalazide	80573-04-2	IPOKCKJONYRRHP-FMQUCBEESA-N	OFP	-salazide
970	droxicam	90101-16-9	OEHFRZLKGRKFAS-UHFFFAOYSA-N		-icam
2704	tolrestat	82964-04-3	LUBHDINQXIHVLS-UHFFFAOYSA-N		-restat
1070	etersalate	62992-61-4	PXBFSRVXEKCBFP-UHFFFAOYSA-N		-sal-
462	cafedrine	58166-83-9	UJSKUDDDPKGBJY-WFASDCNBSA-N		-drine
5309	lanadelumab	1426055-14-2			-umab
647	cinacalcet	226256-56-0	VDHAWDNDOKGFTD-MRXNPFEDSA-N	OFP	-calcet
2405	rosiglitazone	122320-73-4	YASAKCUCGLMORW-UHFFFAOYSA-N	OFM	-glitazone
1874	nalbuphine	20594-83-6	NETZHAKZCGBWSS-CEDHKZHLSA-N	OFP	nal-
2028	oxybutynin	5633-20-5	XIQVNETUBQGFHX-UHFFFAOYSA-N	OFP	-verine
656	cinolazepam	75696-02-5	XAXMYHMKTCNRRZ-UHFFFAOYSA-N		-azepam
1440	indomethacin	53-86-1	CGIGDMFJXJATDK-UHFFFAOYSA-N	OFP	-metacin
698	clometacin	25803-14-9	DGMZLCLHHVYDIS-UHFFFAOYSA-N		-metacin
2437	setastine	64294-95-7	VBSPHZOBAOWFCL-UHFFFAOYSA-N		-astine
302	bendamustine	16506-27-7	YTKUWDBFDASYHO-UHFFFAOYSA-N	OFP	-mustine
2253	prednisone	53-03-2	XOFYZVNMUHMLCC-ZPOLXVRWSA-N	OFP	pred-
1512	itopride	122898-67-3	QQQIECGTIMUVDS-UHFFFAOYSA-N		-pride
646	cimetropium	51598-60-8	QVVOZYKELHAIPX-WVHCHWADSA-N		-trop-
640	cilastatin	82009-34-5	DHSUYTOATWAVLW-WFVMDLQDSA-N	OFP	-stat-
905	dimethoxanate	477-93-0	OOVJCSPCMCAXEX-UHFFFAOYSA-N		
477	potassium canrenoate	2181-04-6	PBKZPPIHUVSDNM-WNHSNXHDSA-N		
3744	feclemine	3590-16-7	QDMORDTWFMWOFA-UHFFFAOYSA-N		
1113	etoricoxib	202409-33-4	MNJVRJDLRVPLFE-UHFFFAOYSA-N		-coxib
480	capecitabine	154361-50-9	GAGWJHPBXLXJQN-UORFTKCHSA-N	OFP	-citabine
5317	cemiplimab	1801342-60-8			-imab
2141	phentetramine	40914-99-6	DGXRPIJZPGBJPJ-UHFFFAOYSA-N		
1330	grepafloxacin	119914-60-2	AIJTTZAVMXIJGM-UHFFFAOYSA-N	OFM	-floxacin
5275	lutetium (177Lu) oxodotreotide	437608-50-9			-reotide
3421	adicillin	525-94-0	MIFYHUACUWQUKT-GPUHXXMPSA-N		-cillin
2350	rabeprazole	117976-89-3	YREYEVIYCVEVJK-UHFFFAOYSA-N	OFP	-prazole
3123	cyclomethycaine	139-62-8	YLRNESBGEGGQBK-UHFFFAOYSA-N		-caine
483	captodiame	486-17-9	IZLPZXSZLLELBJ-UHFFFAOYSA-N		-apt-
2734	triclabendazole	68786-66-3	NQPDXQQQCQDHHW-UHFFFAOYSA-N	OFP	-bendazole
1759	methylclothiazide	135-07-9	CESYKOGBSMNBPD-UHFFFAOYSA-N	OFM	-tizide
1947	nitrendipine	39562-70-4	PVHUJELLJLJGLN-UHFFFAOYSA-N		-dipine
6	(S)-nitrendipine	80873-62-7	PVHUJELLJLJGLN-INIZCTEOSA-N		-dipine
1864	nadifloxacin	124858-35-1	JYJTVFIEFKZWCJ-UHFFFAOYSA-N		-floxacin
2245	prednisolone	50-24-8	OIGNJSKKLXVSLS-VWUMJDOOSA-N	OFP	pred-
734	cortisone acetate	50-04-4	ITRJWOMZKQRYTA-RFZYENFJSA-N	OFM	cort-
111	aldosterone	52-39-1	PQSUYGKTWSAVDQ-ZVIOFETBSA-N		-cort-
458	scopolamine butylbromide	7182-53-8	YBCNXCRZPWQOBR-WVHCHWADSA-N		
1422	iloprost	78919-13-8	HIFJCPQKFCZDDL-ACWOEMLNSA-N	OFP	-prost
965	drostanolone propionate	521-12-0	NOTIQUSPUUHHEH-UXOVVSIBSA-N	OFM	-olone
1092	ethyl loflazepate	29177-84-2	CUCHJCMWNFEYOM-UHFFFAOYSA-N		-azepam
1152	fenofibrate	49562-28-9	YMTINGFKWWXKFG-UHFFFAOYSA-N	OFP	-fibrate
3456	haletazole	15599-36-7	TXOKWXJQVFUUDD-UHFFFAOYSA-N		
1981	ofloxacin	82419-36-1	GSDSWSVVBLHKDQ-UHFFFAOYSA-N	OFP	-floxacin
1569	levofloxacin	100986-85-4	GSDSWSVVBLHKDQ-JTQLQIEISA-N	OFP	-floxacin
5598	balsam peru oil	8007-00-9			
375	bisacodyl	603-50-9	KHOITXIGCFIULA-UHFFFAOYSA-N	OFM	-dyl
1355	haloprogin	777-11-7	CTETYYAZBPJBHE-UHFFFAOYSA-N	OFM	
1718	metampicillin	6489-97-0	FZECHKJQHUVANE-MCYUEQNJSA-N		-cillin
3098	carbocromen	804-10-4	KLOIYEQEVSIOOO-UHFFFAOYSA-N		
3395	octocrylene	6197-30-4	FMJSMJQBSVNSBF-UHFFFAOYSA-N	OFP	
2260	prenoxdiazine	982-43-4	PXZDWASDNFWKSD-UHFFFAOYSA-N		
362	bezafibrate	41859-67-0	IIBYAHWJQTYFKB-UHFFFAOYSA-N		-fibrate
1247	fosphenytoin	93390-81-9	XWLUWCNOOVRFPX-UHFFFAOYSA-N	OFP	-toin
2157	phthalylsulfacetamide	131-69-1	SNWQKAWITMVCQW-UHFFFAOYSA-N		-sulfa-
2316	protirelin	24305-27-9	XNSAINXGIQZQOO-SRVKXCTJSA-N	OFM	-tirelin
5281	tildrakizumab	1326244-10-3			-zumab
2201	piretanide	55837-27-9	UJEWTUDSLQGTOA-UHFFFAOYSA-N		-etanide
3525	revaprazan	199463-33-7	LECZXZOBEZITCL-UHFFFAOYSA-N		-prazan
1388	hydrocortisone	50-23-7	JYGXADMDTFJGBT-VWUMJDOOSA-N	OFP	-cort-
2457	solifenacin	242478-37-1	FBOUYBDGKBSUES-VXKWHMMOSA-N	OFP	-fenacin
831	dexetimide	21888-98-2	LQQIVYSCPWCSSD-HSZRJFAPSA-N		
2821	viminol	21363-18-8	ZILPIBYANAFGMS-UHFFFAOYSA-N		
1793	mexazolam	31868-18-5	ANUCDXCTICZJRH-UHFFFAOYSA-N		-azolam
526	cefadroxil	50370-12-2	BOEGTKLJZSQCCD-UEKVPHQBSA-N	OFP	cef-
2412	rufloxacin	101363-10-4	NJCJBUHJQLFDSW-UHFFFAOYSA-N		-floxacin
2557	talinolol	57460-41-0	MXFWWQICDIZSOA-UHFFFAOYSA-N		-olol
1993	opipramol	315-72-0	YNZFUWZUGRBMHL-UHFFFAOYSA-N		-pramine
3314	lapyrium chloride	6272-74-8	UGJWZYARKOFRDB-UHFFFAOYSA-O	OFM	
1106	etofibrate	31637-97-5	XXRVYAFBUDSLJX-UHFFFAOYSA-N		-fibrate
853	diaziquone	57998-68-2	WVYXNIXAMZOZFK-UHFFFAOYSA-N		
2124	pheneticillin	147-55-7	NONJJLVGHLVQQM-JHXYUMNGSA-N		-cillin
5335	volanesorsen	915430-78-3			-rsen
427	bumetanide	28395-03-1	MAEIEVLCKWDQJH-UHFFFAOYSA-N	OFP	-etanide
753	cyclofenil	2624-43-3	GVOUFPWUYJWQSK-UHFFFAOYSA-N		
2732	tribuzone	13221-27-7	OFVFGKQCUDMLLP-UHFFFAOYSA-N		-buzone
2342	quinestrol	152-43-2	PWZUUYSISTUNDW-VAFBSOEGSA-N	OFM	-estr-
3019	benzoxonium chloride	19379-90-9	BTAFSOGRDASALR-UHFFFAOYSA-N		
5109	urokinase	9039-53-6			-ase
3833	suclofenide	30279-49-3	JUIHCCIFJCSFON-UHFFFAOYSA-N		
716	clostebol acetate	855-19-6	XYGMEFJSKQEBTO-KUJXMBTLSA-N		-bol
1189	fludarabine phosphate	75607-67-9	GIUYCYHIANZCFB-FJFJXFQQSA-N	OFP	-arabine
3109	clofoctol	37693-01-9	HQVZOORKDNCGCK-UHFFFAOYSA-N		
557	cefroxadine	51762-05-1	RDMOROXKXONCAL-UEKVPHQBSA-N		cef-
5433	ansuvimab	2375952-29-5			-vimab
192	amoxicillin	26787-78-0	LSQZJLSUYDQPKJ-NJBDSQKTSA-N	OFP	-cillin
121	alkofanone	7527-94-8	VWEMSUCCUQSLME-UHFFFAOYSA-N		
514	caroverine	23465-76-1	MSPRUJDUTKRMLM-UHFFFAOYSA-N		-verine
2107	periciazine	2622-26-6	LUALIOATIOESLM-UHFFFAOYSA-N		
2752	trimetaphan	7187-66-8	CHQOEHPMXSHGCL-UHFFFAOYSA-N	OFM	
5434	margetuximab	1350624-75-7			-ximab
677	clinafloxacin	105956-97-6	QGPKADBNRMWEQR-UHFFFAOYSA-N		-floxacin
1783	metolazone	17560-51-9	AQCHWTWZEMGIFD-UHFFFAOYSA-N	OFP	
1433	indapamide	26807-65-8	NDDAHWYSQHTHNT-UHFFFAOYSA-N	OFP	-pamide
762	cyclovalone	579-23-7	DHKKONBXGAAFTB-UHFFFAOYSA-N		
3961	ilaprazole	172152-36-2	HRRXCXABAPSOCP-UHFFFAOYSA-N		-prazole
1298	glibornuride	26944-48-9	RMTYNAPTNBJHQI-LLDVTBCESA-N		gli-
968	drospirenone	67392-87-4	METQSPRSQINEEU-HXCATZOESA-N	OFP	-renone
2170	piminodine	13495-09-5	PXXKIYPSXYFATG-UHFFFAOYSA-N		-eridine
342	bepridil	64706-54-3	UIEATEWHFDRYRU-UHFFFAOYSA-N	OFM	-dil
3441	phenoperidine	562-26-5	IPOPQVVNCFQFRK-UHFFFAOYSA-N		-eridine
258	atovaquone	95233-18-4	KUCQYCKVKVOKAY-CTYIDZIISA-N	OFP	
2215	pitofenone	54063-52-4	NZHMAQSCHUSSSJ-UHFFFAOYSA-N		
911	dioxyline	147-27-3	NFABMCCMPXXBFY-UHFFFAOYSA-N		
285	bambuterol	81732-65-2	ANZXOIAKUNOVQU-UHFFFAOYSA-N		-buterol
2679	tiracizine	83275-56-3	KJAMZCVTJDTESW-UHFFFAOYSA-N		-izine
3222	fenbutrazate	4378-36-3	BAQKJENAVQLANS-UHFFFAOYSA-N		-orex
2300	propiverine	60569-19-9	QPCVHQBVMYCJOM-UHFFFAOYSA-N		-verine
388	blonanserin	132810-10-7	XVGOZDAJGBALKS-UHFFFAOYSA-N		-anserin
525	cefaclor	53994-73-3	QYIYFLOTGYLRGG-GPCCPHFNSA-N	OFP	cef-
3502	prucalopride	179474-81-8	ZPMNHBXQOOVQJL-UHFFFAOYSA-N	OFP	-pride
849	diacerein	13739-02-1	TYNLGDBUJLVSMA-UHFFFAOYSA-N		
3722	cyclarbamate	5779-54-4	IRZVVDMCEZNNCW-UHFFFAOYSA-N		-bamate
2108	perindopril	82834-16-0	IPVQLZZIHOAWMC-QXKUPLGCSA-N	OFP	-pril
2333	pyritinol	1098-97-1	SIXLXDIJGIWWFU-UHFFFAOYSA-N		
4049	prasterone sulfate	651-48-9	CZWCKYRVOZZJNM-USOAJAOKSA-N	ONP	-sterone
2293	propantheline	298-50-0	VVWYOYDLCMFIEM-UHFFFAOYSA-N	OFM	
502	carboprost	35700-23-3	DLJKPYFALUEJCK-IIELGFQLSA-N	OFP	-prost
654	cinnarizine	298-57-7	DERZBLKQOCDDDZ-JLHYYAGUSA-N		-rizine
3080	cethexonium	1794-74-7	YPQVDFLBDPTGLB-UHFFFAOYSA-N		-ium
1525	ketazolam	27223-35-4	PWAJCNITSBZRBL-UHFFFAOYSA-N		-azepam
3211	etofenamate	30544-47-9	XILVEPYQJIOVNB-UHFFFAOYSA-N		-fenamate
1177	fleroxacin	79660-72-3	XBJBPGROQZJDOJ-UHFFFAOYSA-N		-oxacin
1547	lansoprazole	103577-45-3	MJIHNNLFOKEZEW-UHFFFAOYSA-N	OFP	-prazole
61	sulfadiasulfone	80-80-8	RAMPGXSXWLFXFU-UHFFFAOYSA-N		sulfa-
2757	trimetrexate	52128-35-5	NOYPYLRCIDNJJB-UHFFFAOYSA-N	OFM	-trexate
425	bulaquine	79781-00-3	ADCOUXIGWFEYJP-SDXDJHTJSA-N		-quine
644	cilostazol	73963-72-1	RRGUKTPIGVIEKM-UHFFFAOYSA-N	OFP	
179	amisulpride	71675-85-9	NTJOBXMMWNYJFB-UHFFFAOYSA-N	OFP	-pride
1968	norgestimate	35189-28-7	KIQQMECNKUGGKA-NMYWJIRASA-N	OFP	-gest-
923	diprafenone	81447-80-5	VDKMYSMWQCFYBQ-UHFFFAOYSA-N		-afenone
2230	prajmalium	35080-11-6	UAUHEPXILIZYCU-ALHOSYKFSA-N		-aj-
2760	tripamide	73803-48-2	UHLOVGKIEARANS-NIFPGPBJSA-N		-pamide
1173	flavodic acid	37470-13-6	IGCSSLDDCHLXGL-UHFFFAOYSA-N		
2063	parecoxib	198470-84-7	TZRHLKRLEZJVIJ-UHFFFAOYSA-N		-coxib
3458	hexcarbacholine	306-41-2	MBWXZXUOKTXXBU-UHFFFAOYSA-P		
3115	hydroxyestrone diacetate	1247-71-8	QZQSENRWYLQIPC-JPVHLGFFSA-N		-estr-
3175	elcometrine	7759-35-5	CKFBRGLGTWAVLG-GOMYTPFNSA-N		
1957	nomegestrol acetate	58652-20-3	IIVBFTNIGYRNQY-YQLZSBIMSA-N		-gest-
3415	oxypendyl	5585-93-3	RUPOLIZWSDDWNJ-UHFFFAOYSA-N		-pendyl
2384	rimexolone	49697-38-3	QTTRZHGPGKRAFB-OOKHYKNYSA-N	OFM	-olone
3782	penmesterol	67-81-2	ZUBDXGHKAAMAAA-RFXJPFPRSA-N		-ster-
2637	thioridazine	50-52-2	KLBQZWRITKRQQV-UHFFFAOYSA-N	OFP	
2360	rebamipide	90098-04-7	ALLWOAVDORUJLA-UHFFFAOYSA-N		
278	azosemide	27589-33-9	HMEDEBAJARCKCT-UHFFFAOYSA-N		-semide
1607	lorcainide	59729-31-6	XHOJAWVAWFHGHL-UHFFFAOYSA-N		-cain-
5435	naxitamab	1879925-92-4			-tamab
2365	remoxipride	80125-14-0	GUJRSXAPGDDABA-NSHDSACASA-N		-pride
27	azaribine	2169-64-4	QQOBRRFOVWGIMD-OJAKKHQRSA-N		-ribine
1889	nedocromil	69049-73-6	RQTOOFIXOKYGAN-UHFFFAOYSA-N	OFM	-cromil
1511	isradipine	75695-93-1	HMJIYCCIJYRONP-UHFFFAOYSA-N	OFP	-dipine
185	amocarzine	36590-19-9	UFLRJROFPAGRPN-UHFFFAOYSA-N		
2561	tamoxifen	10540-29-1	NKANXQFJJICGDU-QPLCGJKRSA-N	OFP	
243	arotinolol	68377-92-4	BHIAIPWSVYSKJS-UHFFFAOYSA-N		-olol
469	camazepam	36104-80-0	PXBVEXGRHZFEOF-UHFFFAOYSA-N		-azepam
1609	lornoxicam	70374-39-9	WLHQHAUOOXYABV-UHFFFAOYSA-N		-icam
2717	trazodone	19794-93-5	PHLBKPHSAVXXEF-UHFFFAOYSA-N	OFP	
3219	exisulind	59973-80-7	MVGSNCBCUWPVDA-MFOYZWKCSA-N		-sulind
1658	medroxalol	56290-94-9	MPQWSYJGFLADEW-UHFFFAOYSA-N		-alol
174	aminoquinuride	3811-56-1	HOUSDILKOJMENG-UHFFFAOYSA-N		-quine
2254	prednylidene	599-33-7	WSVOMANDJDYYEY-CWNVBEKCSA-N		pred-
1702	meprednisone	1247-42-3	PIDANAQULIKBQS-RNUIGHNZSA-N	OFM	-pred-
821	desoxycorticosterone acetate	56-47-3	VPGRYOFKCNULNK-ACXQXYJUSA-N	OFM	-cort-
1862	nabilone	51022-71-0	GECBBEABIDMGGL-UHFFFAOYSA-N	OFM	-nab-
208	anagestone acetate	3137-73-3	KDLNOQQQEBKBQM-DICPTYMLSA-N		-gest-
1171	finasteride	98319-26-7	DBEPLOCGEIEOCV-WSBQPABSSA-N	OFP	-steride
2008	oxametacin	27035-30-9	AJRNYCDWNITGHF-UHFFFAOYSA-N		-metacin
1297	glafenine	3820-67-5	GWOFUCIGLDBNKM-UHFFFAOYSA-N		-fenine
3128	deferasirox	201530-41-8	BOFQWVMAQOTZIW-UHFFFAOYSA-N	OFP	-ox
4113	prasugrel	150322-43-3	DTGLZDAWLRGWQN-UHFFFAOYSA-N	OFP	-grel
429	bunazosin	80755-51-7	RHLJLALHBZGAFM-UHFFFAOYSA-N		-azosin
670	clebopride	55905-53-8	BVPWJMCABCPUQY-UHFFFAOYSA-N		-pride
2274	prochlorperazine	58-38-8	WIKYUJGCLQQFNW-UHFFFAOYSA-N	OFP	
3846	trospectomycin	88669-04-9	KHAUBYTYGDOYRU-IRXASZMISA-N		-mycin
1768	methylprednisolone	83-43-2	VHRSUDSXCMQTMA-PJHHCJLFSA-N	OFP	-pred-
631	cicaprost	94079-80-8	ARUGKOZUKWAXDS-SEWALLKFSA-N		-prost
33	artisone acetate	566-78-9	MDJRZSNPHZEMJH-MTMZYOSNSA-N		
766	cyproterone acetate	427-51-0	UWFYSQMTEOIJJG-FDTZYFLXSA-N		-terone
1400	hydroxyzine	68-88-2	ZQDWXGKKHFNSQK-UHFFFAOYSA-N	OFP	-yzine
2619	theodrenaline	13460-98-5	WMCMJIGLYZDKRN-UHFFFAOYSA-N		-fylline
1280	gatifloxacin	112811-59-3	XUBOMFCQGDBHNK-UHFFFAOYSA-N	OFP	-floxacin
3315	lauroguadine	135-43-3	QMMMGQKKOKYDMN-UHFFFAOYSA-N		
273	azidocillin	17243-38-8	ODFHGIPNGIAMDK-NJBDSQKTSA-N		-cillin
2181	pipamperone	1893-33-0	AXKPFOAXAHJUAG-UHFFFAOYSA-N		-perone
2648	tiagabine	115103-54-3	PBJUNZJWGZTSKL-MRXNPFEDSA-N	OFP	-gab-
1353	haloperidol	52-86-8	LNEPOXFFQSENCJ-UHFFFAOYSA-N	OFP	-peridol
402	bromhexine	3572-43-8	OJGDCBLYJGHCIH-UHFFFAOYSA-N		-exine
2834	riboflavin	83-88-5	AUNGANRZJHBGPY-SCRDCRAPSA-N	OFP	
2161	picotamide	32828-81-2	KYWCWBXGRWWINE-UHFFFAOYSA-N		
2363	remifentanil	132875-61-7	ZTVQQQVZCWLTDF-UHFFFAOYSA-N	OFP	-fentanil
1005	enalapril	75847-73-3	GBXSMTUPTTWBMN-XIRDDKMYSA-N	OFP	-pril
2588	temoporfin	122341-38-2	LYPFDBRUNKHDGX-LWQDQPMZSA-N		-porfin
1208	fluorometholone	426-13-1	FAOZLTXFLGPHNG-KNAQIMQKSA-N	OFP	-olone
1206	fluocortolone	152-97-6	GAKMQHDJQHZUTJ-ULHLPKEOSA-N		-olone
819	desoximetasone	382-67-2	VWVSBHGCDBMOOT-IIEHVVJPSA-N	OFP	-metasone
1058	estradiol benzoate	50-50-0	UYIFTLBWAOGQBI-BZDYCCQFSA-N	OFP	estr-
1224	flutazolam	27060-91-9	WMFSSTNVXWNLKI-UHFFFAOYSA-N		-azepam
1357	haloxazolam	59128-97-1	XDKCGKQHVBOOHC-UHFFFAOYSA-N		-azepam
1840	morazone	6536-18-1	OOGNFQMTGRZRAB-UHFFFAOYSA-N		-azone
3568	sulfinalol	66264-77-5	PAQZZCOZHPGCFW-UHFFFAOYSA-N		-alol
3165	domitroban	112966-96-8	PWTCIBWRMQFJBC-ZEMKZVSASA-N		-troban
1130	famprofazone	22881-35-2	MJFVUHGZVIKGIW-UHFFFAOYSA-N		-azone
2401	ronifibrate	42597-57-9	AYJVGKWCGIYEAK-UHFFFAOYSA-N		-fibrate
1111	etoperidone	52942-31-1	IZBNNCFOBMGTQX-UHFFFAOYSA-N		-peridone
147	ambroxol	18683-91-5	JBDGDEWWOUBZPM-XYPYZODXSA-N		-exine
1665	mefloquine	53230-10-7	XEEQGYMUWCZPDN-DOMZBBRYSA-N	OFP	-quine
492	carbenicillin	4697-36-3	FPPNZSSZRUTDAP-UWFZAAFLSA-N	OFM	-cillin
1216	fluprednisolone	53-34-9	MYYIMZRZXIQBGI-HVIRSNARSA-N	OFM	-pred-
2297	propicillin	551-27-9	HOCWPKXKMNXINF-XQERAMJGSA-N		-cillin
953	doxapram	309-29-5	XFDJYSQDBULQSI-UHFFFAOYSA-N	OFP	
756	cyclopenthiazide	742-20-1	BKYKPTRYDKTTJY-UHFFFAOYSA-N		-tizide
966	droperidol	548-73-2	RMEDXOLNCUSCGS-UHFFFAOYSA-N	OFP	-peridol
946	donepezil	120014-06-4	ADEBPBSSDYVVLD-UHFFFAOYSA-N	OFP	
569	celiprolol	56980-93-9	JOATXPAWOHTVSZ-UHFFFAOYSA-N		-olol
3214	etomidoline	21590-92-1	ITIONVBQFUNVJV-UHFFFAOYSA-N		
2035	oxypertine	153-87-7	XCWPUUGSGHNIDZ-UHFFFAOYSA-N		
3721	coumetarol	4366-18-1	BUCJFFQZPGTGPX-UHFFFAOYSA-N		-arol
1744	meticillin	61-32-5	RJQXTJLFIWVMTO-TYNCELHUSA-N	OFM	-cillin
3543	scarlet red	85-83-6	RCTGMCJBQGBLKT-PAMTUDGESA-N		
1191	fludrocortisone acetate	514-36-3	SYWHXTATXSMDSB-GSLJADNHSA-N	OFP	-cort-
190	amosulalol	85320-68-9	LVEXHFZHOIWIIP-UHFFFAOYSA-N		-alol
389	bopindolol	62658-63-3	UUOJIACWOAYWEZ-UHFFFAOYSA-N		-olol
981	ecabet	33159-27-2	IWCWQNVIUXZOMJ-MISYRCLQSA-N		
1581	limaprost	74397-12-9	OJZYRQPMEIEQFC-UAWLTFRCSA-N		-prost
1035	eprazinone	10402-90-1	BSHWLCACYCVCJE-UHFFFAOYSA-N		
2733	trichlormethiazide	133-67-5	LMJSLTNSBFUCMU-UHFFFAOYSA-N	OFM	-tizide
610	chlorotrianisene	569-57-3	BFPSDSIWYFKGBC-UHFFFAOYSA-N	OFM	
568	celecoxib	169590-42-5	RZEKVGVHFLEQIL-UHFFFAOYSA-N	OFP	-coxib
3224	fendosal	53597-27-6	HAWWPSYXSLJRBO-UHFFFAOYSA-N		-sal
312	benperidol	2062-84-2	FEBOTPHFXYHVPL-UHFFFAOYSA-N		-peridol
1799	micinicate	39537-99-0	JVISQUVIQOJOOQ-VPSRXSMPSA-N		-nicate
983	econazole	27220-47-9	LEZWWPYKPKIXLL-UHFFFAOYSA-N	OFP	-conazole
271	azelastine	58581-89-8	MBUVEWMHONZEQD-UHFFFAOYSA-N	OFP	-astine
1645	mebutizide	3568-00-1	KJLLKLRVCJAFRY-UHFFFAOYSA-N		-tizide
2693	tofisopam	22345-47-7	RUJBDQSFYCKFAA-UHFFFAOYSA-N		-azepam
3592	tetrofosmin	127502-06-1	QCWJONLQSHEGEJ-UHFFFAOYSA-N	OFP	-fos-
135	alpiropride	81982-32-3	QRQMZZNDJGHPHZ-UHFFFAOYSA-N		-pride
995	eletriptan	143322-58-1	PWVXXGRKLHYWKM-LJQANCHMSA-N	OFP	-triptan
2335	pyrvinium	3546-41-6	QMHSXPLYMTVAMK-UHFFFAOYSA-N	OFM	-ium
1817	misoprostol	59122-46-2	OJLOPKGSLYJEMD-URPKTTJQSA-N	OFP	-prost-
1666	mefruside	7195-27-9	SMNOERSLNYGGOU-UHFFFAOYSA-N		
1605	loratadine	79794-75-5	JCCNYMKQOSZNPW-UHFFFAOYSA-N	OFP	-tadine
2054	pantoprazole	102625-70-7	IQPSEEYGBUAQFF-UHFFFAOYSA-N	OFP	-prazole
563	ceftizoxime	68401-81-0	NNULBSISHYWZJU-LLKWHZGFSA-N	OFM	cef-
2814	veralipride	66644-81-3	RYJXBGGBZJGVQF-UHFFFAOYSA-N		-pride
1709	meropenem	96036-03-2	DMJNNHOOLUXYBV-PQTSNVLCSA-N	OFP	-penem
2563	tandospirone	87760-53-0	CEIJFEGBUDEYSX-FZDBZEDMSA-N		-spirone
2337	quetiapine	111974-69-7	URKOMYMAXPYINW-UHFFFAOYSA-N	OFP	-apine
396	brinzolamide	138890-62-7	HCRKCZRJWPKOAR-JTQLQIEISA-N	OFP	
3332	mebrofenin	78266-06-5	MHPZZZZLAQGTHT-UHFFFAOYSA-N	OFP	-fenin
1870	naftidrofuryl	31329-57-4	KBAFPSLPKGSANY-UHFFFAOYSA-N		
805	denaverine	3579-62-2	FPTOUQZVCUIPHY-UHFFFAOYSA-N		-verine
1674	melinamide	14417-88-0	RWIUTHWKQHRQNP-NQLNTKRDSA-N		
140	altizide	5588-16-9	VGLGVJVUHYTIIU-UHFFFAOYSA-N		-tizide
391	bortezomib	179324-69-7	GXJABQQUPOEUTA-RDJZCZTQSA-N	OFP	-zomib
1142	felodipine	72509-76-3	RZTAMFZIAATZDJ-UHFFFAOYSA-N	OFP	-dipine
247	artesunate	88495-63-0	FIHJKUPKCHIPAT-AHIGJZGOSA-N	OFP	arte-
2656	ticarcillin	34787-01-4	OHKOGUYZJXTSFX-KZFFXBSXSA-N	OFM	-cillin
3523	bufogenin	465-39-4	ATLJNLYIJOCWJE-CWMZOUAVSA-N		
1060	estradiol dipropionate	113-38-2	JQIYNMYZKRGDFK-RUFWAXPRSA-N	OFP	estr-
2864	zipeprol	34758-83-3	VSTNNAYSCJQCQI-UHFFFAOYSA-N		
3431	perimetazine	13093-88-4	WYRWAVVTDKZRIJ-UHFFFAOYSA-N		
1061	estradiol enanthate	4956-37-0	RFWTZQAOOLFXAY-BZDYCCQFSA-N	OFP	estr-
1412	ibutilide	122647-31-8	ALOBUEHUHMBRLE-UHFFFAOYSA-N	OFP	-ilide
1934	nilvadipine	75530-68-6	FAIIFDPAEUKBEP-UHFFFAOYSA-N		-dipine
287	bamifylline	2016-63-9	VVUYEFBRTFASAH-UHFFFAOYSA-N		-fylline
60	racecadotril	81110-73-8	ODUOJXZPIYUATO-UHFFFAOYSA-N		-dotril
437	buspirone	36505-84-7	QWCRAEMEVRGPNT-UHFFFAOYSA-N	OFP	-spirone
1242	fosfluconazole	194798-83-9	GHJWNRRCRIGGIO-UHFFFAOYSA-N		-conazole
3475	piposulfan	2608-24-4	NUKCGLDCWQXYOQ-UHFFFAOYSA-N		-sulfan
217	anecortave	7753-60-8	YUWPMEXLKGOSBF-GACAOOTBSA-N		-cort-
3768	medibazine	53-31-6	ORAUEDBBTFLQSK-UHFFFAOYSA-N		-rizine
2491	sufentanil	56030-54-7	GGCSSNBKKAUURC-UHFFFAOYSA-N	OFP	-fentanil
1712	mesoridazine	5588-33-0	SLVMESMUVMCQIY-UHFFFAOYSA-N	OFM	
2336	quazepam	36735-22-5	IKMPWMZBZSAONZ-UHFFFAOYSA-N	OFP	-azepam
3584	terazosin	63590-64-7	VCKUSRYTPJJLNI-UHFFFAOYSA-N	OFP	-azosin
2748	trimebutine	39133-31-8	LORDFXWUHHSAQU-UHFFFAOYSA-N		
2796	urapidil	34661-75-1	ICMGLRUYEQNHPF-UHFFFAOYSA-N		-dil
1347	gusperimus	98629-43-7	IDINUJSAMVOPCM-UHFFFAOYSA-N		-imus
2675	tioconazole	65899-73-2	QXHHHPZILQDDPS-UHFFFAOYSA-N	OFP	-conazole
336	benzylhydrochlorothiazide	1824-50-6	BWSSMIJUDVUASQ-UHFFFAOYSA-N		
1218	flurazepam	17617-23-1	SAADBVWGJQAEFS-UHFFFAOYSA-N	OFP	-azepam
1895	nemonapride	75272-39-8	KRVOJOCLBAAKSJ-RDTXWAMCSA-N		-pride
4005	oxantel	36531-26-7	VRYKTHBAWRESFI-VOTSOKGWSA-N		-antel
234	aranidipine	86780-90-7	NCUCGYYHUFIYNU-UHFFFAOYSA-N		-nidipine
3649	visnadine	477-32-7	GVBNSPFBYXGREE-CXWAGAITSA-N		
1942	nisoldipine	63675-72-9	VKQFCGNPDRICFG-UHFFFAOYSA-N	OFP	-dipine
2754	trimethobenzamide	138-56-7	FEZBIKUBAYAZIU-UHFFFAOYSA-N	OFP	
2873	zopiclone	43200-80-2	GBBSUAFBMRNDJC-UHFFFAOYSA-N		-clone
1068	eszopiclone	138729-47-2	GBBSUAFBMRNDJC-INIZCTEOSA-N	OFP	-clone
1172	fipexide	34161-24-5	BFUJHVVEMMWLHC-UHFFFAOYSA-N		
1566	levocetirizine	130018-77-8	ZKLPARSLTMPFCP-OAQYLSRUSA-N	OFP	-rizine
581	cetirizine	83881-51-0	ZKLPARSLTMPFCP-UHFFFAOYSA-N	OFP	-izine
341	bepotastine	125602-71-3	YWGDOWXRIALTES-NRFANRHFSA-N	OFP	-astine
1286	gemifloxacin	175463-14-6	ZRCVYEYHRGVLOC-HYARGMPZSA-N	OFM	-floxacin
2553	tadalafil	171596-29-5	WOXKDUGGOYFFRN-IIBYNOLFSA-N	OFP	-afil
2368	reproterol	54063-54-6	WVLAAKXASPCBGT-UHFFFAOYSA-N		-terol
283	balofloxacin	127294-70-6	MGQLHRYJBWGORO-UHFFFAOYSA-N		-floxacin
824	dexamethasone	50-02-2	UREBDLICKHMUKA-CXSFZGCWSA-N	OFP	-methasone
556	cefprozil	92665-29-7	WDLWHQDACQUCJR-ZAMMOSSLSA-N	OFP	cef-
115	alfuzosin	81403-80-7	WNMJYKCGWZFFKR-UHFFFAOYSA-N	OFP	-azosin
1363	hetacillin	3511-16-8	DXVUYOAEDJXBPY-NFFDBFGFSA-N	OFM	-cillin
761	cyclothiazide	2259-96-3	BOCUKUHCLICSIY-UHFFFAOYSA-N	OFM	-tizide
2362	regadenoson	313348-27-5	LZPZPHGJDAGEJZ-AKAIJSEGSA-N	OFP	-denoson
2720	treprostinil	81846-19-7	PAJMKGZZBBTTOY-ZFORQUDYSA-N	OFP	-prost-
3404	oxamarin	15301-80-1	KDZPIXVLPYVHDO-UHFFFAOYSA-N		
1649	meclozine	569-65-3	OCJYIGYOJCODJL-UHFFFAOYSA-N	OFP	-izine
1175	flavoxate	15301-69-6	SPIUTQOUKAMGCX-UHFFFAOYSA-N	OFP	
3883	biriperone	42021-34-1	YCNCIZWAGQTWBI-UHFFFAOYSA-N		-perone
1235	dimetotiazine	7456-24-8	VWNWVCJGUMZDIU-UHFFFAOYSA-N		
930	dithiazanine	7187-55-5	FYXWDSGGZAMYFZ-UHFFFAOYSA-N		
2466	sparfloxacin	110871-86-8	DZZWHBIBMUVIIW-DTORHVGOSA-N	OFM	-floxacin
650	cinepazet	23887-41-4	XDUOTWNXVDBCDY-VOTSOKGWSA-N		
2060	paramethasone acetate	1597-82-6	HYRKAAMZBDSJFJ-LFDBJOOHSA-N	OFM	-methasone
348	betamethasone	378-44-9	UREBDLICKHMUKA-DVTGEIKXSA-N	OFM	-methasone
1873	naftopidil	57149-07-2	HRRBJVNMSRJFHQ-UHFFFAOYSA-N		-dil
2776	trospium	10405-02-4	OYYDSUSKLWTMMQ-JKHIJQBDSA-N	OFP	-ium
2677	tiotropium bromide	186691-13-4	LERNTVKEWCAPOY-VOGVJGKGSA-N	OFP	-trop-
2249	prednisolone steaglate	5060-55-9	RBJROVWIRLFZFC-PNLFXGMVSA-N	OFP	pred-
843	dextromoramide	357-56-2	INUNXTSAACVKJS-OAQYLSRUSA-N		
2797	ursodiol	128-13-2	RUDATBOHQWOJDD-UZVSRGJWSA-N	OFP	
3093	chloroprednisone	52080-57-6	NPSLCOWKFFNQKK-ZPSUVKRCSA-N		-pred-
709	cloprednol	5251-34-3	YTJIBEDMAQUYSZ-FDNPDPBUSA-N		-pred-
2092	pentetic acid	67-43-6	QPCDCPDFJACHGM-UHFFFAOYSA-N		
2411	rubitecan	91421-42-0	VHXNKPBCCMUMSW-FQEVSTJZSA-N		-tecan
2508	sulfaloxic acid	14376-16-0	UPCBSVILVWKHIG-UHFFFAOYSA-N		sulfa-
1045	erlotinib	183321-74-6	AAKJLRGGTJKAMG-UHFFFAOYSA-N	OFP	-tinib
203	amsacrine	51264-14-3	XCPGHVQEEXUHNC-UHFFFAOYSA-N		-crine
409	brotizolam	57801-81-7	UMSGKTJDUHERQW-UHFFFAOYSA-N		-azepam
1716	metaclazepam	84031-17-4	WABYCCJHARSRBH-UHFFFAOYSA-N		-azepam
4111	besifloxacin	141388-76-3	QFFGVLORLPOAEC-SNVBAGLBSA-N	ONP	-floxacin
3668	ambuside	3754-19-6	SGYBHNVEILSSGC-UHFFFAOYSA-N		
2725	triamcinolone	124-94-7	GFNANZIMVAIWHM-OBYCQNJPSA-N	OFM	-olone
3141	diflucortolone	2607-06-9	OGPWIDANBSLJPC-RFPWEZLHSA-N		-olone
3230	fluacizine	30223-48-4	VHEOUJNDDFHPGJ-UHFFFAOYSA-N		-izine
1284	gemeprost	64318-79-2	KYBOHGVERHWSSV-VNIVIJDLSA-N		-prost
533	cefdinir	91832-40-5	RTXOFQZKPXMALH-GHXIOONMSA-N	OFP	cef-
713	cloricromen	68206-94-0	GYNNRVJJLAVVTQ-UHFFFAOYSA-N		
1524	ketanserin	74050-98-9	FPCCSQOGAWCVBH-UHFFFAOYSA-N		-anserin
2817	vesnarinone	81840-15-5	ZVNYJIZDIRKMBF-UHFFFAOYSA-N		-rinone
2470	spiperone	749-02-0	DKGZKTPJOSAWFA-UHFFFAOYSA-N		-perone
1077	ethaverine	486-47-5	ZOWYFYXTIWQBEP-UHFFFAOYSA-N		-verine
2339	quinagolide	87056-78-8	GDFGTRDCCWFXTG-ZIFCJYIRSA-N		-golide
574	cefalotin	153-61-7	XIURVHNZVLADCM-IUODEOHRSA-N	OFM	cef-
1059	estradiol cypionate	313-06-4	UOACKFBJUYNSLK-XRKIENNPSA-N	OFP	estr-
2838	ergocalciferol	50-14-6	MECHNRXZTMCUDQ-RKHKHRCZSA-N	OFP	-calci-
1457	diiodohydroxyquinoline	83-73-8	UXZFQZANDVDGMM-UHFFFAOYSA-N		-quine
1261	fusidic acid	6990-06-3	IECPWNUMDGFDKC-MZJAQBGESA-N		
3074	cefetamet	65052-63-3	MQLRYUCJDNBWMV-GHXIOONMSA-N		cef-
3734	diperodon	537-12-2	YUGZHQHSNYIFLG-UHFFFAOYSA-N		-caine
969	drotaverine	14009-24-6	OMFNSKIUKYOYRG-MOSHPQCFSA-N		-verine
2668	timiperone	57648-21-2	YDLQKLWVKKFPII-UHFFFAOYSA-N		-perone
2495	sulconazole	61318-90-9	AFNXATANNDIXLG-SFHVURJKSA-N	OFP	-conazole
3336	melarsoprol	494-79-1	JCYZMTMYPZHVBF-UHFFFAOYSA-N		
2525	sulfasalazine	599-79-1	NCEXYHBECQHGNR-QZQOTICOSA-N	OFP	-salazine
471	camostat	59721-28-7	XASIMHXSUQUHLV-UHFFFAOYSA-N		-mostat
376	bisantrene	78186-34-2	NJSMWLQOCQIOPE-OCHFTUDZSA-N		
2544	sunitinib	557795-19-4	WINHZLLDWRZWRT-ATVHPVEESA-N	OFP	-tinib
1228	flutropium	63516-07-4	OATDVDIMNNZTEY-DAXLTYESSA-N		-trop-
343	beraprost	88430-50-6	CTPOHARTNNSRSR-APJZLKAGSA-N		-prost
2154	pholcodine	509-67-1	GPFAJKDEDBRFOS-FKQDBXSBSA-N		
3732	dimorpholamine	119-48-2	HZTMGWSBSDLALI-UHFFFAOYSA-N		
193	amperozide	75558-90-6	NNAIYOXJNVGUOM-UHFFFAOYSA-N		
3423	pentagestrone	7001-56-1	RBFQPFFCDLXWQK-UXUCURBISA-N		-gest-
2841	dihydrotachysterol	67-96-9	ILYCWAKSDCYMBB-OPCMSESCSA-N		-calci-
726	colchicine	64-86-8	IAKHMKGGTNLKSZ-INIZCTEOSA-N	OFP	
2414	ademetionine	29908-03-0	MEFKEPWMEQBLKI-AIRLBKTGSA-N		
2182	pipazetate	2167-85-3	DTVJXCOMJLLMAK-UHFFFAOYSA-N		
2630	thiethylperazine	1420-55-9	XCTYLCDETUVOIP-UHFFFAOYSA-N	OFM	
2338	mepacrine	83-89-6	GPKJTRJOBQGKQK-UHFFFAOYSA-N		-crine
1016	enprostil	73121-56-9	PTOJVMZPWPAXER-FPXSIRDUSA-N		-prostil
1259	fursultiamine	804-30-8	JTLXCMOFVBXEKD-FOWTUZBSSA-N		
2673	tiocarlide	910-86-1	BWBONKHPVHMQHE-UHFFFAOYSA-N		
1281	gefarnate	51-77-4	ZPACYDRSPFRDHO-ROBAGEODSA-N		
464	calcifediol	19356-17-3	JWUBBDSIWDLEOM-DTOXIADCSA-N	OFP	calci-
130	alfacalcidol	41294-56-8	OFHCOWSQAMBJIW-AVJTYSNKSA-N		-calci-
294	beclometasone dipropionate	5534-09-8	KUVIULQEHSCUHY-XYWKZLDCSA-N	OFP	-metasone
2877	zuclopenthixol	53772-83-1	WFPIAZLQTJBIFN-DVZOWYKESA-N		
2037	oxyphenisatine acetate	115-33-3	PHPUXYRXPHEJDF-UHFFFAOYSA-N		
1854	moxifloxacin	151096-09-2	FABPRXSRWADJSP-MEDUHNTESA-N	OFP	-floxacin
2006	oxacillin	66-79-5	UWYHMGVUTGAWSP-JKIFEVAISA-N	OFP	-cillin
1916	nicofuranose	15351-13-0	FUWFSXZKBMCSKF-ZASNTINBSA-N		nico-
1234	fominoben	18053-31-1	KSNNEUZOAFRTDS-UHFFFAOYSA-N		
297	bemetizide	1824-52-8	PYVUMAGVCSQCBD-UHFFFAOYSA-N		-tizide
2180	pipamazine	84-04-8	OSJJYEUEJRVVOD-UHFFFAOYSA-N		
2247	prednisolone acetate	52-21-1	LRJOMUJRLNCICJ-JZYPGELDSA-N	OFP	pred-
652	cinitapride	66564-14-5	ZDLBNXXKDMLZMF-UHFFFAOYSA-N		-pride
4104	cideferron	64440-87-5			
3708	choline dehydrocholate	4201-78-9			
794	dehydrocholic acid	81-23-2	OHXPGWPVLFPUSM-KLRNGDHRSA-N		
3943	ethinylestradiol sulfonate	28913-23-7	KPEUDULLQDHKAZ-VROINQGHSA-N		-estr-
2532	sulforidazine	14759-06-9	FLGCRGJDQJIJAW-UHFFFAOYSA-N		
3130	delmadinone acetate	13698-49-2	CGBCCZZJVKUAMX-DFXBJWIESA-N		
1604	lorajmine	47562-08-3	LAHDERDHXJFFJU-ZWNKPRIXSA-N		-aj-
688	clocinizine	298-55-5	ZSQANMZWGKYDER-JXMROGBWSA-N		-izine
3531	roflumilast	162401-32-3	MNDBXUUTURYVHR-UHFFFAOYSA-N	OFP	-milast
2158	phthalylsulfathiazole	85-73-4	PBMSWVPMRUJMPE-UHFFFAOYSA-N		-sulfa-
3673	aminoxytriphene	5585-64-8	FRQGJOFRWIILCX-UHFFFAOYSA-N		
1723	metergoline	17692-51-2	WZHJKEUHNJHDLS-QTGUNEKASA-N		-erg-
2113	perphenazine	58-39-9	RGCVKNLCSQQDEP-UHFFFAOYSA-N	OFP	
134	alpidem	82626-01-5	JRTIDHTUMYMPRU-UHFFFAOYSA-N		-pidem
2710	tosufloxacin	100490-36-6	WUWFMDMBOJLQIV-UHFFFAOYSA-N		-floxacin
316	bentiromide	37106-97-1	SPPTWHFVYKCNNK-FQEVSTJZSA-N	OFM	-tirom
1267	gadoterate meglumine	92943-93-6			gado-
1914	nicocodine	3688-66-2	RYBGRHAWFUVMST-MJFIPZRTSA-N		nico-
1268	gadoteridol	120066-54-8			gado-
2533	aldesulfone	144-75-2	NEDPPCHNEOMTJV-UHFFFAOYSA-N	OFM	-dapsone
2528	sulfinpyrazone	57-96-5	MBGGBVCUIVRRBF-UHFFFAOYSA-N	OFM	-azone
1200	flunarizine	52468-60-7	SMANXXCATUTDDT-QPJJXVBHSA-N		-rizine
331	benzquinamide	63-12-7	JSZILQVIPPROJI-UHFFFAOYSA-N	OFM	
1612	lovastatin	75330-75-5	PCZOHLXUXFIOCF-BXMDZJJMSA-N	OFP	-vastatin
2287	methestrol dipropionate	84-13-9	ORHVFDBDWJTZIN-UHFFFAOYSA-N		-estr-
1699	mepitiostane	21362-69-6	IVDYZAAPOLNZKG-KWHRADDSSA-N		
600	chlormadinone	302-22-7	QMBJSIBWORFWQT-DFXBJWIESA-N		
2560	taltirelin	103300-74-9	LQZAIAZUDWIVPM-NDQFZYFBSA-N		-tirelin
572	cefaloglycin	3577-01-3	FUBBGQLTSCSAON-PBFPGSCMSA-N	OFM	cef-
1104	etodroxizine	17692-34-1	VUFOCTSXHUWGPW-UHFFFAOYSA-N		-izine
1887	nebivolol	118457-14-0	KOHIRBRYDXPAMZ-UHFFFAOYSA-N	OFP	-olol
1424	imidapril	89371-37-9	KLZWOWYOHUKJIG-BPUTZDHNSA-N		-pril
1135	febarbamate	13246-02-1	QHZQILHUJDRDAI-UHFFFAOYSA-N		-barb-
1923	nifekalant	130636-43-0	OEBPANQZQGQPHF-UHFFFAOYSA-N		-kalant
1587	lisinopril	76547-98-3	RLAWWYSOJDYHDC-BZSNNMDCSA-N	OFP	-pril
250	astromicin	55779-06-1	BIDUPMYXGFNAEJ-APGVDKLISA-N		-micin
1639	mazaticol	42024-98-6	AMHPTVWBZSYFSS-UHFFFAOYSA-N		
1841	morclofone	31848-01-8	KVCJCEKJKGLBOK-UHFFFAOYSA-N		
2709	toremifene	89778-26-7	XFCLJVABOIYOMF-QPLCGJKRSA-N	OFP	-mifene
700	clomifene	911-45-5	GKIRPKYJQBWNGO-UHFFFAOYSA-N	OFP	-mifene
1178	floctafenine	23779-99-9	APQPGQGAWABJLN-UHFFFAOYSA-N		-fenine
2077	penamecillin	983-85-7	NLOOMWLTUVBWAW-HLLBOEOZSA-N		-cillin
522	carvedilol	72956-09-3	OGHNVEJMJSYVRP-UHFFFAOYSA-N	OFP	-dilol
101	alacepril	74258-86-9	FHHHOYXPRDYHEZ-COXVUDFISA-N	OFP	-pril
1832	mometasone furoate	83919-23-7	WOFMFGQZHJDGCX-ZULDAHANSA-N	OFP	-metasone
1582	lincomycin	154-21-2	OJMMVQQUTAEWLP-KIDUDLJLSA-N	OFP	-mycin
1882	nandrolone phenpropionate	62-90-8	UBWXUGDQUBIEIZ-QNTYDACNSA-N	OFM	-andr-
1364	hexachlorophene	70-30-4	ACGUYXCXAPNIKK-UHFFFAOYSA-N	OFP	
2448	sitagliptin	486460-32-6	MFFMDFFZMYYVKS-SECBINFHSA-N	OFP	-gliptin
2625	thiamphenicol glycinate	2393-92-2	AMGKHLVPQHMHGQ-ZYHUDNBSSA-N		-mycin
2740	trifluoperazine	117-89-5	ZEWQUBUPAILYHI-UHFFFAOYSA-N	OFP	
368	bidisomide	116078-65-0	GTEPPJFJSNSNIH-UHFFFAOYSA-N		-isomide
1091	ethyl biscoumacetate	548-00-5	JCLHQFUTFHUXNN-UHFFFAOYSA-N		-arol
2562	tamsulosin	106133-20-4	DRHKJLXJIQTDTD-OAHLLOKOSA-N	OFP	-azosin
1989	omapatrilat	167305-00-2	LVRLSYPNFFBYCZ-VGWMRTNUSA-N		-patrilat
3096	cholic acid	81-25-4	BHQCQFFYRZLCQQ-OELDTZBJSA-N	OFP	
2345	quingestanol acetate	3000-39-3	FLGJKPPXEKYCBY-AKCFYGDASA-N		-gest-
1810	miltefosine	58066-85-6	PQLXHQMOHUQAKB-UHFFFAOYSA-N	OFP	-fosine
4099	levamlodipine	103129-82-4	HTIQEAQVCYTUBX-KRWDZBQOSA-N	OFP	-dipine
183	amlodipine	88150-42-9	HTIQEAQVCYTUBX-UHFFFAOYSA-N	OFP	-dipine
2741	trifluperidol	749-13-3	GPMXUUPHFNMNDH-UHFFFAOYSA-N		-peridol
1125	ezetimibe	163222-33-1	OLNTVTPDXPETLC-XPWALMASSA-N	OFP	-imibe
3015	benexate	78718-25-9	IAXUQWSLRKIRFR-SAABIXHNSA-N		
443	butaperazine	653-03-2	DVLBYTMYSMAKHP-UHFFFAOYSA-N		
2186	piperacetazine	3819-00-9	BTFMCMVEUCGQDX-UHFFFAOYSA-N	OFM	
2449	sitafloxacin	127254-12-0	PNUZDKCDAWUEGK-CYZMBNFOSA-N		-floxacin
562	ceftibuten	97519-39-6	UNJFKXSSGBWRBZ-BJCIPQKHSA-N	OFM	cef-
2389	risperidone	106266-06-2	RAPZEAPATHNIPO-UHFFFAOYSA-N	OFP	-peridone
1998	ornoprostil	70667-26-4	BBRBUTFBTUFFBU-LHACABTQSA-N		-prostil
1964	norethindrone enanthate	3836-23-5	APTGJECXMIKIET-WOSSHHRXSA-N	OFP	
1462	iomazenil (123I)	127396-36-5	FRIZVHMAECRUBR-KIWWSDKQSA-N		-azenil
3839	tasosartan	145733-36-4	ADXGNEYLLLSOAR-UHFFFAOYSA-N		-sartan
1229	fluvastatin	93957-54-1	FJLGEFLZQAZZCD-JUFISIKESA-N	OFP	-vastatin
2865	ziprasidone	146939-27-7	MVWVFYHBGMAFLY-UHFFFAOYSA-N	OFP	
59	acetophenazine	2751-68-0	WNTYBHLDCKXEOT-UHFFFAOYSA-N	OFM	
450	butoconazole	64872-77-1	SWLMUYACZKCSHZ-UHFFFAOYSA-N	OFP	-conazole
3522	reserpiline	131-02-2	FGWJRZQNNZVCHR-BCRCDCHUSA-N		
87	adapalene	106685-40-9	LZCDAPDGXCYOEH-UHFFFAOYSA-N	OFP	
648	cinalukast	128312-51-6	BZMKNPGKXJAIDV-VAWYXSNFSA-N		-lukast
465	calcipotriene	112965-21-6	LWQQLNNNIPYSNX-UROSTWAQSA-N	OFP	calci-
3018	benzethonium	121-54-0	SIYLLGKDQZGJHK-UHFFFAOYSA-N		-ium
957	doxercalciferol	54573-75-0	HKXBNHCUPKIYDM-CGMHZMFXSA-N	OFP	-calci-
1956	nizofenone	54533-85-6	WZGBZLHGOVJDET-UHFFFAOYSA-N		ni-
3139	dichlorisone	79-61-8	YNNURTVKPVJVEI-GSLJADNHSA-N		
1973	noscapine	128-62-1	AKNNEGZIBPJZJG-MSOLQXFVSA-N		-quine
2559	talniflumate	66898-62-2	ANMLJLFWUCQGKZ-UHFFFAOYSA-N		
1176	flecainide	54143-55-4	DJBNUMBKLMJRSA-UHFFFAOYSA-N	OFP	-cain-
47	acemetacin	53164-05-9	FSQKKOOTNAMONP-UHFFFAOYSA-N		-metacin
3481	podophyllotoxin	518-28-5	YJGVMLPVUAXIQN-XVVDYKMHSA-N	OFP	
3828	sancycline	808-26-4	XDVCLKFLRAWGIT-ADOAZJKMSA-N		-cycline
4052	sulbenicillin	41744-40-5	JETQIUPBHQNHNZ-NJBDSQKTSA-N		-cillin
2587	temocillin	66148-78-5	BVCKFLJARNKCSS-DWPRYXJFSA-N		-cillin
5735	rozanolixizumab	1584645-37-3			-xizumab
1869	nafcillin	147-52-4	GPXLMGHLHQJAGZ-JTDSTZFVSA-N	OFP	-cillin
1032	eplerenone	107724-20-9	JUKPWJGBANNWMW-VWBFHTRKSA-N	OFP	-renone
897	diltiazem	42399-41-7	HSUGRBWQSSZJOP-RTWAWAEBSA-N	OFP	-tiazem
3261	gestonorone caproate	1253-28-7	XURCMZMFZXXQDJ-UKNJCJGYSA-N		-gest-
822	desoxycorticosterone pivalate	808-48-0	VVOIQBFMTVCINR-WWMZEODYSA-N	OFM	-cort-
2451	sitosterol	83-46-5	KZJWDPNRJALLNS-VJSFXXLFSA-N		
2575	teclothiazide	4267-05-4	GUTZRTRUIMWMJZ-UHFFFAOYSA-N		-tizide
2419	salmeterol	89365-50-4	GIIZNNXWQWCKIB-UHFFFAOYSA-N	OFP	-terol
371	bimatoprost	155206-00-1	AQOKCDNYWBIDND-FTOWTWDKSA-N	OFP	-prost
2413	rupatadine	158876-82-5	WUZYKBABMWJHDL-UHFFFAOYSA-N		-tadine
3309	isoconazole	27523-40-6	MPIPASJGOJYODL-SFHVURJKSA-N		-conazole
1800	miconazole	22916-47-8	BYBLEWFAAKGYCD-UHFFFAOYSA-N	OFP	-conazole
2591	tenitramine	21946-79-2	DLDKCSIJFIPYRK-UHFFFAOYSA-N		-nit-
1467	iofendylate	99-79-6			io-
2777	trovafloxacin	147059-72-1	WVPSKSLAZQPAKQ-CDMJZVDBSA-N	OFM	-floxacin
3452	guaiacol phosphate	563-03-1	ADBFDJQRBQZXAB-UHFFFAOYSA-N		
2354	ramatroban	116649-85-5	LDXDSHIEDAPSSA-OAHLLOKOSA-N		-troban
3507	pyrinoline	1740-22-3	NCZXKYCNHGRFHE-UHFFFAOYSA-N		
573	cefaloridine	50-59-9	CZTQZXZIADLWOZ-CRAIPNDOSA-N		cef-
3135	desonide	638-94-8	WBGKWQHBNHJJPZ-LECWWXJVSA-N	OFP	-onide
1770	methylprednisolone acetate	53-36-1	PLBHSZGDDKCEHR-LFYFAGGJSA-N	OFP	-pred-
2356	ramipril	87333-19-5	HDACQVRGBOVJII-JBDAPHQKSA-N	OFP	-pril
927	distigmine	17299-00-2	AHZBEVXBKNYXPU-UHFFFAOYSA-N		-stigmine
5739	avacincaptad pegol	1491144-00-3			peg-
114	alfentanil	71195-58-9	IDBPHNDTYPBSNI-UHFFFAOYSA-N	OFP	-fentanil
2475	spironolactone	52-01-7	LXMSZDCAJNLERA-ZHYRCANASA-N	OFP	-renone
2840	colecalciferol	67-97-0	QYSXJUFSXHHAJI-YRZJJWOYSA-N	OFP	calci-
2426	secalciferol	55721-11-4	FCKJYANJHNLEEP-XRWYNYHCSA-N		-calci-
651	cinepazide	23887-46-9	RCUDFXMNPQNBDU-VOTSOKGWSA-N		
2066	paricalcitol	131918-61-1	BPKAHTKRCLCHEA-UBFJEZKGSA-N	OFP	-calci-
466	calcitriol	32222-06-3	GMRQFYUYWCNGIN-NKMMMXOESA-N	OFP	calci-
2584	temafloxacin	108319-06-8	QKDHBVNJCZBTMR-UHFFFAOYSA-N		-floxacin
382	bisoxatin acetate	14008-48-1	ZCBJDQBSLZREAA-UHFFFAOYSA-N		
641	cilazapril	88768-40-5	HHHKFGXWKKUNCY-FHWLQOOXSA-N		-pril
1937	nimodipine	66085-59-4	UIAGMCDKSXEBJQ-UHFFFAOYSA-N	OFP	-dipine
2445	simvastatin	79902-63-9	RYMZZMVNJRMUDD-HGQWONQESA-N	OFP	-vastatin
1638	maxacalcitol	103909-75-7	DTXXSJZBSTYZKE-ZDQKKZTESA-N		-calci-
1592	lofepramine	23047-25-8	SAPNXPWPAUFAJU-UHFFFAOYSA-N		-pramine
467	caldiamide	128326-81-8			
407	bromperidol	10457-90-6	RKLNONIVDFXQRX-UHFFFAOYSA-N		-peridol
204	amtolmetin guacil	87344-06-7	CWJNMKKMGIAGDK-UHFFFAOYSA-N		
1372	hexoprenaline	3215-70-1	OXLZNBCNGJWPRV-UHFFFAOYSA-N		-prenaline
1564	levocabastine	79516-68-0	ZCGOMHNNNFPNMX-KYTRFIICSA-N	OFM	-astine
3473	pipebuzone	27315-91-9	XGNKHIPCARGLGS-UHFFFAOYSA-N		-buzone
1108	etofylline clofibrate	54504-70-0	KYAKGJDISSNVPZ-UHFFFAOYSA-N		-fibrate
305	bendroflumethiazide	73-48-3	HDWIHXWEUNVBIY-UHFFFAOYSA-N	OFM	-tizide
1255	fulvestrant	129453-61-8	VWUXBMIQPBEWFH-WCCTWKNTSA-N	OFP	-estrant
2707	topotecan	123948-87-8	UCFGDBYHRUNTLO-QHCPKHFHSA-N	OFP	-tecan
2214	pitavastatin	147511-69-1	VGYFMXBACGZSIL-MCBHFWOFSA-N	OFP	-vastatin
1838	mopidamol	13665-88-8	FOYWNSCCNCUEPU-UHFFFAOYSA-N		
3806	pentacynium chloride	77-12-3	GKPFBMQXTRZTOW-UHFFFAOYSA-N		
1848	mosapride	112885-41-3	YPELFRMCRYSPKZ-UHFFFAOYSA-N		-pride
732	conivaptan	168626-94-6	IKENVDNFQMCRTR-UHFFFAOYSA-N	OFP	-vaptan
1880	nandrolone cyclotate	22263-51-0	REACBNMPQDINOF-YBBIQVIJSA-N	OFM	-andr-
1610	losartan	114798-26-4	PSIFNNKUMBGKDQ-UHFFFAOYSA-N	OFP	-sartan
575	cefapirin	21593-23-7	UQLLWWBDSUHNEB-CZUORRHYSA-N	OFM	cef-
1273	gallamine	153-76-4	OZLPUNFFCJDMJD-UHFFFAOYSA-N	OFM	-ium
1991	omoconazole	74512-12-2	JMFOSJNGKJCTMJ-ZHZULCJRSA-N		-conazole
318	benzbromarone	3562-84-3	WHQCHUCQKNIQEC-UHFFFAOYSA-N		-arone
565	cefuroxime	55268-75-2	JFPVXVDWJQMJEE-IZRZKJBUSA-N	OFP	cef-
1031	epitizide	1764-85-8	RINBGYCKMGDWPY-UHFFFAOYSA-N		-tizide
299	benazepril	86541-75-5	XPCFTKFZXHTYIP-PMACEKPBSA-N	OFP	-pril
1037	eprosartan	133040-01-4	OROAFUQRIXKEMV-LDADJPATSA-N	OFM	-sartan
2239	pravastatin	81093-37-0	TUZYXOIXSAXUGO-PZAWKZKUSA-N	OFP	-vastatin
143	alvimopan	156053-89-3	UPNUIXSCZBYVBB-JVFUWBCBSA-N	OFP	
3940	davercin	55224-05-0	NKLGIWNNVDPGCA-ZDYKNUMJSA-N		
878	difenoxin	28782-42-5	UFIVBRCCIRTJTN-UHFFFAOYSA-N	OFP	
2794	unoprostone isopropyl	120373-24-2	XXUPXHKCPIKWLR-JHUOEJJVSA-N	OFM	-prost-
3470	pifarnine	56208-01-6	DVJCPEWCHQLAEH-UHFFFAOYSA-N		
678	clindamycin	18323-44-9	KDLRVYVGXIQJDK-AWPVFWJPSA-N	OFP	-mycin
516	carfenazine	2622-30-2	XZSMZRXAEFNJCU-UHFFFAOYSA-N	OFM	
945	domperidone	57808-66-9	FGXWKSZFVQUSTL-UHFFFAOYSA-N		-peridone
3830	sozoiodolic acid	554-71-2	WUFWNWSUSBGBSH-UHFFFAOYSA-N		
4053	garenoxacin	194804-75-6	NJDRXTDGYFKORP-LLVKDONJSA-N		-oxacin
3294	iloperidone	133454-47-4	XMXHEBAFVSFQEX-UHFFFAOYSA-N	OFP	-peridone
1105	etofamide	25287-60-9	QTRALMGDQMIVFF-UHFFFAOYSA-N		
3221	fenbenicillin	1177-30-6	VZPPEUOYDWPUKO-MQWDNKACSA-N		-cillin
3081	cetotiamine	137-76-8	YBROOZNJUDHTGE-QINSGFPZSA-N		
784	darifenacin	133099-04-4	HXGBXQDTNZMWGS-RUZDIDTESA-N	OFP	-fenacin
2014	oxatomide	60607-34-3	BAINIUMDFURPJM-UHFFFAOYSA-N		
2112	perospirone	150915-41-6	FBVFZWUMDDXLLG-HDICACEKSA-N		-spirone
2073	pemetrexed	137281-23-3	WBXPDJSOTKVWSJ-ZDUSSCGKSA-N	OFP	-trexed
3537	salazosulfadimidine	2315-08-4	DFPJEJKMDZFZHC-GHVJWSGMSA-N		salazo-
550	cefoxitin	35607-66-0	WZOZEZRFJCJXNZ-ZBFHGGJFSA-N	OFP	cef-
1842	moracizine	31883-05-3	FUBVWMNBEHXPSU-UHFFFAOYSA-N	OFM	-izine
2359	ranolazine	95635-55-5	XKLMZUWKNUAPSZ-UHFFFAOYSA-N	OFP	
4004	mozavaptan	137975-06-5	WRNXUQJJCIZICJ-UHFFFAOYSA-N		-vaptan
933	dixyrazine	2470-73-7	MSYUMPGNGDNTIQ-UHFFFAOYSA-N		
3248	fosfestrol	522-40-7	NLORYLAYLIXTID-ISLYRVAYSA-N	OFM	-estr-
3774	methargen	53370-43-7			
411	brovincamine	57475-17-9	WYIJGAVIVKPUGJ-GIVPXCGWSA-N		-vin-
1481	irbesartan	138402-11-6	YOSHYTLCDANDAN-UHFFFAOYSA-N	OFP	-sartan
1881	nandrolone decanoate	360-70-3	JKWKMORAXJQQSR-MOPIKTETSA-N	OFM	-andr-
3408	oxiconazole	64211-45-6	QRJJEGAJXVEBNE-HKOYGPOVSA-N	OFP	-conazole
3292	altropane	180468-34-2	GTQLIPQFXVKRKJ-UNSMHXHVSA-N		-trop-
3535	rutoside	153-18-4	IKGXIBQEEMLURG-NVPNHPEKSA-N		
2423	sarpogrelate	125926-17-2	FFYNAVGJSYHHFO-UHFFFAOYSA-N		-grel-
1642	mebeverine	3625-06-7	VYVKHNNGDFVQGA-UHFFFAOYSA-N		-verine
2866	zofenopril	81872-10-8	IAIDUHCBNLFXEF-MNEFBYGVSA-N		-pril
1805	mifepristone	84371-65-3	VKHAHZOOUSRJNA-GCNJZUOMSA-N	OFP	-pris-
367	bicalutamide	90357-06-5	LKJPYSCBVHEWIU-UHFFFAOYSA-N	OFP	-lutamide
419	budesonide	51333-22-3	VOVIALXJUBGFJZ-KWVAZRHASA-N	OFP	-onide
2712	trandolapril	87679-37-6	VXFJYXUZANRPDJ-WTNASJBWSA-N	OFP	-pril
3700	carbifene	15687-16-8	NQIZDFMZAXUZCZ-UHFFFAOYSA-N		
3478	piritramide	302-41-0	IHEHEFLXQFOQJO-UHFFFAOYSA-N		
3613	Vitamin E	1406-18-4			
1537	lafutidine	206449-93-6	KMZQAVXSMUKBPD-DJWKRKHSSA-N		-tidine
332	benzthiazide	91-33-8	NDTSRXAMMQDVSW-UHFFFAOYSA-N	OFM	-tizide
3238	fluprednidene acetate	1255-35-2	DEFOZIFYUBUHHU-IYQKUMFPSA-N		-pred-
1824	mizolastine	108612-45-9	PVLJETXTTWAYEW-UHFFFAOYSA-N		-astine
1437	indinavir	150378-17-9	CBVCZFGXHXORBI-PXQQMZJSSA-N	OFM	-navir
3959	hydrocortisone butyrate	13609-67-1	BMCQMVFGOVHVNG-TUFAYURCSA-N	OFP	-cort-
1551	latanoprost	130209-82-4	GGXICVAJURFBLW-CEYXHVGTSA-N	OFP	-prost
3146	diiodotyrosine	300-39-0	NYPYHUZRZVSYKL-ZETCQYMHSA-N		-io-
416	buclizine	82-95-1	MOYGZHXDRJNJEP-UHFFFAOYSA-N	OFM	-izine
699	clometocillin	1926-49-4	JKXQBIZCQJLVOS-GSNLGQFWSA-N		-cillin
1859	mycophenolate mofetil	128794-94-5	RTGDFNSFWBGLEC-SYZQJQIISA-N	OFP	
296	belotecan	256411-32-2	LNHWXBUNXOXMRL-VWLOTQADSA-N		-tecan
3328	lubeluzole	144665-07-6	OZFSWVOEXHGDES-INIZCTEOSA-N		
2452	sivelestat	127373-66-4	BTGNGJJLZOIYID-UHFFFAOYSA-N		-elestat
3237	fluperolone	2119-75-7	HHPZZKDXAFJLOH-QZIXMDIESA-N		-olone
2726	triamcinolone acetonide	76-25-5	YNDXUCZADRHECN-JNQJZLCISA-N	OFP	-olone
1201	flunisolide	3385-03-3	XSFJVAJPIHIPKU-XWCQMRHXSA-N	OFP	
826	dexamethasone acetate	1177-87-3	AKUJBENLRBOFTD-RPRRAYFGSA-N	OFM	
349	betamethasone acetate	987-24-6	AKUJBENLRBOFTD-QZIXMDIESA-N	OFP	
4002	niperotidine	84845-75-0	HXRSXEDVVARPHP-UHFFFAOYSA-N		-tidine
1304	glisolamide	24477-37-0	GZKDXUIWCNCNBJ-UHFFFAOYSA-N		gli-
1211	flupentixol	2709-56-0	NJMYODHXAKYRHW-UHFFFAOYSA-N		
3090	chlorbenzoxamine	522-18-9	VEVSKUJZSMGTMM-UHFFFAOYSA-N		
1115	etravirine	269055-15-4	PYGWGZALEOIKDF-UHFFFAOYSA-N	OFP	-virine
279	aztreonam	78110-38-0	WZPBZJONDBGPKJ-VEHQQRBSSA-N	OFP	-monam
1120	exatecan	171335-80-1	ZVYVPGLRVWUPMP-FYSMJZIKSA-N		-tecan
2747	trimazosin	35795-16-5	YNZXWQJZEDLQEG-UHFFFAOYSA-N		-azosin
2806	valsartan	137862-53-4	ACWBQPMHZXGDFX-QFIPXVFZSA-N	OFP	-sartan
3113	cloxotestosterone	53608-96-1	DNADMXUXHNLBKR-SIGPKOBDSA-N	OFP	-testosterone
720	cloxacillin	61-72-3	LQOLIRLGBULYKD-JKIFEVAISA-N	OFM	-cillin
1217	fludroxycortide	1524-88-5	POPFMWWJOGLOIF-XWCQMRHXSA-N	OFP	-cort-
941	docusate sodium	10041-19-7	HNSDLXPSAYFUHK-UHFFFAOYSA-N		
364	bialamicol	493-75-4	DQNIWUUHJSXGHW-UHFFFAOYSA-N		
2650	tianeptine	72797-41-2	JICJBGPOMZQUBB-UHFFFAOYSA-N		
3842	tigemonam	102507-71-1	VAMSVIZLXJOLHZ-QWFSEIHXSA-N		-monam
4118	pazopanib	444731-52-6	CUIHSIWYWATEQL-UHFFFAOYSA-N	OFP	-anib
1212	fluphenazine	69-23-8	PLDUPXSUYLZYBN-UHFFFAOYSA-N	OFP	
2434	sertaconazole	99592-32-2	JLGKQTAYUIMGRK-UHFFFAOYSA-N	OFP	-conazole
2761	triparanol	78-41-1	SYHDSBBKRLVLFF-UHFFFAOYSA-N		
2547	suxibuzone	27470-51-5	ONWXNHPOAGOMTG-UHFFFAOYSA-N		-buzone
2340	quinapril	85441-61-8	JSDRRTOADPPCHY-HSQYWUDLSA-N	OFP	-pril
3236	flusalan	4776-06-1	VYKKDKFTDMVOBU-UHFFFAOYSA-N		-salan
561	ceftezole	26973-24-0	DZMVCVMFETWNIU-LDYMZIIASA-N		cef-
2219	pivmecillinam	32886-97-8	NPGNOVNWUSPMDP-UTEPHESZSA-N	OFP	-cillinam
2228	polythiazide	346-18-9	CYLWJCABXYDINA-UHFFFAOYSA-N	OFM	-tizide
1065	estramustine	2998-57-4	FRPJXPJMRWBBIH-RBRWEJTLSA-N	OFP	-mustine
21	aminopterin	54-62-6	TVZGACDUOSZQKY-LBPRGKRZSA-N		-trexate
3749	flumedroxone acetate	987-18-8	MXZYUFNILISKBC-WXLIAARGSA-N		
2680	tirofiban	144494-65-5	COKMIXFXJJXBQG-NRFANRHFSA-N	OFP	-fiban
2089	pentagestrone acetate	1178-60-5	NSRLWNNZHGRGJS-JVACCQEYSA-N		-gest-
1063	estradiol undecylate	3571-53-7	TXHUMRBWIWWBGW-GVGNIZHQSA-N	OFP	estr-
2067	paromomycin	7542-37-2	UOZODPSAJZTQNH-LSWIJEOBSA-N	OFP	-mycin
2435	sertindole	106516-24-9	GZKLJWGUPQBVJQ-UHFFFAOYSA-N		
1231	folic acid	59-30-3	OVBPIULPVIDEAO-LBPRGKRZSA-N	OFP	
793	deflazacort	14484-47-0	FBHSPRKOSMHSIF-GRMWVWQJSA-N	OFP	-cort-
2767	troglitazone	97322-87-7	GXPHKUHSUJUWKP-UHFFFAOYSA-N	OFM	-glitazone
942	dofetilide	115256-11-6	IXTMWRCNAAVVAI-UHFFFAOYSA-N	OFP	-ilide
1727	metacycline	914-00-1	MHIGBKBJSQVXNH-IWVLMIASSA-N	OFM	-cycline
3331	mazipredone	13085-08-0	CZBOZZDZNVIXFC-VRRJBYJJSA-N		-pred-
4075	zuclopenthixol acetate	85721-05-7	OXAUOBQMCDIVPQ-IOXNKQMXSA-N		
776	dabigatran etexilate	211915-06-9	KSGXQBZTULBEEQ-UHFFFAOYSA-N	OFP	-gatran
2639	thiothixene	3313-26-6	GFBKORZTTCHDGY-UWVJOHFNSA-N	OFP	
2352	raltegravir	518048-05-0	CZFFBEXEKNGXKS-UHFFFAOYSA-N	OFP	-vir-
2611	tetracycline	60-54-8	OFVLGDICTFRJMM-WESIUVDSSA-N	OFP	-cycline
961	doxycycline	564-25-0	JBIWCJUYHHGXTC-AKNGSSGZSA-N	OFP	-cycline
1821	mitoxantrone	65271-80-9	KKZJGLLVHKMTCM-UHFFFAOYSA-N	OFP	-antrone
3488	prednival	15180-00-4	BOFKYYWJAOZDPB-FZNHGJLXSA-N	OFP	
1685	menatetrenone	863-61-6	DKHGMERMDICWDU-GHDNBGIDSA-N		-renone
1352	halometasone	50629-82-8	GGXMRPUKBWXVHE-MIHLVHIWSA-N		-metasone
1204	fluocinolone acetonide	67-73-2	FEBLZLNTKCEFIT-VSXGLTOVSA-N	OFP	-onide
1303	glisentide	32797-92-5	NSJYMFYVNWVGON-UHFFFAOYSA-N		gli-
1301	glipizide	29094-61-9	ZJJXGWJIGJFDTL-UHFFFAOYSA-N	OFP	gli-
1784	metopimazine	14008-44-7	BQDBKDMTIJBJLA-UHFFFAOYSA-N		
2634	thiopropazate	84-06-0	AIUHRQHVWSUTGJ-UHFFFAOYSA-N		
2469	spiclomazine	24527-27-3	CFOYBMUYCBSDAL-UHFFFAOYSA-N		
4055	baicalin	21967-41-9	IKIIZLYTISPENI-ZFORQUDYSA-N		
3234	fluocortin butyl	41767-29-7	XWTIDFOGTCVGQB-FHIVUSPVSA-N		-cort-
517	carpipramine	5942-95-0	NWPJLRSCSQHPJV-UHFFFAOYSA-N		-pramine
2635	thioproperazine	316-81-4	VZYCZNZBPPHOFY-UHFFFAOYSA-N		
798	delapril	83435-66-9	WOUOLAUOZXOLJQ-MBSDFSHPSA-N		-pril
1282	gefitinib	184475-35-2	XGALLCVXEZPNRQ-UHFFFAOYSA-N	OFP	-tinib
2306	propyliodone	587-61-1	ROSXARVHJNYYDO-UHFFFAOYSA-N	OFM	-io-
2674	tioclomarol	22619-35-8	WRGOVNKNTPWHLZ-UHFFFAOYSA-N		-arol
199	ampiroxicam	99464-64-9	LSNWBKACGXCGAJ-UHFFFAOYSA-N	OFP	-icam
828	dexamethasone palmitate	14899-36-6	WDPYZTKOEFDTCU-WDJQFAPHSA-N	OFP	-methasone
2447	sisomicin	32385-11-8	URWAJWIAIPFPJE-YFMIWBNJSA-N		-micin
242	aripiprazole	129722-12-9	CEUORZQYGODEFX-UHFFFAOYSA-N	OFP	-piprazole
797	algestone acetophenide	24356-94-3	AHBKIEXBQNRDNL-FVCOMRFXSA-N		-cort-
4110	tolvaptan	150683-30-0	GYHCTFXIZSNGJT-UHFFFAOYSA-N	OFP	-vaptan
5769	nipocalimab				-mab
1305	glisoxepide	25046-79-1	ZKUDBRCEOBOWLF-UHFFFAOYSA-N		gli-
2456	sofalcone	64506-49-6	GFWRVVCDTLRWPK-UHFFFAOYSA-N		
3844	tiomesterone	2205-73-4	YUOZKOLALXNELS-SQVYRKCQSA-N		-sterone
2843	phytomenadione	84-80-0	MBWXNTAXLNYFJB-NKFFZRIASA-N	OFP	
3330	mannite hexanitrate	15825-70-4	DGMJZELBSFOPHH-KVTDHHQDSA-N		-nit-
954	doxazosin	74191-85-8	RUZYUOTYCVRMRZ-UHFFFAOYSA-N	OFP	-azosin
855	dibekacin	34493-98-6	JJCQSGDBDPYCEO-XVZSLQNASA-N		-kacin
1382	homofenazine	3833-99-6	LOHNHQLZFYCAEQ-UHFFFAOYSA-N		
460	cabergoline	81409-90-7	KORNTPPJEAJQIU-KJXAQDMKSA-N	OFP	-erg-
2366	repaglinide	135062-02-1	FAEKWTJYAYMJKF-QHCPKHFHSA-N	OFP	-gli-
918	diphenoxylate	915-30-0	HYPPXZBJBPSRLK-UHFFFAOYSA-N	OFP	-eridine
456	butropium	29025-14-7	ALVDDLOWVXJXCD-JZDGNOGPSA-N		-trop-
537	cefixime	79350-37-1	OKBVVJOGVLARMR-QSWIMTSFSA-N	OFP	cef-
1183	floxacillin	5250-39-5	UIOFUWFRIANQPC-JKIFEVAISA-N		-cillin
1751	methotrexate	59-05-2	FBOZXECLQNJBKD-ZDUSSCGKSA-N	OFP	-trexate
3526	ribostamycin	25546-65-0	NSKGQURZWSPSBC-VVPCINPTSA-N		-mycin
507	carfecillin	27025-49-6	NZDASSHFKWDBBU-KVMCETHSSA-N	OFM	-cillin
530	cefazolin	25953-19-9	MLYYVTUWGNIJIB-BXKDBHETSA-N	OFP	cef-
2815	verapamil	52-53-9	SGTNSNPWRIOYBX-UHFFFAOYSA-N	OFP	-pamil
3548	sitaxentan	210421-74-2	PHWXUGHIIBDVKD-UHFFFAOYSA-N		-entan
1166	fenticonazole	72479-26-6	ZCJYUTQZBAIHBS-UHFFFAOYSA-N		-conazole
577	cerivastatin	145599-86-6	SEERZIQQUAZTOL-ANMDKAQQSA-N	OFM	-vastatin
546	cefotaxime	63527-52-6	GPRBEKHLDVQUJE-QSWIMTSFSA-N	OFM	cef-
1532	lacidipine	103890-78-4	GKQPCPXONLDCMU-CCEZHUSRSA-N		-dipine
674	clevidipine	167221-71-8	KPBZROQVTHLCDU-UHFFFAOYSA-N	OFP	-dipine
2374	riboflavin phosphate	130-40-5	FVTCRASFADXXNN-SCRDCRAPSA-N	OFP	
834	dexloxiglumide	119817-90-2	QNQZBKQEIFTHFZ-GOSISDBHSA-N		-glumide
799	delavirdine	136817-59-9	WHBIGIKBNXZKFE-UHFFFAOYSA-N	OFM	-vir-
2850	xenytropium	38971-12-9	QDCILXFPWMMNQY-DNYGJFJUSA-N		-trop-
823	detajmium	47719-70-0	IXLGLCQSNUMEGQ-PYJPINIGSA-N		-aj-
2608	testosterone undecanoate	5949-44-0	UDSFVOAUHKGBEK-CNQKSJKFSA-N	ONP	-testosterone
1156	fenoverine	37561-27-6	UBAJTZKNDCEGKL-UHFFFAOYSA-N		-verine
1813	minocycline	10118-90-8	DYKFCLLONBREIL-KVUCHLLUSA-N	OFP	-cycline
570	ormeloxifene	31477-60-8	XZEUAXYWNKYKPL-UHFFFAOYSA-N		-oxifene
274	azimilide	149908-53-2	MREBEPTUUMTTIA-UHFFFAOYSA-N		-ilide
2353	raltitrexed	112887-68-0	IVTVGDXNLFLDRM-HNNXBMFYSA-N		-trexed
3253	fumagillin	23110-15-8	NGGMYCMLYOUNGM-CSDLUJIJSA-N		-gillin
249	astemizole	68844-77-9	GXDALQBWZGODGZ-UHFFFAOYSA-N		-astine
2251	prednisolone tebutate	7681-14-3	HUMXXHTVHHLNRO-KAJVQRHHSA-N	OFM	pred-
3231	fluazacort	19888-56-3	BYZCJOHDXLROEC-RBWIMXSLSA-N		-cort-
2041	oxytetracycline	79-57-2	IWVCMVBTMGNXQD-PXOLEDIWSA-N	OFM	-cycline
2246	prednisolone succinate	2920-86-7	APGDTXUMTIZLCJ-CGVGKPPMSA-N	OFP	pred-
1389	hydrocortisone aceponate	74050-20-7	MFBMYAOAMQLLPK-FZNHGJLXSA-N	OFP	-cort-
1614	loxiglumide	107097-80-3	QNQZBKQEIFTHFZ-UHFFFAOYSA-N		-glumide
2325	prulifloxacin	123447-62-1	PWNMXPDKBYZCOO-UHFFFAOYSA-N		-floxacin
1553	lenampicillin	86273-18-9	ZKUKMWMSYCIYRD-ZXFNITATSA-N		-cillin
655	cinnoxicam	87234-24-0	GPUVGQIASQNZET-CCEZHUSRSA-N	OFP	-icam
277	azlocillin	37091-66-0	JTWOMNBEOCYFNV-NFFDBFGFSA-N	OFM	-cillin
3178	enoxolone	471-53-4	MPDGHEJMBKOTSU-YKLVYJNSSA-N		-olone
2217	cefalexin pivoxil	27726-31-4	DIGADQKVPFDJSI-SPYBWZPUSA-N		cef-
2172	pimozide	2062-78-4	YVUQSNJEYSNKRX-UHFFFAOYSA-N	OFP	
2685	tobuterol	75626-99-2	GYJSIOWQEUTITA-UHFFFAOYSA-N		-buterol
384	bitolterol	30392-40-6	FZGVEKPRDOIXJY-UHFFFAOYSA-N	OFM	-terol
529	cefatrizine	51627-14-6	UOCJDOLVGGIYIQ-PBFPGSCMSA-N		cef-
527	cefamandole	34444-01-4	OLVCFLKTBJRLHI-AXAPSJFSSA-N	OFM	cef-
4064	tixocortol	55560-96-8	BISFDZNIUZIKJD-XDANTLIUSA-N		-cort-
4103	chondroitin sulfate	9007-28-7			
3578	tafenoquine	106635-80-7	LBHLFPGPEGDCJG-UHFFFAOYSA-N	OFP	-quine
2218	pivampicillin	33817-20-8	ZEMIJUDPLILVNQ-ZXFNITATSA-N		-cillin
1801	micronomicin	52093-21-7	DNYGXMICFMACRA-XHEDQWPISA-N		-micin
252	asulacrine	80841-47-0	TWHSQQYCDVSBRK-UHFFFAOYSA-N		-crine
2459	sorafenib	284461-73-0	MLDQJTXFUGDVEO-UHFFFAOYSA-N	OFP	-rafenib
4433	calcium glucoheptonate	29039-00-7			
802	demeclocycline	127-33-3	FMTDIUIBLCQGJB-SEYHBJAFSA-N	OFP	-cycline
1602	loprazolam	61197-73-7	UTEFBSAVJNEPTR-RGEXLXHISA-N		-azepam
280	bacampicillin	50972-17-3	PFOLLRNADZZWEX-FFGRCDKISA-N	OFM	-cillin
2538	sulprostone	60325-46-4	UQZVCDCIMBLVNR-TWYODKAFSA-N		-prost-
660	cisapride	81098-60-4	DCSUBABJRXZOMT-UHFFFAOYSA-N	OFM	-pride
521	carumonam	87638-04-8	UIMOJFJSJSIGLV-JNHMLNOCSA-N		-monam
308	benfotiamine	22457-89-2	BTNNPSLJPBRMLZ-LGMDPLHJSA-N		
2474	spirapril	83647-97-6	HRWCVUIFMSZDJS-SZMVWBNQSA-N	OFM	-pril
3698	calcium iodobehenate	1319-91-1			
4199	potassium chloride	7447-40-7			
1611	loteprednol etabonate	82034-46-6	DMKSVUSAATWOCU-HROMYWEYSA-N	OFP	-pred-
986	edatrexate	80576-83-6	FSIRXIHZBIXHKT-MHTVFEQDSA-N		-trexate
2684	tobramycin	32986-56-4	NLVFBUXFDBBNBW-PBSUHMDJSA-N	OFP	-mycin
434	buprenorphine	52485-79-7	RMRJXGBAOAMLHD-IHFGGWKQSA-N	OFP	-orphine
3407	oxetacaine	126-27-2	FTLDJPRFCGDUFH-UHFFFAOYSA-N		-caine
2681	tiropramide	55837-29-1	FDBWMYOFXWMGEY-UHFFFAOYSA-N		
741	cromoglicic acid	16110-51-3	IMZMKUWMOSJXDT-UHFFFAOYSA-N	OFP	-cromil
2567	tartrazine	1934-21-0	KPIQXPLWZCDIHI-ISLYRVAYSA-N		
1225	fluticasone propionate	80474-14-2	WMWTYOKRWGGJOA-CENSZEJFSA-N	OFP	-olone
1595	lomerizine	101477-55-8	JQSAYKKFZOSZGJ-UHFFFAOYSA-N		-izine
3533	ruboxistaurin	169939-94-0	ZCBUQCWBWNUWSU-SFHVURJKSA-N		
680	clinofibrate	30299-08-2	BMOVQUBVGICXQN-UHFFFAOYSA-N		-fibrate
3312	ivabradine	155974-00-8	ACRHBAYQBXXRTO-OAQYLSRUSA-N	OFP	-bradine
3276	diethylaminoethoxyhexestrol	2691-45-4	UBDWKOZBPSKHMO-UHFFFAOYSA-N		-estr-
2444	simfibrate	14929-11-4	JLRNKCZRCMIVKA-UHFFFAOYSA-N		-fibrate
415	bucladesine	362-74-3	CJGYSWNGNKCJSB-YVLZZHOMSA-N		
977	ebastine	90729-43-4	MJJALKDDGIKVBE-UHFFFAOYSA-N		-astine
2654	tibezonium	54663-47-7	MAJFXTGRPADJLU-UHFFFAOYSA-N		-ium
1890	nefazodone	83366-66-9	VRBKIVRKKCLPHA-UHFFFAOYSA-N	OFP	
3137	dibrompropamidine	496-00-4	GMJFVGRUYJHMCO-UHFFFAOYSA-N		
86	adamexine	54785-02-3	HJJAXSOTUNRQSF-UHFFFAOYSA-N		-exine
866	dicloxacillin	3116-76-5	YFAGHNZHGGCZAX-JKIFEVAISA-N	OFP	-cillin
938	docarpamine	74639-40-0	ZLVMAMIPILWYHQ-INIZCTEOSA-N	OFP	-opamine
539	cefmetazole	56796-20-4	SNBUBQHDYVFSQF-HIFRSBDPSA-N	OFM	cef-
2600	terfenadine	50679-08-8	GUGOEEXESWIERI-UHFFFAOYSA-N		
3920	dexamethasone phosphate	2392-39-4	VQODGRNSFPNSQE-CXSFZGCWSA-N	OFP	
1769	methylprednisolone aceponate	86401-95-8	DALKLAYLIPSCQL-YPYQNWSCSA-N	OFP	-pred-
692	clofazimine	2030-63-9	WDQPAMHFFCXSNU-BGABXYSRSA-N	OFM	
1232	leucovorin	58-05-9	VVIAGPKUTFNRDU-ABLWVSNPSA-N	OFP	
2852	ximelagatran	192939-46-1	ZXIBCJHYVWYIKI-PZJWPPBQSA-N		-gatran
2351	raloxifene	84449-90-1	GZUITABIAKMVPG-UHFFFAOYSA-N	OFP	-oxifene
3820	prednisolamate	5626-34-6	ILZSJEITWDWIRX-FOMYWIRZSA-N	OFP	pred-
2312	mitopodozide	1508-45-8	CPTIBDHUFVHUJK-NZYDNVMFSA-N		
1771	methylprednisolone succinate	2921-57-5	IMBXEJJVJRTNOW-XYMSELFBSA-N	OFP	-pred-
2441	sildenafil	139755-83-2	BNRNXUUZRGQAQC-UHFFFAOYSA-N	OFP	-afil
2380	rilmazafone	99593-25-6	KYHFRCPLIGODFH-UHFFFAOYSA-N		-zafone
3467	picloxydine	5636-92-0	YNCLPFSAZFGQCD-UHFFFAOYSA-N		
1046	ertapenem	153832-46-3	JUZNIMUFDBIJCM-ANEDZVCMSA-N	OFP	-penem
1222	fluspirilene	1841-19-6	QOYHHIBFXOOADH-UHFFFAOYSA-N		
535	cefepime	88040-23-7	HVFLCNVBZFFHBT-ZKDACBOMSA-N	OFP	cef-
1903	netilmicin	56391-56-1	CIDUJQMULVCIBT-MQDUPKMGSA-N	OFM	-micin
1387	hydrocortamate	76-47-1	FWFVLWGEFDIZMJ-FOMYWIRZSA-N	OFM	-cort-
2193	pipotiazine palmitate	37517-26-3	KTOYYUONFQWSMW-UHFFFAOYSA-N		
829	dexamethasone valerate	33755-46-3	SNHRLVCMMWUAJD-OMPPIWKSSA-N	OFP	
354	betamethasone valerate	2152-44-5	SNHRLVCMMWUAJD-SUYDQAKGSA-N	OFP	-methasone
2586	temocapril	111902-57-9	FIQOFIRCTOWDOW-BJLQDIEVSA-N		-pril
3333	meclocycline	2013-58-3	GGQJXCQBBONZFX-IWVLMIASSA-N	OFM	-cycline
1138	feclobuzone	23111-34-4	OZKQTMYKYQGCME-UHFFFAOYSA-N		-buzone
2443	silymarin	65666-07-1			
1599	loperamide	53179-11-6	RDOIQAHITMMDAJ-UHFFFAOYSA-N	OFP	
979	ebrotidine	100981-43-9	ZQHFZHPUZXNPMF-UHFFFAOYSA-N		-tidine
4117	pralatrexate	146464-95-1	OGSBUKJUDHAQEA-WMCAAGNKSA-N	OFP	-trexate
127	almitrine	27469-53-0	OBDOVFRMEYHSQB-UHFFFAOYSA-N		
543	cefoperazone	62893-19-0	GCFBRXLSHGKWDP-XCGNWRKASA-N	OFM	cef-
2727	triamcinolone diacetate	67-78-7	XGMPVBXKDAHORN-RBWIMXSLSA-N	OFM	-olone
2730	tribenoside	10310-32-4	ULLNJSBQMBKOJH-VIVFLBMVSA-N		
3129	dihydroemetine	4914-30-1	XXLZPUYGHQWHRN-RPBOFIJWSA-N		
1619	lymecycline	992-21-2	AHEVKYYGXVEWNO-UEPZRUIBSA-N		-cycline
624	chlortetracycline	57-62-5	CYDMQBQPVICBEU-XRNKAMNCSA-N	OFM	-cycline
3911	clobetasone butyrate	25122-57-0	FBRAWBYQGRLCEK-AVVSTMBFSA-N		
1847	mosapramine	89419-40-9	PXUIZULXJVRBPC-UHFFFAOYSA-N		-pramine
3076	cefteram	82547-58-8	XSPUSVIQHBDITA-RKYNPMAHSA-N		cef-
1909	nicardipine	55985-32-5	ZBBHBTPTTSWHBA-UHFFFAOYSA-N	OFP	-dipine
5	(S)-nicardipine	76093-36-2	ZBBHBTPTTSWHBA-DEOSSOPVSA-N		-dipine
1001	emetine	483-18-1	AUVVAXYIELKVAI-CKBKHPSWSA-N		
687	clocapramine	47739-98-0	QAZKXHSIKKNOHH-UHFFFAOYSA-N		-pramine
4202	sodium lactate	72-17-3			
2237	pranlukast	103177-37-3	NBQKINXMPLXUET-UHFFFAOYSA-N		-lukast
3553	stallimycin	636-47-5	UPBAOYRENQEPJO-UHFFFAOYSA-N		-mycin
2554	talampicillin	47747-56-8	SOROUYSPFADXSN-SUWVAFIASA-N		-cillin
2406	rosuvastatin	287714-41-4	BPRHUIZQVSMCRT-VEUZHWNKSA-N	OFP	-vastatin
202	amrubicin	110267-81-7	VJZITPJGSQKZMX-XDPRQOKASA-N		-rubicin
1520	bekanamycin	4696-76-8	SKKLOUVUUNMCJE-FQSMHNGLSA-N		-mycin
2003	otilonium bromide	26095-59-0	NQHNLNLJPDMBFN-UHFFFAOYSA-O		
3639	uridine triphosphate	63-39-8	PGAVKCOVUIYSFO-XVFCMESISA-N		
1910	nicergoline	27848-84-6	YSEXMKHXIOCEJA-FVFQAYNVSA-N		-erg-
1519	kanamycin	59-01-8	SBUJHOSQTJFQJX-NOAMYHISSA-N	OFM	-mycin
1167	fentonium	5868-06-4	CSYZZFNWCDOVIM-OCTNZTSRSA-N		-ium
1275	gallopamil	16662-47-8	XQLWNAFCTODIRK-UHFFFAOYSA-N		-pamil
1857	mupirocin	12650-69-0	MINDHVHHQZYEEK-HBBNESRFSA-N	OFP	-rocin
1349	ulobetasol propionate	66852-54-8	BDSYKGHYMJNPAB-LICBFIPMSA-N	OFP	-betasol
3209	etiprednol dicloacetate	199331-40-3	QAIOVDNCIZSSSF-RFAJLIJZSA-N		-pred-
3758	imiclopazine	7224-08-0	OCDYNPAUUKDNOR-UHFFFAOYSA-N		
2252	prednisolone valerate acetate	72064-79-0	DGYSDXLCLKPUBR-SLPNHVECSA-N	OFP	pred-
4996	romiplostim	267639-76-9			-stim
1390	hydrocortisone cypionate	508-99-6	DLVOSEUFIRPIRM-KAQKJVHQSA-N	OFM	-cort-
3226	fenoxedil	54063-40-0	OBQUKWIVMOIRGG-UHFFFAOYSA-N		-dil
3232	fluclorolone acetonide	3693-39-8	NJNWEGFJCGYWQT-VSXGLTOVSA-N		-olone
4033	riodoxol	19403-92-0	XKFZYVWWXHCHIX-UHFFFAOYSA-N		-io-
4203	sodium acetate	127-09-3			
785	dasatinib	302962-49-8	ZBNZXTGUTAYRHI-UHFFFAOYSA-N	OFP	-tinib
1894	neltenexine	99453-84-6	SSLHKNBKUBAHJY-HDJSIYSDSA-N		-exine
1067	estriol succinate	514-68-1	VBRVDDFOBZNCPF-BRSFZVHSSA-N		estr-
2243	prednicarbate	73771-04-7	FNPXMHRZILFCKX-KAJVQRHHSA-N	OFP	pred-
4997	laronidase	210589-09-6			-ase
2097	pentosan polysulfate	37300-21-3			
2809	vardenafil	224785-90-4	SECKRCOLJRRGGV-UHFFFAOYSA-N	OFP	-afil
664	citicoline	987-78-0	RZZPDXZPRHQOCG-OJAKKHQRSA-N		
528	cefamandole nafate	42540-40-9	RRJHESVQVSRQEX-SUYBPPKGSA-N	OFM	cef-
1300	glimepiride	93479-97-1	WIGIZIANZCJQQY-RUCARUNLSA-N	OFP	gli-
4105	icodextrin	337376-15-5			
2535	sulisatin	54935-03-4	URNFTLVCQLRCMN-UHFFFAOYSA-N		
290	barnidipine	104713-75-9	VXMOONUMYLCFJD-DHLKQENFSA-N		-nidipine
1580	lidoflazine	3416-26-0	ZBIAKUMOEKILTF-UHFFFAOYSA-N		
642	cilnidipine	132203-70-4	KJEBULYHNRNJTE-DHZHZOJOSA-N		-nidipine
4205	sodium bicarbonate	144-55-8			
363	bezitramide	15301-48-1	FLKWNFFCSSJANB-UHFFFAOYSA-N		
1600	loperamide oxide	106900-12-3	KXVSBTJVTUVNPM-UKPNQBOSSA-N		
248	aspoxicillin	63358-49-6	BHELIUBJHYAEDK-OAIUPTLZSA-N		-cillin
1423	imatinib	152459-95-5	KTUFNOKKBVMGRW-UHFFFAOYSA-N	OFP	-tinib
1314	glibenclamide	10238-21-8	ZNNLBTZKUZBEKO-UHFFFAOYSA-N	OFP	gli-
3303	pheniodol sodium	577-91-3	IKYIXZSIKOYSLD-UHFFFAOYSA-N		-io-
1205	fluocinonide	356-12-7	WJOHZNCJWYWUJD-IUGZLZTKSA-N	OFP	-onide
508	carindacillin	35531-88-5	JIRBAUWICKGBFE-MNRDOXJOSA-N	OFM	-cillin
372	binifibrate	69047-39-8	BFYRHDVAEJIBON-UHFFFAOYSA-N		-fibrate
1198	flumetasone pivalate	2002-29-1	JWRMHDSINXPDHB-OJAGFMMFSA-N	OFM	-metasone
1918	nicomorphine	639-48-5	HNDXBGYRMHRUFN-CIVUWBIHSA-N	OFP	-orphine
1797	mibefradil	116644-53-2	HBNPJJILLOYFJU-VMPREFPWSA-N		-fradil
1996	orlistat	96829-58-2	AHLBNYSZXLDEJQ-FWEHEUNISA-N	OFP	-listat
351	betamethasone benzoate	22298-29-9	SOQJPQZCPBDOMF-YCUXZELOSA-N	OFM	
1414	idarubicin	58957-92-9	XDXDZDZNSLXDNA-TZNDIEGXSA-N	OFP	-rubicin
2574	tebipenem pivoxil	161715-24-8	SNUDIPVBUUXCDG-QHSBEEBCSA-N		-penem
1827	moexipril	103775-10-6	UWWDHYUMIORJTA-HSQYWUDLSA-N	OFP	-pril
683	clobenoside	29899-95-4	UOYOWSGCMGEQHC-MSEXXDKFSA-N		
1350	halofantrine	69756-53-2	FOHHNHSLJDZUGQ-UHFFFAOYSA-N	OFM	
2765	tritoqualine	14504-73-5	IRGJVQIJENCTQF-UHFFFAOYSA-N		-quine
2716	travoprost	157283-68-6	MKPLKVHSHYCHOC-AHTXBMBWSA-N	OFP	-prost
4206	potassium phosphate, dibasic	7758-11-4			
88	adefovir dipivoxil	142340-99-6	WOZSCQDILHKSGG-UHFFFAOYSA-N	OFP	-vir-
1170	fexofenadine	83799-24-0	RWTNPBWLLIMQHL-UHFFFAOYSA-N	OFP	
2576	teclozan	5560-78-1	MSJLJWCAEPENBL-UHFFFAOYSA-N		
150	amcinonide	51022-69-6	ILKJAFIWWBXGDU-MOGDOJJUSA-N	OFP	-onide
5103	acrisorcin	7527-91-5			
5104	undecoylium chloride iodine	1338-54-1			-io-
827	dexamethasone dipropionate	55541-30-5	CIWBQSYVNNPZIQ-PKWREOPISA-N	OFP	-methasone
353	betamethasone dipropionate	5593-20-4	CIWBQSYVNNPZIQ-XYWKZLDCSA-N	OFP	-methasone
350	betamethasone acibutate	5534-05-4	KGNVBESWWSSQAN-QEVRMTOFSA-N	OFP	
924	dipyridamole	58-32-2	IZEKFCXSFNUWAM-UHFFFAOYSA-N	OFP	
3909	clindamycin phosphate	24729-96-2	UFUVLHLTWXBHGZ-MGZQPHGTSA-N	OFP	
597	chlorhexidine	55-56-1	GHXZTYHSJHQHIJ-UHFFFAOYSA-N	OFP	
3880	benidipine	105979-17-7	QZVNQOLPLYWLHQ-GEPVFLLWSA-N		-nidipine
1359	hepronicate	7237-81-2	GUIBJJJLGSYNKE-UHFFFAOYSA-N		-nicate
200	amprenavir	161814-49-9	YMARZQAQMVYCKC-OEMFJLHTSA-N	OFM	-navir
2773	tropesin	65189-78-8	UCCJWNPWWPJKGL-UHFFFAOYSA-N		
1517	ixabepilone	219989-84-1	FABUFPQFXZVHFB-PVYNADRNSA-N	OFP	
1635	maraviroc	376348-65-1	GSNHKUDZZFZSJB-QUMGSSFMSA-N	OFP	-viroc
91	adenosine triphosphate	56-65-5	ZKHQWZAMYRWXGA-KQYNXXCUSA-N	OFP	
3803	oxaflumazine	16498-21-8	GXCXYCOOYDMQOK-UHFFFAOYSA-N		
3142	difluprednate	23674-86-4	WYQPLTPSGFELIB-JTQPXKBDSA-N	OFP	-pred-
239	argatroban	74863-84-6	KXNPVXPOPUZYGB-IOVMHBDKSA-N	OFP	-troban
113	alexidine	22573-93-9	LFVVNPBBFUSSHL-UHFFFAOYSA-N		
702	clomocycline	1181-54-0	GJGDLRSSCNAKGL-KMVLDZISSA-N		-cycline
1545	landiolol	133242-30-5	WMDSZGFJQKSLLH-RBBKRZOGSA-N	ONP	-olol
729	colforsin daropate	138605-00-2	RSOZZQTUMVBTMR-XGUNBQNXSA-N		
4130	cystine	56-89-3	LEVWYRKDKASIDU-IMJSIDKUSA-N		
566	cefuroxime axetil	64544-07-6	KEJCWVGMRLCZQQ-YJBYXUATSA-N	OFP	cef-
2174	pinaverium	59995-65-2	DDHUTBKXLWCZCO-UHFFFAOYSA-N		-ium
538	cefmenoxime	65085-01-0	HJJDBAOLQAWBMH-YCRCPZNHSA-N	OFM	cef-
536	cefetamet pivoxil	65243-33-6	DASYMCLQENWCJG-XUKDPADISA-N		cef-
2455	sobuzoxane	98631-95-9	OCOKWVBYZHBHLU-UHFFFAOYSA-N		-oxane
1179	flomoxef	99665-00-6	UHRBTBZOWWGKMK-DOMZBBRYSA-N		-oxef
62	acetoxolone	6277-14-1	FTQDJVZNPJRVPG-XWEVEMRCSA-N		-olone
510	carubicin	50935-04-1	XREUEWVEMYWFFA-CSKJXFQVSA-N		-rubicin
3077	cefuzonam	82219-78-1	CXHKZHZLDMQGFF-ZSDSSEDPSA-N		cef-
2583	telmisartan	144701-48-4	RMMXLENWKUUMAY-UHFFFAOYSA-N	OFP	-sartan
553	cefpirome	84957-29-9	DKOQGJHPHLTOJR-WHRDSVKCSA-N		cef-
3124	cynarine	30964-13-7	YDDUMTOHNYZQPO-RVXRWRFUSA-N		
551	cefozopran	113359-04-9	QDUIJCOKQCCXQY-WHJQOFBOSA-N		cef-
2269	probucol	23288-49-5	FYPMFJGVHOHGLL-UHFFFAOYSA-N	OFM	
2187	piperacillin	61477-96-1	IVBHGBMCVLDMKU-GXNBUGAJSA-N	OFP	-cillin
2371	retapamulin	224452-66-8	STZYTFJPGGDRJD-NHUWBDDWSA-N	OFM	-mulin
321	benziodarone	68-90-6	CZCHIEJNWPNBDE-UHFFFAOYSA-N		-arone
1328	gossypol	303-45-7	QBKSWRVVCFFDOT-UHFFFAOYSA-N		
352	betamethasone butyrate propionate	5534-02-1	VXOWJCTXWVWLLC-REGDIAEZSA-N	OFP	-methasone
1306	glucametacin	52443-21-7	LGAJOMLFGCSBFF-XVBLYABRSA-N		-metacin
2593	tenofovir disoproxil	201341-05-1	JFVZFKDSXNQEJW-CQSZACIVSA-N	OFP	-vir-
544	ceforanide	60925-61-3	SLAYUXIURFNXPG-CRAIPNDOSA-N	OFM	cef-
540	cefminox	84305-41-9	JSDXOWVAHXDYCU-VXSYNFHWSA-N		cef-
1066	estramustine phosphate	4891-15-0	ADFOJJHRTBFFOF-RBRWEJTLSA-N	OFM	-mustine
1851	latamoxef	64952-97-2	JWCSIUVGFCSJCK-CAVRMKNVSA-N	OFM	-oxef
2101	perfluamine	338-83-0	JAJLKEVKNDUJBG-UHFFFAOYSA-N		perflu-
227	apalcillin	63469-19-2	XMQVYNAURODYCQ-SLFBBCNNSA-N		-cillin
545	cefoselis	122841-10-5	BHXLLRXDAYEMPP-SBGRAJFYSA-N		cef-
2080	penfluridol	26864-56-2	MDLAAYDRRZXJIF-UHFFFAOYSA-N		
1127	falecalcitriol	83805-11-2	XPYGGHVSFMUHLH-WSRTYSJNSA-N		-calci-
548	cefotiam	61622-34-2	QYQDKDWGWDOFFU-IUODEOHRSA-N	OFM	cef-
2319	protoverine	76-45-9	CKJAABZFXLMMCS-MKKPLVDTSA-N		
2212	pirozadil	54110-25-7	DIIBXMIIOQXTHW-UHFFFAOYSA-N		-dil
786	daunorubicin	20830-81-3	STQGQHZAVUOBTE-VGBVRHCVSA-N	OFP	-rubicin
3259	gadoxetic acid	135326-11-3			gado-
2399	rolitetracycline	751-97-3	HMEYVGGHISAPJR-IAHYZSEUSA-N		-cycline
1302	gliquidone	33342-05-1	LLJFMFZYVVLQKT-UHFFFAOYSA-N		gli-
973	dutasteride	164656-23-9	JWJOTENAMICLJG-QWBYCMEYSA-N	OFP	-steride
825	dexamethasone acefurate	83880-70-0	DDIWRLSEGOVQQD-BJRLRHTOSA-N	OFP	
1617	lumefantrine	82186-77-4	DYLGFOYVTXJFJP-MYYYXRDXSA-N	OFP	
1049	erythromycin acistrate	96128-89-1	CVBHEIRZLPKMSH-SNWVVRALSA-N	OFP	
1932	nilotinib	641571-10-0	HHZIURLSWUIHRB-UHFFFAOYSA-N	ONP	-tinib
2396	rocuronium	119302-91-9	YXRDKMPIGHSVRX-OOJCLDBCSA-N	OFP	-curonium
2313	proscillaridin	466-06-8	MYEJFUXQJGHEQK-ALRJYLEOSA-N		
736	cortivazol	1110-40-3	RKHQGWMMUURILY-UHRZLXHJSA-N		cort-
2690	tocopherol succinate	4345-03-3	IELOKBJPULMYRW-NJQVLOCASA-N		
1527	ketoconazole	65277-42-1	XMAYWYJOQHXEEK-UHFFFAOYSA-N	OFP	-conazole
2599	terconazole	67915-31-5	BLSQLHNBWJLIBQ-UHFFFAOYSA-N	OFP	-conazole
558	cefsulodin	62587-73-9	SYLKGLMBLAAGSC-QLVMHMETSA-N		cef-
230	aprepitant	170729-80-3	ATALOFNDEOCMKK-OITMNORJSA-N	OFP	-pitant
3957	hyaluronic acid	9004-61-9			
2689	tocopheryl nicotinate	43119-47-7	MSCCTZZBYHQMQJ-AZAGJHQNSA-N		
146	ambenonium	7648-98-8	OMHBPUNFVFNHJK-UHFFFAOYSA-P	OFM	-ium
3790	nafiverine	5061-22-3	ZLFQARCCMWUSQE-UHFFFAOYSA-N		-verine
1795	mezlocillin	51481-65-3	YPBATNHYBCGSSN-VWPFQQQWSA-N	OFM	-cillin
633	ciclesonide	126544-47-6	LUKZNWIVRBCLON-GXOBDPJESA-N	OFP	-onide
5266	amenamevir	841301-32-4	MNHNIVNAFBSLLX-UHFFFAOYSA-N		-vir
5269	netarsudil	1254032-66-0	OURRXQUGYQRVML-AREMUKBSSA-N	ONP	-sudil
4119	romidepsin	128517-07-7	OHRURASPPZQGQM-GCCNXGTGSA-N	OFP	-depsin
542	cefonicid	61270-58-4	DYAIAHUQIPBDIP-AXAPSJFSSA-N	OFM	cef-
1030	epirubicin	56420-45-2	AOJJSUZBOXZQNB-VTZDEGQISA-N	OFP	-rubicin
960	doxorubicin	23214-92-8	AOJJSUZBOXZQNB-TZSSRYMLSA-N	OFP	-rubicin
2811	vecuronium	50700-72-6	BGSZAXLLHYERSY-XQIGCQGXSA-N	OFP	-curonium
2250	prednisolone sulfobenzoate	630-67-1	WVKSUFYQOHQCMM-YGZHYJPASA-N	OFP	pred-
1705	meproscillarin	33396-37-1	RKWPZPDLTYBKCL-RVZGXXANSA-N		
1979	octotiamine	137-86-0	VJTXQHYNRDGLON-UHFFFAOYSA-N		
559	ceftazidime	72558-82-8	ORFOPKXBNMVMKC-DWVKKRMSSA-O	OFP	cef-
3071	cefazedone	56187-47-4	VTLCNEGVSVJLDN-MLGOLLRUSA-N		cef-
3809	peruvoside	1182-87-2	PMTSPAGBAFCORP-HBUONDEYSA-N		
1214	fluphenazine enanthate	2746-81-8	LRWSFOSWNAQHHW-UHFFFAOYSA-N	OFM	
3394	octenidine	71251-02-0	ZVXNYZWXUADSRV-UHFFFAOYSA-N		-nidine
3045	bufeniode	22103-14-6	RFIXURDMUINBMD-UHFFFAOYSA-N		-io-
3184	dihydroergocornine	25447-65-8	SEALOBQTUQIVGU-QNIJNHAOSA-N		-erg-
392	bosentan	147536-97-8	GJPICJJJRGTNOD-UHFFFAOYSA-N	OFP	-entan
119	aliskiren	173334-57-1	UXOWGYHJODZGMF-QORCZRPOSA-N	OFP	-kiren
235	arbekacin	51025-85-5	MKKYBZZTJQGVCD-XTCKQBCOSA-N		-kacin
564	ceftriaxone	73384-59-5	VAAUVRVFOQPIGI-SPQHTLEESA-N	OFP	cef-
3417	pantethine	16816-67-4	DJWYOLJPSHDSAL-ROUUACIJSA-N		
1911	niceritrol	5868-05-3	KUEUWHJGRZKESU-UHFFFAOYSA-N		nic-
4112	dronedarone	141626-36-0	ZQTNQVWKHCQYLQ-UHFFFAOYSA-N	OFP	-arone
801	demecarium	56-94-0	RWZVPVOZTJJMNU-UHFFFAOYSA-N	OFM	-ium
63	acetrizoic acid	85-36-9	GNOGSFBXBWBTIG-UHFFFAOYSA-N	OFM	
5100	voacamine	3371-85-5	VCMIRXRRQJNZJT-KANKAIPDSA-N		
5270	ertugliflozin	1210344-57-2	MCIACXAZCBVDEE-CUUWFGFTSA-N	ONP	-gliflozin
555	cefpodoxime proxetil	87239-81-4	LTINZAODLRIQIX-FBXRGJNPSA-N	OFP	cef-
5101	galsulfase	552858-79-4			-ase
5102	sutilains	12211-28-8			
3812	phenobutiodil	554-24-5	VYAGDYWTCWDKIS-UHFFFAOYSA-N		-io-
102	alatrofloxacin	146961-76-4	UUZPPAMZDFLUHD-VUJLHGSVSA-N	OFM	-floxacin
1985	olmesartan medoxomil	144689-63-4	UQGKUQLKSCSZGY-UHFFFAOYSA-N	OFP	-sartan
5398	lurbinectedin	497871-47-3	YDDMIZRDDREKEP-HWTBNCOESA-N	ONP	-ectedin
5399	triheptanoin	620-67-7	PJHKBYALYHRYSK-UHFFFAOYSA-N	OFP	
257	atorvastatin	134523-00-5	XUKUURHRXDUEBC-KAYWLYCHSA-N	OFP	-vastatin
1354	halopredone acetate	57781-14-3	YCISZOVUHXIOFY-HKXOFBAYSA-N		-pred-
2509	sulfamazone	65761-24-2	BGLHAKAJGYLSOX-UHFFFAOYSA-N		sulfa-
3183	beta-Ergocryptine	20315-46-2	YYWXOXLDOMRDHW-SDMXVIBFSA-N		-erg-
792	deferoxamine	70-51-9	UBQYURCVBFRUQT-UHFFFAOYSA-N	OFP	
3500	protoporphyrin	553-12-8	KSFOVUSSGSKXFI-UJJXFSCMSA-N		
3171	ecamsule	92761-26-7	HEAHZSUCFKFERC-UHFFFAOYSA-N	OFP	
1245	fosinopril	98048-97-6	BIDNLKIUORFRQP-XYGFDPSESA-N	OFP	-pril
1012	enocitabine	55726-47-1	SAMRUMKYXPVKPA-VFKOLLTISA-N	OFP	-citabine
3133	desoxymycin	26086-49-7	RUQATQQNXCPTLL-PQMJGINDSA-N		-mycin
532	cefcapene pivoxil	105889-45-0	WVPAABNYMHNFJG-QDVBXLKVSA-N		cef-
1893	nelfinavir	159989-64-7	QAGYKUNXZHXKMR-HKWSIXNMSA-N	OFP	-navir
410	brovanexine	54340-61-3	DQTRREPKGJIABH-UHFFFAOYSA-N		-exine
567	cefuroxime pivoxetil	100680-33-9	MGYPWVCKENORQX-KMMUMHRISA-N	OFP	cef-
3245	formocortal	2825-60-7	QNXUUBBKHBYRFW-QWAPGEGQSA-N		-cort-
5400	remimazolam	308242-62-8	CYHWMBVXXDIZNZ-KRWDZBQOSA-N	OFP	-azolam
5401	fostemsavir	864953-29-7	SWMDAPWAQQTBOG-UHFFFAOYSA-N	ONP	-vir
5403	abametapir	1762-34-1	PTRATZCAGVBFIQ-UHFFFAOYSA-N	OFM	
1486	isepamicin	58152-03-7	UDIIBEDMEYAVNG-ZKFPOVNWSA-N		-micin
3305	iodol	87-58-1	VJOVAKSZILJDBB-UHFFFAOYSA-N		
4133	carboplatin	41575-94-4			-platin
3726	diathymosulfone	5964-62-5	KHFUQWURHSKTPO-UHFFFAOYSA-N		
493	carbenoxolone	5697-56-3	OBZHEBDUNPOCJG-WBXJDKIVSA-N		-olone
1465	iopanoic acid	96-83-3	OIRFJRBSRORBCM-UHFFFAOYSA-N	OFM	io-
3308	iophenoic acid	96-84-4	GOIQOQCNFWYSTQ-UHFFFAOYSA-N		io-
2052	pancuronium	15500-66-0	GVEAYVLWDAFXET-XGHATYIMSA-N	OFP	-curonium
2481	streptomycin	57-92-1	UCSJYZPVAKXKNQ-HZYVHMACSA-N	OFP	-mycin
771	cytarabine ocfosfate	73532-83-9	YJTVZHOYBAOUTO-URBBEOKESA-N	OFP	-arabine
547	cefotetan	69712-56-7	SRZNHPXWXCNNDU-IXOPCIAXSA-N	OFP	cef-
2855	zafirlukast	107753-78-6	YEEZWCHGZNKEEK-UHFFFAOYSA-N	OFP	-lukast
3399	oleandrin	465-16-7	JLPDBLFIVFSOCC-XYXFTTADSA-N		
885	alpha-Ergocryptine	511-09-1	YDOTUXAWKBPQJW-NSLWYYNWSA-N		-erg-
810	deserpidine	131-01-1	CVBMAZKKCSYWQR-WCGOZPBSSA-N	OFM	-serpine
876	difebarbamate	15687-09-9	GJJRIOLBUILIGK-UHFFFAOYSA-N		-barb-
2248	prednisolone farnesylate	118244-44-3	SBQAKZYUNWNIRL-WIPKXTQKSA-N	OFP	pred-
1548	lapatinib	231277-92-2	BCFGMOOMADDAQU-UHFFFAOYSA-N	OFP	-tinib
1043	ergotamine	113-15-5	XCGSFFUVFURLIX-VFGNJEKYSA-N	OFP	-erg-
272	azelnidipine	123524-52-7	ZKFQEACEUNWPMT-UHFFFAOYSA-N		-nidipine
890	dihydrostreptomycin	128-46-1	ASXBYYWOLISCLQ-APUVXCOVSA-N		-mycin
888	dihydroergotamine	511-12-6	LUZRJRNZXALNLM-JGRZULCMSA-N	OFP	-erg-
4021	porfimer	87806-31-3			-mer
2004	ouabain	630-60-4	LPMXVESGRSUGHW-HBYQJFLCSA-N		
541	cefodizime	69739-16-8	XDZKBRJLTGRPSS-BGZQYGJUSA-N		cef-
157	amikacin	37517-28-5	LKCWBDHBTVXHDL-RMDFUYIESA-N	OFP	-kacin
1240	fosamprenavir	226700-79-4	MLBVMOWEQCZNCC-OEMFJLHTSA-N	OFP	-navir
3274	hematoporphyrin	14459-29-1	UJKPHYRXOLRVJJ-AMPAVEGJSA-N		
2661	tigecycline	220620-09-7	FPZLLRFZJZRHSY-HJYUBDRYSA-N	OFP	-cycline
3368	myrophine	467-18-5	GODGZZGKTZQSAL-VXFFQEMOSA-N		-orphine
1836	montelukast	158966-92-8	UCHDWCPVSPXUMX-TZIWLTJVSA-N	OFP	-lukast
3956	hidrosmin	115960-14-0	XYFLWVOTXWXNAM-WTNNCJBMSA-N		
2084	penimepicycline	4599-60-4			-cycline
1482	irinotecan	97682-44-5	UWKQSNNFCGGAFS-XIFFEERXSA-N	OFP	-tecan
3677	antrafenine	55300-29-3	NWGGKKGAFZIVBJ-UHFFFAOYSA-N		-fenine
1112	etoposide	33419-42-0	VJJPUSNTGOMMGY-MRVIYFEKSA-N	OFP	
3825	rescimetol	73573-42-9	MMUMZMIKZXSFSD-ADSVITMPSA-N		
1213	fluphenazine decanoate	5002-47-1	VIQCGTZFEYDQMR-UHFFFAOYSA-N	OFP	
1370	hexobendine	54-03-5	KRQAMFQCSAJCRH-UHFFFAOYSA-N		
560	cefteram pivoxil	82547-81-7	UIYAXIPXULMHAI-JLGRZTKVSA-N		cef-
2539	sultamicillin	76497-13-7	OPYGFNJSCUDTBT-PMLPCWDUSA-N		-cillin
4059	selenium (75Se) tauroselcholic acid	75018-70-1	JCMLWGQJPSGGEI-DJQDYNOGSA-N		
3975	keracyanin	18719-76-1	USNPULRDBDVJAO-FXCAAIILSA-O		
3520	rapacuronium	156137-99-4	HTIKWNNIPGXLGM-YLINKJIISA-N	OFM	-curonium
1474	iopodic acid	5587-89-3	YQNFBOJPTAXAKV-OMCISZLKSA-N	OFM	io-
3357	metofenazate	388-51-2	BAQLUVXNKOTTHU-UHFFFAOYSA-N		
3609	tipranavir	174484-41-4	SUJUHGSWHZTSEU-FYBSXPHGSA-N	OFP	-navir
2183	pipecuronium	68399-58-6	OWWLUIWOFHMHOQ-XGHATYIMSA-N	OFM	-curonium
326	benzonatate	104-31-4			
893	dilazep	35898-87-4	QVZCXCJXTMIDME-UHFFFAOYSA-N		
2227	polysorbate 80	9005-65-6			
5268	emicizumab	1610943-06-0			-zumab
3157	diosmin	520-27-4	GZSOSUNBTXMUFQ-YFAPSIMESA-N		
2370	reserpine	50-55-5	QEVHRUUCFGRFIF-MDEJGZGSSA-N	OFM	-serpine
1750	methoserpidine	865-04-3	ULBNWNUHGJLQHO-VKMIBBQISA-N		-serpine
837	dexniguldipine	120054-86-6	SVJMLYUFVDMUHP-MGBGTMOVSA-N		-dipine
2781	tubocurarine	57-94-3	JFJZZMVDLULRGK-URLMMPGGSA-O	OFM	
475	candesartan cilexetil	145040-37-5	GHOSNRCGJFBJIB-UHFFFAOYSA-N	OFP	-sartan
1631	manidipine	89226-50-6	ANEBWFXPVPTEET-UHFFFAOYSA-N		-nidipine
887	dihydroergocristine	17479-19-5	DEQITUUQPICUMR-HJPBWRTMSA-N		-erg-
1974	novobiocin	303-81-1	YJQPYGGHQPGBLI-KGSXXDOSSA-N		-mycin
552	cefpiramide	70797-11-4	PWAUCHMQEXVFJR-PMAPCBKXSA-N	OFM	cef-
1469	iotalamic acid	2276-90-6	UXIGWFXRQKWHHA-UHFFFAOYSA-N	OFP	io-
851	diatrizoate	117-96-4	YVPYQUNUQOZFHG-UHFFFAOYSA-N	OFP	
3307	iomeglamic acid	25827-76-3	QIFJTEYRIMDFPK-UHFFFAOYSA-N		io-
1451	iocetamic acid	16034-77-8	GSVQIUGOUKJHRC-UHFFFAOYSA-N	OFM	io-
1896	framycetin	119-04-0	PGBHMTALBVVCIT-VCIWKGPPSA-N		
534	cefditoren pivoxil	117467-28-4	AFZFFLVORLEPPO-UVYJNCLZSA-N	OFM	cef-
3695	butobendine	55769-65-8	ZKSIPEYIAHUPNM-ZEQRLZLVSA-N		
3611	tiratricol	51-24-1	UOWZUVNAGUAEQC-UHFFFAOYSA-N		
4067	triamcinolone benetonide	31002-79-6	GUYPYYARYIIWJZ-CYEPYHPTSA-N	OFP	-olone
4063	tirilazad	110101-66-1	RBKASMJPSJDQKY-RBFSKHHSSA-N		
3273	guamecycline	16545-11-2	DIRJDIBCAHCCFL-AQFAATAFSA-N		-cycline
2688	tocofibrate	50465-39-9	VPRFDABTJNLKKR-XHZSPPMBSA-N		-fibrate
2198	pirarubicin	72496-41-4	KMSKQZKKOZQFFG-YXRRJAAWSA-N		-rubicin
3072	cefbuperazone	76610-84-9	SMSRCGPDNDCXFR-CYWZMYCQSA-N		cef-
3014	bemotrizinol	187393-00-6	XVAMCHGMPYWHNL-UHFFFAOYSA-N		
1789	metrizoic acid	1949-45-7	GGGDNPWHMNJRFN-UHFFFAOYSA-N	OFM	
1452	iodamide	440-58-4	VVDGWALACJEJKG-UHFFFAOYSA-N	OFM	io-
1601	lopinavir	192725-17-0	KJHKTHWMRKYKJE-SUGCFTRWSA-N	OFP	-navir
211	anazolene	3861-73-2	QFVHZQCOUORWEI-ZQHSETAFSA-N		
992	efonidipine	111011-63-3	NSVFSAJIGAJDMR-UHFFFAOYSA-N		-nidipine
2369	rescinnamine	24815-24-5	SZLZWPPUNLXJEA-QEGASFHISA-N	OFM	-serpine
3604	thyropropic acid	51-26-3	VRORTNGXAKZJML-UHFFFAOYSA-N		
3048	bunamiodyl	1233-53-0	CWRBDUIQDIHWJZ-SOFGYWHQSA-N		-dyl
2244	prednimustine	29069-24-7	HFVNWDWLWUCIHC-GUPDPFMOSA-N	OFP	-mustine
1917	nicomol	27959-26-8	VRAHPESAMYMDQI-UHFFFAOYSA-N		nico-
2785	tyropanoate	27293-82-9	YMOXVLQZFAUUKI-UHFFFAOYSA-N	OFM	
176	amiodarone	1951-25-3	IYIKLHRQXLHMJQ-UHFFFAOYSA-N	OFP	-arone
39	acarbose	56180-94-0	XUFXOAAUWZOOIT-UGEKTDRHSA-N	OFP	
2874	zorubicin	54083-22-6	FBTUMDXHSRTGRV-BJISBDEGSA-N		-rubicin
5321	calaspargase pegol	941577-06-6			-ase
1585	liothyronine	6893-02-3	AUYYCJSJGJYCDS-LBPRGKRZSA-N	OFP	
1772	methylprednisolone suleptanate	90350-40-6	PSCNNGGPKIBAHB-WFVOKNHCSA-N	OFP	-pred-
908	dimethyltubocurarinium	5152-30-7	JFXBEKISTKFVAB-AJQTZOPKSA-N	OFM	-ium
403	bromocriptine	25614-03-3	OZVBMTJYIDMWIL-AYFBDAFISA-N	OFP	-erg-
2590	teniposide	29767-20-2	NRUKOCRGYNPUPR-QBPJDGROSA-N	OFM	
1820	mitotane	53-19-0	JWBOIMRXGHLCPP-UHFFFAOYSA-N	OFP	mito-
3031	bisoctrizole	103597-45-1	FQUNFJULCYSSOP-UHFFFAOYSA-N		
3465	fytic acid	83-86-3	IMQLKJBTEOYOSI-GPIVLXJGSA-N		
4108	zinostatin	9014-02-2	QZGIWPZCWHMVQL-UIYAJPBUSA-N		-stat-
3759	iobenzamic acid	3115-05-7	FJYJNLIEGUTPIJ-UHFFFAOYSA-N		io-
3944	etoposide phosphate	117091-64-2	LIQODXNTTZAGID-OCBXBXKTSA-N	OFP	
679	clindamycin palmitate	36688-78-5	OYSKUZDIHNKWLV-PRUAPSLNSA-N	OFP	
1885	natamycin	7681-93-8	NCXMLFZGDNKEPB-FFPOYIOWSA-N	OFP	-mycin
4048	sizofiran	9050-67-3			
1447	inulin	9005-80-5			
2550	syrosingopine	84-36-6	ZCDNRPPFBQDQHR-SSYATKPKSA-N		-serpine
109	alcuronium	23214-96-2	MUQUYTSLDVKIOF-BBMNSBIFSA-N		-curonium
3254	pentamycin	6834-98-6	AGJUUQSLGVCRQA-SWOUQTJZSA-N		-tricin
2422	saquinavir	127779-20-8	QWAXKHKRTORLEM-UGJKXSETSA-N	OFM	-navir
3075	cefpimizole	84880-03-5	LNZMRLHZGOBKAN-KAWPREARSA-N		cef-
3200	iopronic acid	37723-78-7	YMFIJXDFAPHJIN-UHFFFAOYSA-N		io-
2645	thymopentin	69558-55-0	PSWFFKRAVBDQEG-YGQNSOCVSA-N		
3180	enviomycin	33103-22-9	HPWIIERXAFODPP-MYIPQGGFSA-N		-mycin
2830	viomycin	32988-50-4	GXFAIFRPOKBQRV-GHXCTMGLSA-N	OFM	-mycin
1983	oleandomycin	3922-90-5	RZPAKFUAFGMUPI-QESOVKLGSA-N		-mycin
778	dalfopristin	112362-50-2	KLRSZNOYZIOTBR-VLAQKBCTSA-N	OFM	-pristin
1322	glucosaminylmuramyl dipeptide	70280-03-4	JPBBNLWRCVBGJS-KCAUTNRHSA-N		
5402	cedazuridine	1141397-80-9	VUDZSIYXZUYWSC-DBRKOABJSA-N	ONP	-uridine
5410	clascoterone	19608-29-8	GPNHMOZDMYNCPO-PDUMRIMRSA-N	OFP	-terone
549	cefotiam hexetil	95761-91-4	VVFDMWZLBPUKTD-ZKRNHDOASA-N		cef-
3483	posaconazole	171228-49-2	RAGOYPUPXAKGKH-XAKZXMRKSA-N	OFP	-conazole
2494	sulbutiamine	3286-46-2	CKHJPWQVLKHBIH-ZDSKVHJSSA-N		
5322	ravulizumab	1803171-55-2			-umab
254	atazanavir	198904-31-3	AXRYRYVKAWYZBR-GASGPIRDSA-N	OFP	-navir
5411	copper dotatate Cu-64	1426155-87-4	IJRLLVFQGCCPPI-NVGRTJHCSA-L		
1513	itraconazole	84625-61-6	VHVPQPYKVGDNFY-UHFFFAOYSA-N	OFP	-conazole
3329	lucimycin	13058-67-8	MUAOHYJGHYFDSA-RFUYTIRJSA-N		-mycin
3687	bietaserpine	53-18-9	WFTSRDISOMSAQC-ZNFOTRSXSA-N		-serpine
2555	talaporfin	110230-98-3	VSEIDZLLWQQJGK-WSUYNKMOSA-N		-porfin
3143	digitalin	752-61-4	CKNOLMVLQUPVMU-YMMLYESFSA-N		
5412	pralsetinib	2097132-94-8	GBLBJPZSROAGMF-SIYOEGHHSA-N	ONP	-tinib
2721	tretinoin tocoferil	40516-48-1	RIQIJXOWVAHQES-BUXFCOQUSA-N	OFP	-retin-
2816	verteporfin	129497-78-5			-porfin
5418	imlifidase	1947415-68-0			-ase
2391	ritonavir	155213-67-5	NCDNCNXCDXHOMX-XGKFQTDJSA-N	OFP	-navir
2805	valrubicin	56124-62-0	ZOCKGBMQLCSHFP-KQRAQHLDSA-N	OFP	-rubicin
2086	petrichloral	78-12-6	OKACKALPXHBEMA-UHFFFAOYSA-N		
3875	benzamycin	376597-09-0			-mycin
1048	erythromycin	114-07-8	ULGZDMOVFRHVEP-RWJQBGPGSA-N	OFP	-mycin
4292	enzacamene	36861-47-9	HEOCBCNFKCOKBX-SDNWHVSQSA-N		
5419	filgotinib	1206161-97-8	RIJLVEAXPNLDTC-UHFFFAOYSA-N		-tinib
5420	vadadustat	1000025-07-9	JGRXMPYUTJLTKT-UHFFFAOYSA-N	ONP	-dustat
5424	tepotinib	1100598-32-0	AHYMHWXQRWRBKT-UHFFFAOYSA-N	ONP	-tinib
730	colfosceril palmitate	63-89-8	KILNVBDSWZSGLL-KXQOOQHDSA-N	OFM	
2088	pentagastrin	5534-95-2	NEYNJQRKHLUJRU-DZUOILHNSA-N	OFM	
1308	glucosulfone	554-18-7	SQQCWHCJRWYRLB-AGNGBHFPSA-N		
3258	gadofosveset	201688-00-8			gado-
2778	troxerutin	7085-55-4	IYVFNTXFRYQLRP-VVSTWUKXSA-N		
2482	Streptomycin B	128-45-0	HQXKELRFXWJXNP-ABOIPUQESA-N		-mycin
668	clarithromycin	81103-11-9	AGOYDEPGAOXOCK-KCBOHYOISA-N	OFP	-mycin
378	bisbentiamine	2667-89-2	IWXAZSAGYJHXPX-BCEWYCLDSA-N		
276	azithromycin	83905-01-5	MQTOSJVFKKJCRP-BICOPXKESA-N	OFP	-mycin
1221	flurithromycin	82664-20-8	XOEUHCONYHZURQ-HNUBZJOYSA-N		-mycin
330	benzquercin	13157-90-9	CSQNIJRRXIHHAY-UHFFFAOYSA-N		
2826	vindesine	53643-48-4	HHJUWIANJFBDHT-ZVTSDNJWSA-N		vin-
3300	indocyanine green	3599-32-4	BDBMLMBYCXNVMC-UHFFFAOYSA-O	OFP	
5421	daprodustat	960539-70-2	RUEYEZADQJCKGV-UHFFFAOYSA-N	OFM	-dustat
5422	borofalan (10B)	80994-59-8	NFIVJOSXJDORSP-UHFFFAOYSA-N		
5423	tirabrutinib hydrochloride	1351636-18-4	SEJLPXCPMNSRAM-GOSISDBHSA-N		-brutinib
1589	lividomycin	36441-41-5	DBLVDAUGBTYDFR-SWMBIRFSSA-N		-mycin
881	digitoxin	71-63-6	WDJUZGPOPHTGOT-XUDUSOBPSA-N	OFM	
2646	levothyroxine	51-48-9	XUIIKFGFIJCVMT-LBPRGKRZSA-N	OFP	
846	dextrothyroxine	51-49-0	XUIIKFGFIJCVMT-GFCCVEGCSA-N	OFM	
1464	iopamidol	60166-93-0	XQZXYNRDCRIARQ-LURJTMIESA-N	OFP	io-
1463	iomeprol	78649-41-9	NJKDOADNQSYQEV-UHFFFAOYSA-N	ONP	io-
2827	vinorelbine	71486-22-1	GBABOYUKABKIAF-IELIFDKJSA-N	OFP	vin-
3262	gitoxin	4562-36-1	LKRDZKPBAOKJBT-CNPIRKNPSA-N		
882	digoxin	20830-75-5	LTMHDMANZUZIPE-PUGKRICDSA-N	OFP	
3482	polyestradiol phosphate	28014-46-2			-estr-
2379	rifaximin	80621-81-4	NZCRJKRKKOLAOJ-XRCRFVBUSA-N	OFP	rifa-
3062	canfosfamide	158382-37-7	OJLHWPALWODJPQ-QNWVGRARSA-N		-mustine
1062	estradiol mustard	22966-79-6	LRSFXIJGHRPOQQ-VZRQQIPSSA-N		estr-
1788	metrizamide	31112-62-6	BAQCROVBDNBEEB-UBYUBLNFSA-N	OFM	
1052	erythromycin propionate	134-36-1	TYQXKHPOXXXCTP-CSLYCKPJSA-N	OFM	-mycin
1473	ioxilan	107793-72-6	UUMLTINZBQPNGF-UHFFFAOYSA-N	OFM	io-
1468	iopromide	73334-07-3	DGAIEPBNLOQYER-UHFFFAOYSA-N	OFP	io-
219	anhydrovinblastine	38390-45-3	FFRFGVHNKJYNOV-ZCIMLLHDSA-N		-vin-
2531	sulfobromophthalein	71-67-0	OHTXTCNTQJFRIG-UHFFFAOYSA-N		
1761	metildigoxin	30685-43-9	IYJMSDVSVHDVGT-PEQKVOOWSA-N		
3030	bisdequalinium chloride	52951-36-7	ZFWYZPJOMMIRAM-WWUXXHOVSA-P		
2552	tacrolimus	104987-11-3	QJJXYPPXXYFBGM-ZIUDIOLZSA-N	OFP	-rolimus
3551	solasulfone	133-65-3	HCCUQCPVNVAHMV-UHFFFAOYSA-N		
67	acetyldigitoxin	1111-39-3	HPMZBILYSWLILX-UMDUKNJSSA-N	OFM	
1471	ioversol	87771-40-2	AMDBBAQNWSUWGN-UHFFFAOYSA-N	OFP	io-
939	docetaxel	114977-28-5	ZDZOTLJHXYCWBA-VCVYQWHSSA-N	OFP	-taxel
2168	pimecrolimus	137071-32-0	KASDHRXLYQOAKZ-XDSKOBMDSA-N	OFP	-rolimus
1445	inositol nicotinate	6556-11-2	MFZCIDXOLLEMOO-GYSGTQPESA-N		
2823	vinblastine	865-21-4	JXLYSJRDGCGARV-CFWMRBGOSA-N	OFP	vin-
80	aclarubicin	57576-44-0	USZYSDMBJDPRIF-SVEJIMAYSA-N		-rubicin
2581	telithromycin	191114-48-4	LJVAJPDWBABPEJ-PNUFFHFMSA-N	OFM	-mycin
2460	sorbinicate	6184-06-1	IMRLNFKFNFLWQF-IYKITFJXSA-N		-nicate
2769	troleandomycin	2751-09-9	LQCLVBQBTUVCEQ-QTFUVMRISA-N	OFM	-mycin
5649	frunevetmab	1708936-80-4			-vetmab
1861	mydecamycin	35457-80-8	DMUAPQTXSSNEDD-QALJCMCCSA-N		-mycin
3644	vinflunine	162652-95-1	NMDYYWFGPIMTKO-KLCPSUAYSA-N		vin-
2232	pralmorelin	158861-67-7	HRNLPPBUBKMZMT-RDRUQFPZSA-N		-morelin
5236	benproperine	2156-27-6	JTUQXGZRVLWBCR-UHFFFAOYSA-N		
5676	spesolimab	2097104-58-8			-imab
5238	delafloxacin	189279-58-1	DYDCPNMLZGFQTM-UHFFFAOYSA-N	ONP	-floxacin
5239	evogliptin	1222102-29-5	LCDDAGSJHKEABN-MLGOLLRUSA-N		-gliptin
3210	etiroxate	17365-01-4	LWZCMKGGFONJPB-UHFFFAOYSA-N		
1461	iohexol	66108-95-0	NTHXOOBQLCIOLC-UHFFFAOYSA-N	OFP	io-
1325	glycyrrhizic acid	1405-86-3	LPLVUJXQOOQHMX-QWBHMCJMSA-N		
2377	rifampicin	13292-46-1	JQXXHWHPUNPDRT-ZNQWNCHJSA-N	OFP	rifa-
5240	polmacoxib	301692-76-2	IJWPAFMIFNSIGD-UHFFFAOYSA-N		-coxib
5241	betrixaban	330942-05-7	XHOLNRLADUSQLD-UHFFFAOYSA-N	OFM	-xaban
68	acetyldigoxin	5355-48-6	NREAGDHHMSOWKZ-DXJNJSHLSA-N		
4028	virginiamycin	11006-76-1			-mycin
2825	vincristine	57-22-7	OGWKCGZFUXNPDA-CFWMRBGOSA-N	OFP	vin-
2398	rokitamycin	74014-51-0	VYWWNRMSAPEJLS-MDWYKHENSA-N		-mycin
1518	josamycin	16846-24-5	XJSFLOJWULLJQS-NGVXBBESSA-N		-mycin
1040	eptifibatide	188627-80-7	CZKPOZZJODAYPZ-LROMGURASA-N	OFP	-tide
5244	pibrentasvir	1353900-92-1	VJYSBPDEJWLKKJ-NLIMODCCSA-N	ONP	-asvir
925	dirithromycin	62013-04-1	WLOHNSSYAXHWNR-DWIOZXRMSA-N	OFM	-mycin
1466	iopentol	89797-00-2	IUNJANQVIJDFTQ-UHFFFAOYSA-N		io-
5246	guselkumab	1350289-85-8			-umab
1449	iobitridol	136949-58-1	YLPBXIKWXNRACS-UHFFFAOYSA-N		io-
2410	roxithromycin	80214-83-1	RXZBMPWDPOLZGW-XMRMVWPWSA-N		-mycin
2471	Spiramycin I	24916-50-5	ACTOXUHEUCPTEW-CEUOBAOPSA-N		
2280	proglumetacin	57132-53-3	PTXGHCGBYMQQIG-UHFFFAOYSA-N		-metacin
2376	rifabutin	72559-06-9	ATEBXHFBFRCZMA-VXTBVIBXSA-N	OFP	rifa-
2044	paclitaxel	33069-62-4	RCINICONZNJXQF-MZXODVADSA-N	OFP	-taxel
1051	erythromycin ethyl succinate	1264-62-6	NSYZCCDSJNWWJL-YXOIYICCSA-N	OFP	-mycin
3489	pristinamycin	270076-60-3			-mycin
3217	evans blue	314-13-6	COXVTLYNGOIATD-HVMBLDELSA-N	OFM	
5087	denileukin diftitox	173146-27-5			-leukin
3972	ivermectin	70288-86-7			-ectin
2378	rifapentine	61379-65-5	WDZCUPBHRAEYDL-LYDPARFQSA-N	OFP	rifa-
2472	Spiramycin II	24916-51-6	ZPCCSZFPOXBNDL-ZSTSFXQOSA-N		-mycin
2400	romurtide	78113-36-7	FKHUGQZRBPETJR-FZKCHLSLSA-N		-tide
1815	miocamycin	55881-07-7	GQNZGCARKRHPOH-GSSUJARLSA-N		-mycin
2473	Spiramycin III	24916-52-7	HSZLKTCKAYXVBX-LYIMTGTFSA-N		
3542	saralasin	34273-10-4	PFGWGEPQIUAZME-NXSMLHPHSA-N	OFM	
2446	sirolimus	53123-88-9	QFJCIRLUMZQUOT-HPLJOQBZSA-N	OFP	-rolimus
3069	cargutocin	33605-67-3	YHKWDHMRGAMOKU-DACMYBEBSA-N		-tocin
5091	belatacept	706808-37-9			-tacept
1296	gitoformate	10176-39-3	DOMHWKQEPDYUQX-QDMRMOHQSA-N		
197	amphotericin B	1397-89-3	APKFDSVGJQXUKY-INPOYWNPSA-N	OFP	-tricin
1977	nystatin	1400-61-9	VQOXZBDYSJBXMA-NQTDYLQESA-N	OFP	-tricin
661	cisatracurium	96946-42-8	YXSLJKQTIDHPOT-LJCJQEJUSA-N	OFP	-curium
259	atracurium	64228-79-1	YXSLJKQTIDHPOT-UHFFFAOYSA-N	OFP	-curium
3429	perflexane	355-42-0	ZJIJAJXFLBMLCK-UHFFFAOYSA-N	OFM	perfl-
813	deslanoside	17598-65-1	OBATZBGFDSVCJD-LALPQLPRSA-N	OFM	
1118	everolimus	159351-69-6	HKVAMNSJSFKALM-GKUWKFKPSA-N	OFP	-rolimus
4106	sucralfate	54182-58-0			
3864	alprostadil alfadex	55648-20-9			-prost-
2949	zotarolimus	221877-54-9	CGTADGCBEXYWNE-JUKNQOCSSA-N		-rolimus
1822	mivacurium	133814-19-4	ILVYCEVXHALBSC-OTBYEXOQSA-N	OFM	-curium
579	ceruletide	17650-98-5	YRALAIOMGQZKOW-HYAOXDFASA-N		-tide
1543	lanatoside C	17575-22-3	JAYAGJDXJIDEKI-BNNXBDHTSA-N		
495	carbetocin	37025-55-1	NSTRIRCPWQHTIA-DTRKZRJBSA-N		-tocin
3008	atosiban	90779-69-4	VWXRQYYUEIYXCZ-OBIMUBPZSA-N		-siban
2974	doxacurium	133814-18-3	GBLRQXKSCRCLBZ-UHFFFAOYSA-N	OFM	-curium
2042	oxytocin	50-56-6	XNOPRXBHLZRZKH-DSZYJQQASA-N	OFP	-tocin
3126	demoxytocin	113-78-0	GTYWGUNQAMYZPF-FAJKJHJLSA-N		-tocin
1980	octreotide	83150-76-9	DEQANNDTNATYII-WKXAURAUSA-N	OFP	-tide
2349	quinupristin	120138-50-3	WTHRRGMBUAHGNI-LMSSJXMSSA-N	OFM	-pristin
5006	cangrelor	163706-06-7	PAEBIVWUMLRPSK-IDTAVKCVSA-N	OFP	-grel-
5008	sonidegib	956697-53-3	VZZJRYRQSPEMTK-CALCHBBNSA-N	ONP	-degib
5211	apatinib	811803-05-1	WPEWQEMJFLWMLV-UHFFFAOYSA-N		-tinib
5009	mecasermin	68562-41-4			-sermin
281	bacitracin	1405-87-4			
5007	epoetin theta	762263-14-9			-poetin
5010	lumacaftor	936727-05-8	UFSKUSARDNFIRC-UHFFFAOYSA-N	ONP	-caftor
817	desmopressin	16679-58-6	NFLWUMRGJYTJIN-PNIOQBSNSA-N	OFP	-pressin
2810	vasopressin	113-79-1	KBZOIRJILGZLEJ-LGYYRGKSSA-N	OFP	-pressin
2223	plicamycin	18378-89-7	CFCUWKMKBJTWLW-BKHRDMLASA-N	OFM	-mycin
5011	aldesleukin	110942-02-4			-leukin
2959	lypressin	50-57-7	BJFIDCADFRDPIO-DZCXQCEKSA-N	OFM	-pressin
1546	lanreotide	108736-35-2	PUDHBTGHUJUUFI-PURAGXGVSA-N	OFP	-tide
2977	caspofungin	162808-62-0	JYIKNQVWKBUSNH-WVDDFWQHSA-N	OFP	-fungin
3306	ioglycamic acid	2618-25-9	FZDZULUFHNDEDJ-UHFFFAOYSA-N		io-
1455	adipiodone	606-17-7	FFINMCNLQNTKLU-UHFFFAOYSA-N	OFM	-io-
4304	dapagliflozin	461432-26-8	JVHXJTBJCFBINQ-ADAARDCZSA-N	OFP	-gliflozin
2958	gonadorelin	33515-09-2	XLXSAKCOAKORKW-AQJXLSMYSA-N	OFM	-relin
2955	eledoisin	69-25-0	AYLPVIWBPZMVSH-FCKMLYJASA-N		
2987	lentinan	37339-90-5			
2580	teicoplanin aglycone	89139-42-4	DKVBOUDTNWVDEP-NJCHZNEYSA-N		-planin
760	ciclosporin	59865-13-3	PMATZTZNYRCHOR-CGLBZJNRSA-N	OFP	-closporin
1559	leuprorelin	53714-56-0	GFIJNRVAKGFPGQ-LIJARHBVSA-N	OFP	-relin
3991	iotroxic acid	51022-74-3	JXMIBUGMYLQZGO-UHFFFAOYSA-N		io-
2998	teicoplanin	61036-62-2			-planin
2967	terlipressin	14636-12-5	BENFXAYNYRLAIU-QSVFAHTRSA-N	ONP	-pressin
2960	mifamurtide	90825-43-7	JMUHBNWAORSSBD-WKYWBUFDSA-N		-tide
436	buserelin	57982-77-1	CUWODFFVMXJOKD-UVLQAERKSA-N		-relin
1450	iocarmic acid	10397-75-8	SMQYOVYWPWASGU-UHFFFAOYSA-N		io-
4815	lixisenatide	320367-13-3	XVVOERDUTLJJHN-IAEQDCLQSA-N		-tide
774	dactinomycin	50-76-0	RJURFGZVJUQBHK-IIXSONLDSA-N		-mycin
1472	ioxaglic acid	59017-64-0	TYYBFXNZMFNZJT-UHFFFAOYSA-N		io-
1327	goserelin	65807-02-5	BLCLNMBMMGCOAS-URPVMXJPSA-N		-relin
1798	micafungin	235114-32-6	PIEUQSKUWLMALL-LXWXBMNESA-N		-fungin
3966	iodoxamic acid	51764-33-1	WWVAPFRKZMUPHZ-UHFFFAOYSA-N		io-
2966	suramin	145-63-1	FIAFUQMPZJWCLV-UHFFFAOYSA-N		
2968	triptorelin	57773-63-4	VXKHXGOKWPXYNA-PGBVPBMZSA-N		-relin
1044	eritoran	185955-34-4	BPSMYQFMCXXNPC-PFJUCRORSA-N		-toran
1868	nafarelin	76932-56-4	RWHUEXWOYVBUCI-ITQXDASVSA-N		-relin
2975	histrelin	76712-82-8	HHXHVIJIIXKSOE-QILQGKCVSA-N		-relin
2954	depreotide	161982-62-3	XXXSJQLZVNKRKX-YQRDHHIGSA-N		-tide
2973	dermatan sulfate	54328-33-5			
35	abarelix	183552-38-7	AIWRTTMUVOZGPW-HSPKUQOVSA-N		-relix
583	cetrorelix	120287-85-6	SBNPWPIBESPSIF-MHWMIDJBSA-N		-relix
2807	vancomycin	1404-90-6	MYPYJXKWCTUITO-LYRMYLQWSA-N		-mycin
2965	peplomycin	68247-85-8	QIMGFXOHTOXMQP-GFAGFCTOSA-N		-mycin
1236	fondaparinux	104993-28-4	KANJSNBRCNMZMV-ABRZTLGGSA-N		-parinux
2971	betadex	7585-39-9	WHGYBXFWUBPSRW-FOUAGVGXSA-N		
3302	iodixanol	92339-11-2	NBQNWMBBSKPBAY-UHFFFAOYSA-N		io-
1279	ganirelix	124904-93-4	GJNXBNATEDXMAK-PFLSVRRQSA-N		-relix
783	daptomycin	103060-53-3	DOAKLVKFURWEDJ-QCMAZARJSA-N		-mycin
1470	iotrolan	79770-24-4	XUHXFSYUBXNTHU-UHFFFAOYSA-N		io-
5505	sotrovimab	2423014-07-5			-vimab
2997	somatostatin	38916-34-6	NHXLMOGPVYXJNR-ATOGVRKGSA-N		som-
731	colistimethate sodium	8068-28-8			
2985	acemannan	110042-95-0			
4116	telavancin	372151-71-8	ONUMZHGUFYIKPM-MXNFEBESSA-N		-vancin
777	dalbavancin	171500-79-1	KGPGQDLTDHGEGT-SZUNQUCBSA-N		-vancin
139	alsactide	34765-96-3	DIDCGVRALANKIU-OTEFFYEFSA-N		-actide
385	bivalirudin	128270-60-0	OIRCOABEOLEUMC-GEJPAHFPSA-N		-irudin
2878	ziconotide	107452-89-1	BPKIMPVREBSLAJ-QTBYCLKRSA-N		-tide
2548	secretin human	108153-74-8	OWMZNFCDEHGFEP-NFBCVYDUSA-N		-retin-
515	carperitide	89213-87-6	NSQLIUXCMFBZME-MPVJKSABSA-N		-ritide
5213	sulesomab	167747-19-5			-omab
5214	telotristat ethyl	1033805-22-9	MDSQOJYHHZBZKA-GBXCKJPGSA-N	ONP	-stat
5215	beclabuvir	958002-33-0	ZTTKEBYSXUCBSE-VSBZUFFNSA-N		-buvir
2643	thymalfasin	62304-98-7	NZVYCXVTEHPMHE-ZSUJOUNUSA-N		
2433	sermorelin	86168-78-7	WGWPRVFKDLAUQJ-MITYVQBRSA-N		-morelin
5218	ribociclib	1211441-98-3	RHXHGRAEPCAFML-UHFFFAOYSA-N	ONP	-ciclib
5220	naldemedine	916072-89-4	AXQACEQYCPKDMV-RZAWKFBISA-N	ONP	nal-
2989	calcitonin (salmon synthetic)	47931-85-1	BBBFJLBPOGFECG-VJVYQDLKSA-N		calci-
4429	calcitonin (pork natural)	147983-50-4	IXORWGHGSOABEO-AQZOCZKHSA-N		calci-
4430	calcium acetate and magnesium carbonate	1173882-48-8			
4431	calcium alginate	9005-35-0			
5223	ocrelizumab	637334-45-3			-zumab
4434	calcium glycerylphosphate	27214-00-2			
4973	tucidinostat	743420-02-2	SZMJVTADHFNAIS-BJMVGYQFSA-N		-inostat
1901	nesiritide	124584-08-3	HPNRHPKXQZSDFX-OAQDCNSJSA-N		-ritide
5226	deutetrabenazine	1392826-25-3	MKJIEFSOBYUXJB-LIJFRPJRSA-N	ONP	
2994	glucagon	9007-92-5	MASNOZXLGMXCHN-ZLPAWPGGSA-N		-glutide
4190	ruxolitinib	941678-49-5	HFNKQEVNSGCOJV-OAHLLOKOSA-N	ONP	-tinib
4191	fesoterodine	286930-02-7	DCCSDBARQIPTGU-HSZRJFAPSA-N	OFP	
4192	tafamidis	594839-88-0	TXEIIPDJKFWEEC-UHFFFAOYSA-N	ONP	
4193	piperaquine	4085-31-8	UCRHFBCYFMIWHC-UHFFFAOYSA-N		
4194	artenimol	71939-50-9	BJDCWCLMFKKGEE-ISOSDAIHSA-N		arte-
4195	alpha-tocopherol acetate	58-95-7	ZAKOWWREFLAJOT-CEFNRUSXSA-N	OFP	
2236	pramlintide	151126-32-8	TZIRZGBAFTZREM-MKAGXXMWSA-N		-tide
4279	polyvinyl alcohol	9002-89-5			
1123	exenatide	141758-74-9	HTQBXNHDCUEHJF-XWLPCZSASA-N		-tide
1010	enfuvirtide	159519-65-0	PEASPLKKXBYDKL-FXEVSJAOSA-N		-tide
4196	cyanocobalamin	68-19-9			
4197	vitamin A palmitate	79-81-2	VYGQUTWHTHXGQB-FFHKNEKCSA-N	OFP	
4975	rituximab	174722-31-7			-ximab
4198	sodium chloride	7647-14-5			
2990	desirudin	120993-53-5			-irudin
4207	lithium carbonate	554-13-2			
4208	diatrizoate meglumine	131-49-7			-io-
4209	prazosin	19216-56-9	IENZQIKPVFGBNW-UHFFFAOYSA-N	OFP	-azosin
4210	oxaliplatin	61825-94-3			-platin
4211	acetic acid	64-19-7	QTBSBXVTEAMEQO-UHFFFAOYSA-N		
4212	sodium sulfate	7757-82-6			
4213	hydrocortisone acetate	50-03-3	ALEXXDVDDISNDU-JZYPGELDSA-N	OFP	-cort-
4214	sodium gluconate	527-07-1			
4215	isopropanol	67-63-0	KFZMGEQAYNKOFK-UHFFFAOYSA-N		
5110	migalastat	108147-54-2	LXBIFEVIBLOUGU-DPYQTVNSSA-N	ONP	-stat
5113	amfecloral	5581-35-1	VBZDETYCYXPOAK-OVCLIPMQSA-N		
2995	lepirudin	138068-37-8			-irudin
4120	dexfosfoserine	407-41-0	BZQFBWGGLXLEPQ-REOHCLBHSA-N		-fos-
5112	fusafungine	1393-87-9			
5114	podophyllin	9000-55-9			
5228	simoctocog alfa	1219013-68-9			-octocog
4122	auranofin	34031-32-8			
4123	lubiprostone	333963-40-9	WGFOBBZOWHGYQH-MXHNKVEKSA-N	OFP	-prost-
4124	vorinostat	149647-78-9	WAEXFXRVDQXREF-UHFFFAOYSA-N	ONP	-inostat
4125	proline	147-85-3	ONIBWKKTOPOVIA-BYPYZUCNSA-N		
4126	asparagine	70-47-3	DCXYFEDJOCDNAF-REOHCLBHSA-N		
4127	serine	56-45-1	MTCFGRXMJLQNBG-REOHCLBHSA-N		
4128	valine	72-18-4	KZSNJWFQEVHDMF-BYPYZUCNSA-N		
4129	isoleucine	73-32-5	AGPKZVBTJJNPAG-WHFBIAKZSA-N		
4838	antimony pentasulfide	1315-04-4	PPKVREKQVQREQD-UHFFFAOYSA-N		
4134	pyridoxal	65-22-5	RADKZDMFGJYCBB-UHFFFAOYSA-N		
4135	lisdexamfetamine	608137-32-2	VOBHXZCDAVEXEY-JSGCOSHPSA-N	OFP	-orex
4137	paliperidone	144598-75-4	PMXMIIMHBWHSKN-UHFFFAOYSA-N	OFP	-peridone
4138	gentian violet	548-62-9	LGLFFNDHMLKUMI-UHFFFAOYSA-N	OFM	
4140	nadide	53-84-9	BAWFJGJZGIEFAR-NNYOXOHSSA-N		
4141	udenafil	268203-93-6	IYFNEFQTYQPVOC-UHFFFAOYSA-N		-afil
4142	sulfadiazine silver	22199-08-2			sulfa-
4143	darunavir	206361-99-1	CJBJHOAVZSMMDJ-HEXNFIEUSA-N	OFP	-navir
4144	sodium lauryl sulfate	151-21-3			
4145	lutein	127-40-2	KBPHJBAIARWVSC-RGZFRNHPSA-N		
4146	testosterone propionate	57-85-2	PDMMFKSKQVNJMI-BLQWBTBKSA-N	OFM	-testosterone
4147	gadoversetamide	131069-91-5			gado-
4148	epicriptine	88660-47-3	SBFXHXZNBNFPHV-PXXBSISHSA-N		-erg-
4149	doripenem	148016-81-3	AVAACINZEOAHHE-VFZPANTDSA-N	OFM	-penem
4291	cupric oxide	1317-38-0	QPLDLSVMHZLSFG-UHFFFAOYSA-N		
4151	silodosin	160970-54-7	PNCPYILNMDWPEY-QGZVFWFLSA-N	OFP	
4152	permethrin	52645-53-1	RLLPVAHGXHCWKJ-UHFFFAOYSA-N	OFP	
4150	rimonabant	168273-06-1	JZCPYUJPEARBJL-UHFFFAOYSA-N		-nabant
4020	sodium stibogluconate	16037-91-5	PFOYFBYIHCVQGB-XCCFGPONSA-N		
4787	mercuric chloride	7487-94-7	LWJROJCJINYWOX-UHFFFAOYSA-L		-mer-
4153	cabazitaxel	183133-96-2	BMQGVNUXMIRLCK-OAGWZNDDSA-N	OFP	-taxel
4156	edaravone	89-25-8	QELUYTUMUWHWMC-UHFFFAOYSA-N	OFP	
4157	lercanidipine	100427-26-7	ZDXUKAKRHYTAKV-UHFFFAOYSA-N		-nidipine
4159	cefcapene	135889-00-8	HJJRIJDTIPFROI-NVKITGPLSA-N		cef-
4160	carbocisteine	638-23-3	GBFLZEXEOZUWRN-VKHMYHEASA-N		-steine
5333	polatuzumab vedotin	1313206-42-6			-zumab
4161	temsirolimus	162635-04-3	CBPNZQVSJQDFBE-FUXHJELOSA-N	OFP	-rolimus
4162	dexlansoprazole	138530-94-6	MJIHNNLFOKEZEW-RUZDIDTESA-N	OFP	-prazole
4163	fampridine	504-24-5	NUKYPUAOHBNCPY-UHFFFAOYSA-N		
4217	potassium acetate	127-08-2			
4167	fingolimod	162359-55-9	KKGQTZUTZRNORY-UHFFFAOYSA-N	OFP	-imod
4218	methyldopate	6014-30-8	SVEBYYWCXTVYCR-LBPRGKRZSA-N	OFM	
4219	sodium phosphate	7558-79-4			
4164	liraglutide	204656-20-2	YSDQQAXHVYUZIW-QCIJIYAXSA-N		-glutide
4165	alcaftadine	147084-10-4	MWTBKTRZPHJQLH-UHFFFAOYSA-N	OFP	-tadine
4166	ulipristal	126784-99-4	OOLLAFOLCSJHRE-ZHAKMVSLSA-N	OFP	-pris-
5366	enfortumab vedotin	1346452-25-2			-umab
4168	lurasidone	367514-87-2	PQXKDMSYBGKCJA-CVTJIBDQSA-N	OFP	
4169	ceftaroline fosamil	402741-13-3	ZCCUWMICIWSJIX-NQJJCJBVSA-N	OFP	cef-
4170	tesamorelin	218949-48-5			-morelin
4171	eribulin	253128-41-5	UFNVPOGXISZXJD-JBQZKEIOSA-N	OFP	-bulin
4172	boceprevir	394730-60-0	LHHCSNFAOIFYRV-DOVBMPENSA-N	OFM	-previr
4173	telaprevir	402957-28-2	BBAWEDCPNXPBQM-GDEBMMAJSA-N	OFM	-previr
4174	rilpivirine	500287-72-9	YIBOMRUWOWDFLG-ONEGZZNKSA-N	OFP	-virine
4175	linagliptin	668270-12-0	LTXREWYXXSTFRX-QGZVFWFLSA-N	OFP	-gliptin
4176	abiraterone acetate	154229-18-2	UVIQSJCZCSLXRZ-UBUQANBQSA-N	OFP	-terone
4182	rivaroxaban	366789-02-8	KGFYHTZWPPHNLQ-AWEZNQCLSA-N	OFP	-xaban
4177	gabapentin enacarbil	478296-72-9	TZDUHAJSIBHXDL-UHFFFAOYSA-N	ONP	-gab-
4178	vandetanib	443913-73-3	UHTHHESEBZOYNR-UHFFFAOYSA-N	OFP	-anib
4179	gadobutrol	770691-21-9			gado-
4180	fidaxomicin	873857-62-6	ZVGNESXIJDCBKN-UUEYKCAUSA-N	OFP	-micin
4181	retigabine	150812-12-7	PCOBBVZJEWWZFR-UHFFFAOYSA-N	OFM	-gab-
5367	trastuzumab deruxtecan	1826843-81-5			-zumab
4183	indacaterol	312753-06-3	QZZUEBNBZAPZLX-QFIPXVFZSA-N	OFM	-terol
4184	ticagrelor	274693-27-5	OEKWJQXRCDYSHL-FNOIDJSQSA-N	OFP	-grel-
4185	vemurafenib	918504-65-1	GPXBXXGIAQBQNI-UHFFFAOYSA-N	ONP	-rafenib
4227	vismodegib	879085-55-9	BPQMGSKTAYIVFO-UHFFFAOYSA-N	ONP	-degib
4247	neomycin	1405-10-3			-mycin
4228	ivacaftor	873054-44-5	PURKAOJPTOLRMP-UHFFFAOYSA-N	ONP	-caftor
4232	lucinactant	825600-90-6			
4233	sugammadex	343306-71-8	WHRODDIHRRDWEW-VTHZAVIASA-N		
5182	eteplirsen	1173755-55-9			-rsen
4234	peginesatide	1350810-60-4			-tide
3196	ethyl chloride	75-00-3	HRYZWHHZPQKTII-UHFFFAOYSA-N		
4248	pyrithione zinc	13463-41-7			
4249	povidone-iodine	25655-41-8			-io-
4250	algeldrate	21645-51-2	WNROFYMDJYEPJX-UHFFFAOYSA-K		
4251	nitrogen	7727-37-9	IJGRMHOSHXDMSA-UHFFFAOYSA-N		
4252	sodium monofluorophosphate	10163-15-2			
4253	macrogol	25322-68-3			
4254	threonine	72-19-5	AYFVYJQAPQTCCC-GBXIJSLDSA-N		
4255	alanine	56-41-7	QNAYBMKLOCPYGJ-REOHCLBHSA-N		
4256	carbon dioxide	124-38-9	CURLTUGMZLYLDI-UHFFFAOYSA-N		
4257	bismuth subsalicylate	14882-18-9	ZREIPSZUJIFJNP-UHFFFAOYSA-K	OFP	
4258	thymol	89-83-8	MGSRCZKZVOBKFT-UHFFFAOYSA-N		
4259	cineole	470-82-6	WEEGYLXZBRQIMU-UHFFFAOYSA-N		
4261	ferrous fumarate	141-01-5			
4263	potassium nitrate	7757-79-1			-nit-
4264	carbamide	57-13-6	XSQUKJJJFZCRTK-UHFFFAOYSA-N		
4265	gentamicin	1405-41-0			-micin
4266	phenol	108-95-2	ISWSIDIOOBJBQZ-UHFFFAOYSA-N		
4267	arbutin	497-76-7	BJRNKVDFDLYUGJ-RMPHRYRLSA-N		
3628	trichloroethylene	79-01-6	XSTXAVWGXDQKEL-UHFFFAOYSA-N		
4268	allantoin	97-59-6	POJWUDADGALRAB-UHFFFAOYSA-N		-toin
4269	zinc acetate	557-34-6			
4270	Padimate O	21245-02-3	WYWZRNAHINYAEF-UHFFFAOYSA-N		
4271	sodium phosphate, monobasic	7558-80-7			
4272	hydroxyproline	51-35-4	PMMYEEVYMWASQN-DMTCNVIQSA-N		
4275	zinc sulfate	7733-02-0			
4276	piperonyl butoxide	51-03-6	FIPWRIJSWJWJAI-UHFFFAOYSA-N	OFM	
4278	crospovidone	9003-39-8			
4280	tocofersolan	59-02-9	GVJHHUAWPYXKBD-IEOSBIPESA-N	OFP	
4281	magnesium citrate	3344-18-1			
4283	tapentadol	175591-09-0	KWTWDQCKEHXFFR-SMDDNHRTSA-N	OFP	-adol
4284	silicon dioxide	7631-86-9	VYPSYNLAJGMNEJ-UHFFFAOYSA-N		
4282	copper sulfate	7758-99-8			
4285	Florbetapir F-18	956103-76-7	YNDIAUKFXKEXSV-CRYLGTRXSA-N	ONP	
4287	calcium acetate	62-54-4			
4289	doconexent	6217-54-5	MBMBGCFOFBJSGT-KUBAVDMBSA-N		
4286	Molybdenum Mo-99	14119-15-4	ZOKXTWBITQBERF-AKLPVKDBSA-N		
4288	magnesium carbonate	546-93-0			
4293	magnesium oxide	1309-48-4	CPLXHLVBOLITMK-UHFFFAOYSA-N		
4298	apixaban	503612-47-3	QNZCBYKSOIHPEH-UHFFFAOYSA-N	OFP	-xaban
4299	cobicistat	1004316-88-4	ZCIGNRJZKPOIKD-CQXVEOKZSA-N	ONP	-stat
5430	berotralstat	1809010-50-1	UXNXMBYCBRBRFD-MUUNZHRXSA-N	ONP	-stat
4295	sodium phosphate, monobasic, monohydrate	10049-21-5			
4300	elvitegravir	697761-98-1	JUZYLCPPVHEVSV-LJQANCHMSA-N	ONP	-vir-
4301	Flutemetamol (18F)	765922-62-1	VVECGOCJFKTUAX-HUYCHCPVSA-N	OFP	
4302	glycopyrronium bromide	596-51-0	ANGKOCUUWGHLCE-UHFFFAOYSA-N	OFP	
4303	eslicarbazepine acetate	236395-14-5	QIALRBLEEWJACW-INIZCTEOSA-N	OFP	
4321	alginic acid	9005-32-7			
4305	avanafil	330784-47-9	WEAJZXNPAWBCOA-INIZCTEOSA-N	OFP	-afil
4306	DL-Alanine	302-72-7	QNAYBMKLOCPYGJ-UHFFFAOYSA-N		
5427	enarodustat	1262132-81-9	DQTXKMATEZTTTQ-UHFFFAOYSA-N		-dustat
5428	sofpironium bromide	1628106-94-4	SEVCTUCCZYBJER-BSJAROSPSA-N	ONP	
4331	sevelamer carbonate	845273-93-0			-mer
4307	sennosides	104428-88-8			
4308	lasofoxifene	180916-16-9	GXESHMAMLJKROZ-UHFFFAOYSA-N		-oxifene
4309	hydroxocobalamin	13422-51-0			
4310	lacosamide	175481-36-4	VPPJLAIAVCUEMN-GFCCVEGCSA-N	OFP	
4311	olaflur	6818-37-7	KRZCNRGNPAESDC-UHFFFAOYSA-N		
4312	4-dimethylaminophenol	619-60-3	JVVRCYWZTJLJSG-UHFFFAOYSA-N		
4314	aceclidine	827-61-2	WRJPSSPFHGNBMG-UHFFFAOYSA-N	ONP	-clidine
4316	acetylglycinamide chloral hydrate	17427-14-4			
4317	euflavine	69235-50-3			-crine
4318	afatinib	850140-72-6	ULXXDDBFHOBEHA-CWDCEQMOSA-N	ONP	-tinib
4319	alanyl glutamine	39537-23-0	HJCMDXDYPOUFDY-WHFBIAKZSA-N		
4322	azilsartan medoxomil	863031-21-4	QJFSABGVXDWMIW-UHFFFAOYSA-N	OFP	-sartan
4323	UREA C-13	58069-82-2	XSQUKJJJFZCRTK-OUBTZVSYSA-N		
4324	sevelamer	52757-95-6			-mer
4325	alum	7784-24-9			
4326	laropiprant	571170-77-9	NXFFJDQHYLNEJK-CYBMUJFWSA-N		-piprant
5374	turoctocog alfa pegol	1309086-46-1			-octocog
4327	(2-benzhydryloxyethyl)diethyl-methylammonium iodide	5982-52-5	IHFMXHPNVAVTCJ-UHFFFAOYSA-N		-io-
4328	2-(4-chlorphenoxy)-ethanol	1892-43-9	GEGSSUSEWOHAFE-UHFFFAOYSA-N		
5429	gallium (68Ga) gozetotide	1906894-20-9	AEBYHKKMCWUMKX-LNTZDJBBSA-K	ONP	-tide
4329	pasireotide	396091-73-9	VMZMNAABQBOLAK-SLLFKNDXSA-N	ONP	-tide
4330	pixantrone	144675-97-8	PEZPMAYDXJQYRV-UHFFFAOYSA-N		-antrone
4626	trinitrophenol	88-89-1	OXNIZHLAWKMVMX-UHFFFAOYSA-N		
4627	sincalide	25126-32-3	IZTQOLKUZKXIRV-YRVFCXMDSA-N	OFP	
4332	propanol	71-23-8	BDERNNFJNOPAEC-UHFFFAOYSA-N		
4333	prethcamide	8015-51-8			
4334	bazedoxifene	198481-32-2	UCJGJABZCDBEDK-UHFFFAOYSA-N	ONP	-oxifene
4336	amifampridine	54-96-6	OYTKINVCDFNREN-UHFFFAOYSA-N	OFP	
4337	ambrisentan	177036-94-1	OUJTZYPIHDYQMC-LJQANCHMSA-N	OFP	-entan
4338	angiotensinamide	38027-96-2	JYPVVOOBQVVUQV-CGHBYZBKSA-N		-tide
4339	pyronaridine	74847-35-1	DJUFPMUQJKWIJB-UHFFFAOYSA-N		
4425	colistin	1066-17-7			
4340	alogliptin	850649-61-5	ZSBOMTDTBDDKMP-OAHLLOKOSA-N	ONP	-gliptin
4341	almasilate	71205-22-6			
4342	zucapsaicin	25775-90-0	YKPUWZUDDOIDPM-VURMDHGXSA-N		-saicin
4343	zinc gluconate	4468-02-4			
4344	zinc chloride	7646-85-7			
4345	barbexaclone	4388-82-3			barb-
4346	barium sulfate	7727-43-7			
4347	benzathine benzylpenicillin	1538-09-6			-cillin
4348	calcium gluconate	299-28-5			
4349	aurothioglucose	12192-57-3			
4352	bibrocathol	6915-57-7	VTAVFIZOZUAKKE-UHFFFAOYSA-K		
4353	bilastine	202189-78-4	ACCMWZWAEFYUGZ-UHFFFAOYSA-N		-astine
4354	bioallethrin	28434-00-6	ZCVAOQKBXKSDMS-PVAVHDDUSA-N		
4355	bismuth subcitrate	57644-54-9			
4356	bisoxatin	17692-24-9	BPKUDUSVDVLOPY-UHFFFAOYSA-N		
4357	anidulafungin	166663-25-8	JHVAMHSQVVQIOT-FUVWCVBOSA-N	OFP	-fungin
4358	arginine glutamate	4320-30-3			
4359	bosutinib	380843-75-4	UBPYILGKFZZVDX-UHFFFAOYSA-N	OFP	-tinib
4360	cetrimide	8044-71-1			
4361	chenodiol	474-25-9	RUDATBOHQWOJDD-BSWAIDMHSA-N	OFP	
4362	chiniofon	8002-90-2			
5432	relugolix	737789-87-6	AOMXMOCNKJTRQP-UHFFFAOYSA-N	ONP	-golix
4365	vernakalant	794466-70-9	VBHQKCBVWWUUKN-KZNAEPCWSA-N		-kalant
4427	calcitonin human	21215-62-3	LDVRMNJZLWXJPL-JKQNMTHDSA-N		-calci-
4366	voclosporin	515814-01-4	BICRTLVBTLFLRD-PTWUADNWSA-N	ONP	-closporin
4368	xantinol	437-74-1	DSFGXPJYDCSWTA-UHFFFAOYSA-N		-fylline
4372	triaziquone	68-76-8	PXSOHRWMIRDKMP-UHFFFAOYSA-N		
5477	tisotumab vedotin	1418731-10-8			-dotin
4373	sodium benzoate	532-32-1			
4374	lorcaserin	616202-92-7	XTTZERNUQAFMOF-QMMMGPOBSA-N		
4375	demecolcine	477-30-5	NNJPGOLRFBJNIW-HNNXBMFYSA-N		
4376	dequalinium	6707-58-0	PCSWXVJAIHCTMO-UHFFFAOYSA-P		-ium
4377	desaspidin	114-43-2	GAHOBHHMYUYJDT-UHFFFAOYSA-N		
4378	decamethrin	52918-63-5	OWZREIFADZCYQD-NSHGMRRFSA-N		
4379	degarelix	214766-78-6	MEUCPCLKGZSHTA-XYAYPHGZSA-N		-relix
4380	desvenlafaxine	93413-62-8	KYYIDSXMWOZKMP-UHFFFAOYSA-N	OFP	
4381	dapoxetine	119356-77-3	USRHYDPUVLEVMC-FQEVSTJZSA-N		-oxetine
4382	mirabegron	223673-61-8	PBAPPPCECJKMCM-IBGZPJMESA-N	OFP	-begron
4383	calcium lactate	814-80-2			
4384	levofolinic acid	80433-71-2	VVIAGPKUTFNRDU-STQMWFEESA-N	OFP	
4385	calcium pangamate	20310-61-6			
4387	carbasalate calcium	5749-67-7			
4390	choline theophyllinate	4499-40-5			
4392	cisplatin	15663-27-1			-platin
4393	clefamide	3576-64-5	ODCUSWJXZDHLKV-UHFFFAOYSA-N		
4394	clevudine	163252-36-6	GBBJCSTXCAQSSJ-XQXXSGGOSA-N		-vudine
4395	clodantoin	5588-20-5	VOGJJBHRUDVEFM-UHFFFAOYSA-N		
5478	bimekizumab	1418205-77-2			-kizumab
4397	clopenthixol	982-24-1	WFPIAZLQTJBIFN-UHFFFAOYSA-N		
4398	tegafur	17902-23-7	WFWLQNSHRPWKFK-UHFFFAOYSA-N		-uridine
4399	eltrombopag	496775-61-2	XDXWLKQMMKQXPV-QYQHSDTDSA-N	OFP	-trombopag
4400	carisbamate	194085-75-1	OLBWFRRUHYQABZ-MRVPVSSYSA-N		-bamate
4416	didecyldimethylammonium chloride	7173-51-5			
4401	casopitant	414910-27-3	XGGTZCKQRWXCHW-WMTVXVAQSA-N		-pitant
4402	ceftobiprole medocaril	376653-43-9	HFTSMHTWUFCYMJ-YIOMYIDASA-N	ONP	cef-
4403	cerium oxalate	139-42-4			
4404	cobamamide	13870-90-1			
4405	colesevelam	182815-43-6			
4407	cyfluthrin	68359-37-5	QQODLKZGRKWIFG-UHFFFAOYSA-N		
4408	cymarin	508-77-0	XQCGNURMLWFQJR-ZNDDOCHDSA-N		
4409	cypermethrin	52315-07-8	KAATUXNTWXVJKI-UHFFFAOYSA-N		
4410	plerixafor	110078-46-1	YIQPUIGJQJDJOS-UHFFFAOYSA-N	OFP	-ixafor-
4411	dexchlorpheniramine	25523-97-1	SOYKEARSMXGVTM-HNNXBMFYSA-N	OFP	
598	chlorisondamine	69-27-2	IXWDUZLHWJKVPX-UHFFFAOYSA-N		
4412	diamorphine	561-27-3	GVGLGOZIDCSQPN-PVHGPHFFSA-N	OFP	-orphine
4413	dibromotyrosine	300-38-9	COESHZUDRKCEPA-ZETCQYMHSA-N		
4414	dibutylphthalate	84-74-2	DOIRQSBPFJWKBE-UHFFFAOYSA-N		
4415	dibutylsuccinate	141-03-7	YUXIBTJKHLUKBD-UHFFFAOYSA-N		
5479	tralokinumab	1044515-88-9			-kinumab
4417	diethyl ether	60-29-7	RTZKZFJDLAIYFH-UHFFFAOYSA-N		
4418	diethyltoluamide	134-62-3	MMOXZBCLCQITDF-UHFFFAOYSA-N		
4419	difetarsone	3639-19-8	YQVALJGIKVYRNI-UHFFFAOYSA-N		
4420	dihydroergocryptine	25447-66-9	PBUNVLRHZGSROC-VTIMJTGVSA-N		-erg-
4421	diiodohydroxypropane	534-08-7	DNKPFCQEGBJJTE-UHFFFAOYSA-N		
4422	etilevodopa	37178-37-3	NULMGOSOSZBEQL-QMMMGPOBSA-N		-dopa
4423	etybenzatropine	524-83-4	PHTMLLGDZBZXMW-AERCQKQUSA-N		-trop-
4424	candicidin	1403-17-4	YKSVGLFNJPQDJE-YDMQLZBCSA-N	OFM	-tricin
4426	bufylline	5634-34-4			-fylline
5196	chorionic gonadotrophin	9002-61-3			
4435	almagate	66827-12-1			
4437	aluminium clofibrate	24818-79-9			-fibrate
4438	aluminium oxide	1344-28-1	TWNQGVIAIRXVLR-UHFFFAOYSA-N		
4439	aluminium phosphate	7784-30-7			
4440	benzathine phenoxymethylpenicillin	5928-84-7			-cillin
5512	sutimlimab	2049079-64-1			-imab
4441	calcium phosphate	7758-87-4			
4442	trolamine salicylate	2174-16-5			
4443	ferric oxide	1309-37-1	JEIPFZHSYJVQDO-UHFFFAOYSA-N		
4444	meradimate	134-09-8	SOXAGEOHPCXXIO-UHFFFAOYSA-N		
4445	carbamide peroxide	124-43-6			
4448	calcium hydrogen phosphate dihydrate	7789-77-7			
4449	diodone	300-37-8			-io-
4450	diphenadione	82-66-6	JYGLAHSAISAEAL-UHFFFAOYSA-N		
4451	prednisolone sodium phosphate	125-02-0	JDOZJEUDSLGTLU-VWUMJDOOSA-N	OFP	pred-
4452	clobetasol propionate	25122-46-7	CBGUOGMQLZIXBE-XGQKBEPLSA-N	OFP	-betasol
4453	lysine acetate	52315-76-1			
4454	testosterone cypionate	58-20-8	HPFVBGJFAYZEBE-ZLQWOROUSA-N	OFP	-testosterone
4455	fludeoxyglucose (18F)	105851-17-0	ZCXUVYAZINUVJD-AHXZWLDOSA-N	OFP	
4466	eosin	17372-87-1	DBZJJPROPLPMSN-UHFFFAOYSA-N		
4456	hydrocortisone succinate	125-04-2	VWQWXZAWFPZJDA-CGVGKPPMSA-N	OFP	-cort-
4457	zinc undecylenate	557-08-4			
4458	sulfisoxazole acetyl	80-74-0	JFNWFXVFBDDWCX-UHFFFAOYSA-N	OFM	
4459	procaine benzylpenicillin	54-35-3			-cillin
4467	epanolol	86880-51-5	YARKMNAWFIMDKV-UHFFFAOYSA-N		-olol
4460	menthyl salicylate	89-46-3	SJOXEWUZWQYCGL-DVOMOZLQSA-N		
4461	manganese sulfate	7785-87-7			
4462	dodeclonium bromide	15687-13-5	DIQMZVPLKDZWFT-UHFFFAOYSA-N		
4463	domiphen	13900-14-6	YXUPZGKORWTXID-UHFFFAOYSA-N		
4464	droxypropine	15599-26-5	FVYYUBRKVVOOAV-UHFFFAOYSA-N		-pine
4465	efaproxiral	131179-95-8	BNFRJXLZYUTIII-UHFFFAOYSA-N		
4468	esketamine	33643-46-8	YQEZLKZALYSWHR-ZDUSSCGKSA-N	OFP	
4470	fosaprepitant	172673-20-0	BARDROPHSZEBKC-OITMNORJSA-N	OFP	-pitant
4471	gadobenate dimeglumine	127000-20-8			gado-
4472	AMMONIA N-13	34819-78-8	QGZKDVFQNNGYKY-BJUDXGSMSA-N		
4473	prepopik				
4474	trisodium citrate dihydrate	6132-04-3			
4475	iron pentacarbonyl	13463-40-6			
4476	ammonium lactate	515-98-0			
4477	sodium citrate	68-04-2			
4478	phosphoric acid	7664-38-2	NBIIXXVUZAFLBC-UHFFFAOYSA-N		
4479	calcium citrate	7693-13-2			
4480	potassium phosphate, monobasic	7778-77-0			
4481	N-Acetyltyrosine	537-55-3	CAHKINHBCWCHCF-JTQLQIEISA-N		
4482	corbadrine	829-74-3	GEFQWZLICWMTKF-CDUCUWFYSA-N	OFM	-drine
4483	carfilzomib	868540-17-4	BLMPQMFVWMYDKT-NZTKNTHTSA-N	OFP	-zomib
4484	aclidinium bromide	320345-99-1	ASMXXROZKSBQIH-VITNCHFBSA-N	OFP	
4500	amiloxate	71617-10-2	UBNYRXMKIIGMKK-UHFFFAOYSA-N		
4485	diflorasone diacetate	33564-31-7	BOBLHFUVNSFZPJ-JOYXJVLSSA-N	OFP	
4486	taurine	107-35-7	XOAAWQZATWQOTB-UHFFFAOYSA-N		
4487	sodium polystyrene sulfonate	25704-18-1			
4489	magnesium acetate	142-72-3			
4488	sodium fluoride F-18	22554-99-0			
4491	ferrous gluconate	299-29-6			
4492	calcium threonate	70753-61-6			
4493	alclometasone dipropionate	66734-13-2	DJHCCTTVDRAMEH-DUUJBDRPSA-N	OFP	
4494	gadodiamide	131410-48-5			gado-
3078	cetalkonium chloride	122-18-9	QDYLMAYUEZBUFO-UHFFFAOYSA-N		
4495	aluminium chlorohydrate	1327-41-9			
4496	haloperidol decanoate	74050-97-8	GUTXTARXLVFHDK-UHFFFAOYSA-N	OFP	
4497	estradiol acetate	4245-41-4	FHXBMXJMKMWVRG-SLHNCBLASA-N	OFP	estr-
4498	paliperidone palmitate	199739-10-1	VOMKSBFLAZZBOW-UHFFFAOYSA-N	OFP	
5513	tebentafusp	1874157-95-5			-fusp
4501	armodafinil	112111-43-0	YFGHCGITMMYXAQ-LJQANCHMSA-N	OFP	
4502	silver nitrate	7761-88-8			-nit-
4503	isosulfan blue	68238-36-8			
4504	hydrocortisone valerate	57524-89-7	FZCHYNWYXKICIO-FZNHGJLXSA-N	OFP	-cort-
4505	choline fenofibrate	42017-89-0	MQOBSOSZFYZQOK-UHFFFAOYSA-N	OFP	-fibrate
4507	halcinonide	3093-35-4	MUQNGPZZQDCDFT-JNQJZLCISA-N	OFP	-onide
4508	racepinefrine	329-65-7	UCTWMZQNUQWSLP-UHFFFAOYSA-N		-frine
4510	magnesium salicylate	18917-89-0			
4511	chromium picolinate	14639-25-9			
5601	luteinizing hormone	9002-67-9			
4512	lithium citrate	919-16-4			
4513	magnesium silicate	14987-04-3			
4516	tetracosactide	16960-16-0	ZOEFCCMDUURGSE-SQKVDDBVSA-N		-actide
4517	magnesium aspartate	18962-61-3			
4514	teriparatide	52232-67-4	OGBMKVWORPGQRR-UMXFMPSGSA-N		-tide
4515	magnesium gluconate	3632-91-5			
5690	tremelimumab	745013-59-6			-l(i)-umab
4518	sodium thiosulfate	7772-98-7			
4519	potassium citrate	866-84-2			
4520	potassium hydrogencarbonate	298-14-6			
4522	carbaldrate	16482-55-6			-aldrate
4523	quinine	130-95-0	LOUPRKONTZGTKE-WZBLMQSHSA-N	OFP	
5683	tixagevimab	2420564-02-7			-vimab
5684	cilgavimab	2420563-99-9			-vimab
4524	potassium gluconate	299-27-4			
4526	aluminum carbonate	14455-29-9			
4527	potassium phosphate	7778-53-2			
4528	ferrous sulfate	7720-78-7			
4529	ferric sulfate	10028-22-5			
5689	nemolizumab	1476039-58-3			-lizumab
4531	bismuth subgallate	99-26-3	JAONZGLTYYUPCT-UHFFFAOYSA-K		
4532	mangafodipir	155319-91-8			
4533	samarium (153Sm) lexidronam	160369-78-8			
4534	etanautine	6888-11-5			
4535	fazadinium	36653-54-0	NJAGGYXZTILBMJ-QVIHXGFCSA-N		-ium
4536	fenbendazole	43210-67-9	HDDSHPAODJUKPD-UHFFFAOYSA-N		-bendazole
4537	ferric (59Fe) citrate	50515-28-1			
4538	ferric citrate	3522-50-7			
4539	ferric hydroxide	1309-33-7	MSNWSDPPULHLDL-UHFFFAOYSA-K		
4546	fluclorolone	3693-38-7	VTWKPILBIUBMDS-OTJLYDAYSA-N		-olone
4540	ferrous ascorbate	24808-52-4			
4541	ferrous aspartate	14552-49-9			
4542	ferrous carbonate	563-71-3			
4544	ferrous succinate	10030-90-7			
4545	ferrous tartrate	2944-65-2			
4547	flumedroxone	15687-21-5	CDZJOBWKHSYNMO-SCUQKFFVSA-N		
4548	flumetasone	2135-17-3	WXURHACBFYSXBI-GQKYHHCASA-N	OFM	-metasone
4550	fluorodopa (18F)	92812-82-3	PAXWQORCRCBOCU-RPDRGXCHSA-N	OFP	
4551	fluoroethylcholine (18F)	188709-02-6	HVTQGIFBNBMSGE-JZRMKITLSA-N		
4584	krypton (81mKr) gas	15678-91-8	DNNSSWSSYDEUBZ-OIOBTWANSA-N		
4553	fluprednidene	2193-87-5	YVHXHNGGPURVOS-SBTDHBFYSA-N		-pred-
4554	fluticasone furoate	397864-44-7	XTULMSXFIHGYFS-VLSRWLAYSA-N	ONP	
4557	gadobenic acid	113662-23-0			gado-
4558	gadopentetate dimeglumine	80529-93-7			gado-
4559	gadoteric acid	72573-82-1			gado-
4560	gallium (67Ga) citrate	41183-64-6			
4562	gepirone	83928-76-1	QOIGKGMMAGJZNZ-UHFFFAOYSA-N	ONP	-spirone
5119	technetium Tc 99m mebrofenin	221296-35-1			-fenin
5120	technetium Tc 99m medronate	121524-79-6			
4563	gestonorone	2137-18-0	GTFUITFQDGVJSK-XGXHKTLJSA-N		-gest-
4564	guanoclor	5001-32-1	XIHXRRMCNSMUET-UHFFFAOYSA-N		guan-
4565	hematin	15489-90-4			
4566	sodium oxybate	502-85-2			
4567	nomegestrol	58691-88-6	KZUIYQJTUIACIG-YBZCJVABSA-N		-gest-
4568	hydrochloric acid	7647-01-0	VEXZGXHMUGYJMC-UHFFFAOYSA-N		
4569	hydrocortisone probutate	72590-77-3	FOGXJPFPZOHSQS-AYVLZSQQSA-N	OFM	-cort-
4570	hydroquinine	522-66-7	LJOQGZACKSYWCH-WZBLMQSHSA-N		
4571	hydroxyethylpromethazine	7647-63-4	PDSVTRQOBUIQBQ-UHFFFAOYSA-N		
4572	ibacitabine	611-53-0	WEVJJMPVVFNAHZ-RRKCRQDMSA-N		-citabine
4573	iclaprim	192314-93-5	HWJPWWYTGBZDEG-UHFFFAOYSA-N		-prim
5700	mosunetuzumab	1905409-39-3			-tuzumab
4574	idanpramine	25466-44-8	HVYGXNYMNHSBGD-UHFFFAOYSA-N		
4575	indigo carmine	860-22-0	CFZXDJWFRVEWSR-BUHFOSPRSA-N	ONP	
4576	inosine pranobex	36703-88-5			
4577	iobenguane (131I)	77679-27-7	PDWUPXJEEYOOTR-JRGAVVOBSA-N	OFM	io-
4578	iodocholesterol (131I)	42220-21-3	FIOAEFCJGZJUPW-ODFYUTSGSA-N		io-
4580	ioglicic acid	49755-67-1	HHFIATHHSBFCBY-UHFFFAOYSA-N		io-
4581	iopydol	5579-92-0	TZADDXVKYWMEHX-UHFFFAOYSA-N		io-
4582	ioxitalamic acid	28179-44-4	OLAOYPRJVHUHCF-UHFFFAOYSA-N		io-
4583	itramin tosilate	13445-63-1	KZTZJUQNSSLNAG-UHFFFAOYSA-N		
4585	lanthanum carbonate	587-26-8			
4586	levomethadone	125-58-6	USSIQXCVUWKGNF-QGZVFWFLSA-N		
4587	levoverbenone	1196-01-6	DCSCXTJOXBUFGB-JGVFFNPUSA-N		
4588	linopirdine	105431-72-9	YEJCDKJIEMIWRQ-UHFFFAOYSA-N		-pirdine
4589	linsidomine	33876-97-0	FKDHHVKWGRFRTG-UHFFFAOYSA-N		
4590	lithium succinate	16090-09-8			
4592	magnesium lactate	18917-93-6			
4593	magnesium levulinate	58505-81-0			
4594	magnesium orotate	34717-03-8			
4595	magnesium peroxide	14452-57-4	SPAGIJMPHSUYSE-UHFFFAOYSA-N		
4596	magnesium phosphate	10043-83-1			
4597	magnesium pidolate	135701-98-3			
4598	mannosulfan	7518-35-6	UUVIQYKKKBJYJT-ZYUZMQFOSA-N		-sulfan
4600	mecobalamin	13422-55-4			
4601	diosmetin	520-34-3	MBNGWHIJMBWFHU-UHFFFAOYSA-N		
4602	diethylamino hydroxybenzoyl hexyl benzoate	302776-68-7	FDATWRLUYRHCJE-UHFFFAOYSA-N		
4603	cobalamin	13408-78-1			
4604	xylitol	87-99-0	HEBKCHPVOIAQTA-SCDXWVJYSA-N		
4605	tonzonium	553-08-2	IOYZYMQFUSNATM-UHFFFAOYSA-N	OFP	-ium
4606	clocortolone pivalate	34097-16-0	SXYZQZLHAIHKKY-GSTUPEFVSA-N	OFP	-olone
4607	ubidecarenone	303-98-0	ACTIUHUUMQJHFO-UPTCCGCDSA-N		-renone
4608	trypan blue	72-57-1	ZBNARPCCDMHDDV-HVMBLDELSA-N	OFP	
4609	testosterone enantate	315-37-7	VOCBWIIFXDYGNZ-IXKNJLPQSA-N	OFP	-testosterone
4610	sucrose	57-50-1	CZMRCDWAGMRECN-UGDNZRGBSA-N	OFP	
4611	stearic acid	57-11-4	QIQXTHQIDYTFRH-UHFFFAOYSA-N		
4612	protocatechualdehyde	139-85-5	IBGBGRVKPALMCQ-UHFFFAOYSA-N		
4618	linolenic acid	463-40-1	DTOSIQBPPRVQHS-PDBXOOCHSA-N		
4613	polydatin	27208-80-6	HSTZMXCBWJGKHG-CUYWLFDKSA-N		
4614	polidocanol	9002-92-0			
4615	N-Acetylglucosamine	7512-17-6	OVRNDRQMDRJTHS-FMDGEEDCSA-N		
4616	methylnaltrexone	83387-25-1	JVLBPIPGETUEET-GAAHOAFPSA-O	OFP	
4619	levomenol	23089-26-1	RGZSQWQPBWRIAQ-CABCVRRESA-N		
4620	diacetyl benzoyl lathyrol	218916-52-0	JPYYWXPAHJBKJX-VWSFRBHVSA-N		
4621	levomefolic acid	31690-09-2	ZNOVTXRBGFNYRX-STQMWFEESA-N	OFP	
4622	linaclotide	851199-59-2	KXGCNMMJRFDFNR-WDRJZQOASA-N		-tide
4623	spinosad	168316-95-8			
4624	phenylacetic acid	103-82-2	WLJVXDMOQOGPHL-UHFFFAOYSA-N	OFP	
4628	enzalutamide	915087-33-1	WXCXUHSOUPDCQV-UHFFFAOYSA-N	OFP	-lutamide
4629	sodium tetrachloroaurate	15189-51-2			
4630	sodium pyrophosphate	7722-88-5			
4631	nitroprusside	14402-89-2			
4632	phenyl trimethicone	195868-36-1			
4633	trabectedin	114899-77-3	PKVRCIRHQMSYJX-AIFWHQITSA-N	OFP	-ectedin
4634	teriflunomide	163451-81-8	UTNUDOFZCWSZMS-YFHOEESVSA-N	OFP	
4641	levmetamfetamine	33817-09-3	MYWUZJCMWCOHBA-SECBINFHSA-N		-orex
4635	Choline C-11	94793-58-5	OEYIOHPDSNJKLS-BJUDXGSMSA-N	OFP	
4637	rose bengal	632-69-9			
4648	eugenol	97-53-0	RRAFCDWBNXTKKO-UHFFFAOYSA-N		
4649	dipyrithione	3696-28-4	ZHDBTKPXEJDTTQ-UHFFFAOYSA-N		
4642	dodecanoic acid	143-07-7	POULHZVOKOAJMA-UHFFFAOYSA-N		
4650	dimyristoylphosphatidylglycerol	61361-72-6	BPHQZTVXXXJVHI-UHFFFAOYSA-N		
4638	Padimate A	21245-01-2	OFSAUHSCHWRZKM-UHFFFAOYSA-N		
4639	oftasceine	1461-15-0	DEGAKNSWVGKMLS-UHFFFAOYSA-N		-sceine
4640	octyltriethoxysilane	2943-75-1	MSRJTTSHWYDFIU-UHFFFAOYSA-N		
4644	hydroxocobalamin acetate	22465-48-1			
4645	glycolic acid	79-14-1	AEMRFAOFKBGASW-UHFFFAOYSA-N		
4646	gadoxetate	135326-22-6			gado-
4647	fluorometholone acetate	3801-06-7	YRFXGQHBPBMFHW-SBTZIJSASA-N	OFP	
4651	dimyristoylphosphatidylcholine	18656-38-7	CITHEXJVPOWHKC-UHFFFAOYSA-N	OFM	
4652	diazolidinylurea	78491-02-8	SOROIESOUPGGFO-UHFFFAOYSA-N		
4039	sulfur hexafluoride	2551-62-4	SFZCNBIFKDRMGX-UHFFFAOYSA-N	OFP	
4653	chloramphenicol succinate	982-57-0	LIRCDOVJWUGTMW-ZWNOBZJWSA-N	OFM	
4664	benzoic acid	65-85-0	WPYMKLBDIGXBTP-UHFFFAOYSA-N		
4665	brilliant green	633-03-4	HXCILVUBKWANLN-UHFFFAOYSA-N		
4666	betiatide	103725-47-9	VDPYMEBVIDZKMD-UHFFFAOYSA-N	OFP	-tide
4678	oritavancin	171099-57-3	VHFGEBVPHAGQPI-LXKZPTCJSA-N		-vancin
4667	betamethasone phosphate	151-73-5	VQODGRNSFPNSQE-DVTGEIKXSA-N	OFP	
4668	1-Octacosanol	557-61-9	CNNRPFQICPFDPO-UHFFFAOYSA-N		
4670	methylrosaniline	467-63-0	QFVDKARCPMTZCS-UHFFFAOYSA-N		
4671	metizoline	17692-22-7	NDNKHWUXXOFHTD-UHFFFAOYSA-N		-azoline
4672	morniflumate	65847-85-0	LDXSPUSKBDTEKA-UHFFFAOYSA-N		
4673	nalfurafine	152657-84-6	XGZZHZMWIXFATA-UEZBDDGYSA-N		nal-
4674	naproxcinod	163133-43-5	AKFJWRDCWYYTIG-ZDUSSCGKSA-N		-nod
4675	nicofetamide	553-06-0	DWODOIKZDGJOPQ-UHFFFAOYSA-N		nico-
4676	obidoxime	7683-36-5	HIGRLDNHDGYWQJ-UHFFFAOYSA-P		
4677	omacetaxine mepesuccinate	26833-87-4	HYFHYPWGAURHIV-JFIAXGOJSA-N	OFM	
5697	ublituximab	1174014-05-1			-tuximab
4679	ornipressin	3397-23-7	MUNMIGOEDGHVLE-LGYYRGKSSA-N		-pressin
4680	ornithine oxoglurate	34414-83-0			
4681	oxabolone cipionate	1254-35-9	KHKDIUPVDIEHAH-KXLSUQFWSA-N		-bolone
4682	panobinostat	404950-80-7	FPOHNWQLNRZRFC-ZHACJKMWSA-N	OFM	-inostat
4683	paraoxon	311-45-5	WYMSBXTXOHUIGT-UHFFFAOYSA-N		
4684	perampanel	380917-97-5	PRMWGUBFXWROHD-UHFFFAOYSA-N	OFP	-ampanel
4686	phenothrin	26002-80-2	SBNFWQZLDJGRLK-UHFFFAOYSA-N		
4687	phenylmercuric borate	8017-88-7			-mer-
4688	phenylmercuric nitrate	55-68-5	PDTFCHSETJBPTR-UHFFFAOYSA-N		-mer-
4690	pleconaril	153168-05-9	KQOXLKOJHVFTRN-UHFFFAOYSA-N		-vir-
4691	policresulen	101418-00-2			
4692	polihexanide	32289-58-0			
4693	polynoxylin	9011-05-6			
4694	potassium bitartrate	868-14-4			
4695	potassium lactate	996-31-6			
4696	remikiren	126222-34-2	UXIGZRQVLGFTOU-VQXQMPIVSA-N		-kiren
4697	ritiometan	34914-39-1	ZBNBQISDCFIEQC-UHFFFAOYSA-N		
4698	potassium perchlorate	7778-74-7			
4699	potassium permanganate	7722-64-7			
4700	pyrethrins	8003-34-7			
4702	esatenolol	93379-54-5	METKIMKYRPQLGS-LBPRGKRZSA-N		-olol
4704	semustine	13909-09-6	FVLVBPDQNARYJU-XAHDHGMMSA-N		-mustine
4705	sodium apolate	25053-27-4			
4706	sodium aurothiomalate	12244-57-4			
4707	sodium aurotiosulfate	10210-36-3			
4708	sodium edetate	64-02-8			
4709	sodium feredetate	15708-41-5			
4713	tofacitinib	477600-75-2	UJLAWZDWDVHWOW-YPMHNXCESA-N	OFP	-citinib
4714	strontium ranelate	135459-87-9			
4715	cabozantinib	849217-68-1	ONIQOQHATWINJY-UHFFFAOYSA-N	ONP	-tinib
4730	tetramethrin	7696-12-0	CXBMCYHAMVGWJQ-UHFFFAOYSA-N		
4716	ponatinib	943319-70-8	PHXJVRSECIGDHY-UHFFFAOYSA-N	ONP	-tinib
4717	benzylpenicilloyl polylysine	31855-75-1			
4710	somatorelin	83930-13-6			-morelin
4711	spiramycin	8025-81-8			-mycin
4712	stibophen	15489-16-4			
4718	teduglutide	197922-42-2	CILIXQOJUNDIDU-ASQIGDHWSA-N		-glutide
4719	daunorubicinol	28008-55-1	HJEZFVLKJYFNQW-PRFXOSGESA-N		-rubicin
4721	lomitapide	182431-12-5	MBBCVAKAJPKAKM-UHFFFAOYSA-N	OFP	-tapide
4722	streptoduocin	8027-25-6			
4723	succinimide	123-56-8	KZNICNPSHKQLFF-UHFFFAOYSA-N		
4724	sulfatolamide	1161-88-2			sulfa-
4725	sulglicotide	54182-59-1			-tide
4726	sulodexide	57821-29-1			
4727	tacalcitol	57333-96-7	BJYLYJCXYAMOFT-RSFVBTMBSA-N		-calci-
4728	tenidap	120210-48-2	LXIKEPCNDFVJKC-QXMHVHEDSA-N		
4737	trimethyldiphenylpropylamine	13957-55-6	NSHMKXVHJBBKTN-UHFFFAOYSA-N		
4738	tyloxapol	25301-02-4			
4729	tetragalacturonic acid hydroxymethylester	53008-15-4	PHKOCTCUZMQEOT-LRVJTQDXSA-N		
4739	tyrothricin	1404-88-2			
4731	thiocolchicoside	602-41-5	LEQAKWQJCITZNK-AXHKHJLKSA-N		
4732	thioctic acid	1077-28-7	AGBQKNBQESQNJD-UHFFFAOYSA-N		
4733	thiomersal	54-64-8			-mer-
4734	ticlatone	70-10-0	POPOYOKQQAEISW-UHFFFAOYSA-N		
4735	tidiacic arginine	30986-62-0			
4736	trimegestone	74513-62-5	JUNDJWOLDSCTFK-MTZCLOFQSA-N		-gest-
4741	bedaquiline	843663-66-1	QUIJNHUBAXPXFS-XLJNKUFUSA-N	ONP	
4742	bleomycin	11056-06-7			-mycin
4848	somatropin	12629-01-5			som-
4743	etallobarbital	2373-84-4	QPADNTZLUBYNEN-UHFFFAOYSA-N		-barb-
4744	crofelemer	148465-45-6			-mer
4747	mipomersen	629167-92-6			-rsen
4762	aluminium acetotartrate	15930-12-8			
4763	aluminium glycinate	13682-92-3			
4764	aluminium nicotinate	1976-28-9			nico-
4767	aurotioprol	27279-43-2			
4768	biphenylol	90-43-7	LLEMOWNGBBNAJR-UHFFFAOYSA-N		
4769	dimethylaminopropionylphenothiazine	63834-04-8	POZJNEBUHLZROM-UHFFFAOYSA-N		
4770	dimethylcarbate	39589-98-5	VGQLNJWOULYVFV-SPJNRGJMSA-N		
4771	dimethylphthalate	131-11-3	NIQCNGHVCWTJSM-UHFFFAOYSA-N		
4772	dipiperonylaminoethanol	39961-59-6	MGIZPPBLEKKZPZ-UHFFFAOYSA-N		
4773	ethyl hydroxybenzoate	120-47-8	NUVBSKCKDOMJSU-UHFFFAOYSA-N		
4774	etohexadiol	94-96-2	RWLALWYNXFYRGW-UHFFFAOYSA-N		
4775	fluoromethylcholine (18F)	475572-73-7	PBVFROWIWWGIFK-KWCOIAHCSA-N		
4776	mepartricin	11121-32-7			-tricin
4849	glycobiarsol	116-49-4	FATAHBJTOKXSDH-UHFFFAOYSA-M		
4777	sodium perborate	10332-33-9			
4778	ridaforolimus	572924-54-0	BUROJSBIWGDYCN-GAUTUEMISA-N		-rolimus
4790	sodium hypochlorite	7681-52-9			
4799	vilanterol	503068-34-6	DAFYYTQWSAWIGS-DEOSSOPVSA-N	ONP	-terol
5698	nirsevimab	1989556-22-0			-vimab
4801	dabrafenib	1195765-45-7	BFSMGDJOXZAERB-UHFFFAOYSA-N	ONP	-rafenib
4802	trametinib	871700-17-3	LIRYPHYGHXZJBZ-UHFFFAOYSA-N	ONP	-metinib
4803	sequifenadine	57734-69-7	OXDOWGVJMITMJL-OAQYLSRUSA-N		
4793	nabiximols	56575-23-6			-nab-
4794	gramicidin	1405-97-6			-cidin
4795	sodium borate	1330-43-4			
4796	sodium propionate	137-40-6			
4797	sodium nitrite	7632-00-0			-nit-
4804	palifermin	162394-19-6			-fermin
5106	sodium chromate (51Cr)	10039-53-9			
5107	nonoxinol	26027-38-3			
5108	beractant	108778-82-1			
5115	gallium nitrate	13494-90-1			
5117	hemin	16009-13-5			
5122	ferric pyrophosphate citrate	1332-96-3			
5123	technetium Tc 99m tetrofosmin	127455-27-0			-fos-
5124	technetium (99mTc) sestamibi	109581-73-9			
4821	seractide	39295-97-1	FHOCOBKCNJYXOP-OVLDLUHVSA-N		-actide
4931	corticotropin	9002-60-2	IDLFZVILOHSSID-OVLDLUHVSA-N		cort-
4826	metreleptin	186018-45-1			-leptin
5116	bentoquatam	1340-69-8			
5121	sucroferric oxyhydroxide	8047-67-4			
4836	afamelanotide	75921-69-6	UAHFGYDRQSXQEB-PWPYQVNISA-N		-tide
4837	calcium silicate	1344-95-2			
4841	bismuth subnitrate	1304-85-4			
4842	calcium glubionate	12569-38-9			
4839	aprotinin	9087-70-1			
4840	bemiparin	9041-08-1			-parin
5702	birch bark extract				
4843	calcium lactate gluconate	11116-97-5			
4844	calcium levulinate	5743-49-7			
4845	chromium (51Cr) edetate	27849-89-4			
4846	ecallantide	460738-38-9			-tide
4847	cyanocobalamin (57Co)	13115-03-2			
4870	vorapaxar	618385-01-6	ZBGXUVOIWDMMJE-QHNZEKIYSA-N	OFM	-paxar
4851	colestilan	95522-45-5			
4852	colextran	9015-73-0			
4853	cridanimod	38609-97-1	UOMKBIIXHQIERR-UHFFFAOYSA-N		-imod
4854	crilanomer	37291-07-9			-mer
4855	conjugated estrogens	12126-59-9			-estr-
4856	sodium thiosalicylate	134-23-6	NBOMNTLFRHMDEZ-UHFFFAOYSA-N		
5703	olipudase alfa	927883-84-9			-ase
4857	estrone sulphate	7280-37-7	JKKFKPJIXZFSSB-CBZIJGRNSA-N	OFP	estr-
4858	corticorelin	86784-80-7	GBONBLHJMVUBSJ-FAUHKOHMSA-N		-relin
4860	prussian blue	14038-43-8			
4861	mebicar	10095-06-4	XIUUSFJTJXFNGH-UHFFFAOYSA-N		
4893	tipiracil	183204-74-2	QQHMKNYGKVVGCZ-UHFFFAOYSA-N	OFP	-racil
4862	nicotinyl methylamide	114-33-0	ZYVXHFWBYUDDBM-UHFFFAOYSA-N		
4863	phenibut	1078-21-3	DAFOCGYVTAOKAJ-UHFFFAOYSA-N		
4864	levomilnacipran	96847-54-0	GJJFMKBJSRMPLA-DZGCQCFKSA-N	OFP	
4879	enoxaparin sodium	679809-58-6			-parin
4892	tofogliflozin	903565-83-3	VWVKUNOPTJGDOB-BDHVOXNPSA-N		-gliflozin
4894	iguratimod	123663-49-0	ANMATWQYLIFGOK-UHFFFAOYSA-N		-imod
4895	teneligliptin	760937-92-6	WGRQANOPCQRCME-PMACEKPBSA-N		-gliptin
4896	anagliptin	739366-20-2	LDXYBEHACFJIEL-HNNXBMFYSA-N		-gliptin
4897	edoxaban	480449-70-5	HGVDHZBSSITLCT-JLJPHGGASA-N	ONP	-xaban
4904	adalimumab	331731-18-1			-umab
4906	fimasartan	247257-48-3	AMEROGPZOLAFBN-UHFFFAOYSA-N		-sartan
4907	olaparib	763113-22-0	FDLYAMZZIXQODN-UHFFFAOYSA-N	ONP	-parib
4913	paritaprevir	1216941-48-8	UAUIUKWPKRJZJV-QPLHLKROSA-N	OFM	-previr
4914	dasabuvir	1132935-63-7	NBRBXGKOEOGLOI-UHFFFAOYSA-N	OFM	-buvir
4926	magaldrate	74978-16-8			-aldrate
5355	cenobamate	913088-80-9	GFHAXPJGXSQLPT-VIFPVBQESA-N	ONP	-bamate
5356	voxelotor	1446321-46-5	FWCVZAQENIZVMY-UHFFFAOYSA-N	OFM	
5357	golodirsen	1422959-91-8			-rsen
5358	lumateperone	313368-91-1	HOIIHACBCFLJET-SFTDATJTSA-N	ONP	-perone
5359	brilliant Blue G	6104-58-1	YVNQAIFQFWTPLQ-UHFFFAOYSA-M	OFP	
5360	lemborexant	1369764-02-2	MUGXRYIUWFITCP-PGRDOPGGSA-N	ONP	-orexant
4936	parathyroid hormone	68893-82-3			
4937	alectinib	1256580-46-7	KDGFLJKFZUIJMX-UHFFFAOYSA-N	ONP	-tinib
4938	ripasudil	223645-67-8	QSKQVZWVLOIIEV-NSHDSACASA-N		-sudil
4939	vaniprevir	923590-37-8	KYLWQAGGDVJPKM-ZBVFNZHQSA-N		-previr
4960	insulin degludec	844439-96-9			
4981	insulin aspart	116094-23-6			
4984	ibritumomab tiuxetan	206181-63-7			-xetan
4985	insulin detemir	169148-63-4			
4993	vonoprazan	881681-00-1	BFDBKMOZYNOTPK-UHFFFAOYSA-N	ONP	-prazan
4982	vedolizumab	943609-66-3			-zumab
4983	obinutuzumab	949142-50-1			-zumab
4998	aluminum acetate	139-12-8			
5002	insulin lispro	133107-64-9			
5003	insulin human	11061-68-0			
5005	mirodenafil	862189-95-5	YIEAVVIJPFEHCX-UHFFFAOYSA-N		-afil
4999	elosulfase alfa	9025-60-9			-ase
5037	cariprazine	839712-12-8	KPWSJANDNDDRMB-QAQDUYKDSA-N	ONP	
5056	patiromer calcium	1415477-49-4			
5057	insulin glulisine	207748-29-6			
5058	ozenoxacin	245765-41-7	XPIJWUTXQAGSLK-UHFFFAOYSA-N	OFM	-oxacin
5042	somatrem	82030-87-3			som-
5043	sacrosidase	85897-35-4			-ase
5055	idarucizumab	1362509-93-0			-zumab
5059	lusutrombopag	1110766-97-6	NOZIJMHMKORZBA-KJCUYJGMSA-N	ONP	-trombopag
5060	esflurbiprofen	51543-39-6	SYTBZMRGLBWNTM-JTQLQIEISA-N		-profen
5062	osimertinib	1421373-65-0	DUYJMQONPNNFPI-UHFFFAOYSA-N	ONP	-tinib
5090	arterolane	664338-39-0	BRJULSXZDFYSPG-MSMJXPJBSA-N		arte-
5075	lesinurad	878672-00-5	FGQFOYHRJSUHMR-UHFFFAOYSA-N	OFM	-inurad
5076	ferric maltol	33725-54-1			
5077	selexipag	475086-01-2	QXWZQTURMXZVHJ-UHFFFAOYSA-N	OFP	-nepag
5078	lobeglitazone	607723-33-1	CHHXEZSCHQVSRE-UHFFFAOYSA-N		-glitazone
5079	nemonoxacin	378746-64-6	AVPQPGFLVZTJOR-RYUDHWBXSA-N		-oxacin
3067	carbon tetrachloride	56-23-5	VZGDMQKNWNREIO-UHFFFAOYSA-N		
5125	hydracarbazine	3614-47-9	WRYZEGZNBYOMLE-UHFFFAOYSA-N		
5156	Gallium Ga 68 dotatate	1051369-72-2			
5185	gallium (68Ga) edotreotide	459831-08-4			-reotide
5217	cytisine	485-35-8	ANJTVLIZGCUXLD-DTWKUNHWSA-N		
5127	arcitumomab	154361-48-5			-omab
5128	ferric carboxymaltose	53858-86-9			
5134	catridecacog	606138-08-3			-cog
5227	valbenazine	1025504-45-3	GEJDGVNQKABXKG-CFKGEZKQSA-N	OFP	
5207	nusinersen	1258984-36-9			-rsen
5208	plecanatide	467426-54-6	NSPHQWLKCGGCQR-DLJDZFDSSA-N		-tide
5222	niraparib	1038915-60-4	PCHKPVIQAHNQLW-CQSZACIVSA-N	ONP	-parib
5221	avelumab	1537032-82-8			-umab
5212	tasonermin	94948-59-1			-nermin
5232	abaloparatide	247062-33-5	BVISQZFBLRSESR-XSCWXTNMSA-N		-tide
5233	brigatinib	1197953-54-0	AILRADAXUVEEIR-UHFFFAOYSA-N	ONP	-tinib
5235	cenegermin	1772578-74-1			-ermin
5242	voxilaprevir	1535212-07-7	MZBLZLWXUBZHSL-FZNJKFJKSA-N	ONP	-previr
5243	glecaprevir	1365970-03-1	MLSQGNCUYAMAHD-ITNVBOSISA-N	ONP	-previr
5245	corifollitropin alfa	195962-23-3			
5247	inotuzumab ozogamicin	635715-01-4			-zumab
5257	butylphthalide	6066-49-5	HJXMNVQARNZTEE-UHFFFAOYSA-N		
5629	tildipirosin	328898-40-4	HNDXPZPJZGTJLJ-UEJFNEDBSA-N		
5259	abemaciclib	1231929-97-7	UZWDCWONPYILKI-UHFFFAOYSA-N	ONP	-ciclib
5267	semaglutide	910463-68-2	YAADDGYZMCRWRC-CIIFZSTISA-N		-glutide
5372	elexacaftor	2216712-66-0	MVRHVFSOIWFBTE-INIZCTEOSA-N	ONP	-caftor
5406	oliceridine	1401028-24-7	DMNOVGJWPASQDL-OAQYLSRUSA-N	OFM	-eridine
5407	risdiplam	1825352-65-5	ASKZRYGFUPSJPN-UHFFFAOYSA-N	ONP	-plam
5417	bulevirtide	2012558-47-1			-virtide
5414	lonafarnib	193275-84-2	DHMTURDWPRKSOA-RUZDIDTESA-N	OFP	-farnib
5416	setmelanotide	920014-72-8	HDHDTKMUACZDAA-PHNIDTBTSA-N	ONP	-tide
5425	dotinurad	1285572-51-1	VOFLAIHEELWYGO-UHFFFAOYSA-N		-inurad
5426	delgocitinib	1263774-59-9	LOWWYYZBZNSPDT-ZBEGNZNMSA-N	ONP	-citinib
5431	tirbanibulin	897016-82-9	HUNGUWOZPQBXGX-UHFFFAOYSA-N	ONP	-bulin
5439	vericiguat	1350653-20-1	QZFHIXARHDBPBY-UHFFFAOYSA-N	ONP	-ciguat
5440	cabotegravir	1051375-10-0	WCWSTNLSLKSJPK-LKFCYVNXSA-N	ONP	-tegravir
5441	umbralisib	1532533-67-7	IUVCFHHAEHNCFT-INIZCTEOSA-N	OFM	-lisib
5442	trilaciclib	1374743-00-6	PDGKHKMBHVFCMG-UHFFFAOYSA-N	ONP	-ciclib
5443	casimersen	1422958-19-7			-rsen
5705	valoctocogene roxaparvovec	1819334-78-5			
5444	fosdenopterin	150829-29-1	CZAKJJUNKNPTTO-AJFJRRQVSA-N	OFP	fos-
5445	melphalan flufenamide	380449-51-4	YQZNKYXGZSVEHI-VXKWHMMOSA-N	OFM	-mustine
5446	ponesimod	854107-55-4	LPAUOXUZGSBGDU-ULCCENQXSA-N	ONP	-imod
5447	dasiglucagon	1544300-84-6	RZRMFQMNPDPAIX-AJTOSFMRSA-N		-glutide
5448	serdexmethylphenidate	1996626-30-2	UBZPNQRBUOBBLN-PWRODBHTSA-N	ONP	
5450	estetrol	15183-37-6	AJIPIJNNOJSSQC-NYLIRDPKSA-N	OFP	estr-
5611	ractopamine	97825-25-7	YJQZYXCXBBCEAQ-UHFFFAOYSA-N		-opamine
5458	piflufolastat F-18	1207181-29-0	OLWVRJUNLXQDSP-MVBOSPHXSA-N	ONP	-stat
5459	infigratinib	872511-34-7	QADPYRIHXKWUSV-UHFFFAOYSA-N	OFM	-tinib
5460	samidorphan	852626-89-2	RYIDHLJADOKWFM-UHFFFAOYSA-N	ONP	-orph-
5511	mavacamten	1642288-47-8	RLCLASQCAPXVLM-NSHDSACASA-N	ONP	
5516	tirzepatide	2023788-19-2	BTSOGEDATSQOAF-MCNPHUAVSA-N		-tide
5522	2-mercaptobenzothiazole	149-30-4	YXIWHUQXZSMYRE-UHFFFAOYSA-N		
5612	robenacoxib	220991-32-2	ZEXGDYFACFXQPF-UHFFFAOYSA-N		-coxib
5523	dichlorvos	62-73-7	OEBRKCOSUFCWJD-UHFFFAOYSA-N		-vos
5524	diclazuril	101831-37-2	ZSZFUDFOPOMEET-UHFFFAOYSA-N		
5525	difloxacin	98106-17-3	NOCJXYPHIIZEHN-UHFFFAOYSA-N		-oxacin
5526	diprenorphine	14357-78-9	OIJXLIIMXHRJJH-KNLIIKEYSA-N		-orphine
5527	dirlotapide	481658-94-0	TUOSYWCFRFNJBS-BHVANESWSA-N		-tapide
5613	robenidine	25875-51-8	MOOFYEJFXBSZGE-LQGKIZFRSA-N		-nidine
5603	bambermycin	11015-37-5	FUIOWSNNCWZETH-NAMXWVJMSA-N		-mycin
5604	ponazuril	69004-04-2	VBUNOIXRZNJNAD-UHFFFAOYSA-N		
5606	pradofloxacin	195532-12-8	LZLXHGFNOWILIY-APPDUMDISA-N		-oxacin
5610	rabacfosadine	859209-74-8	ANSPEDQTHURSFQ-KBPBESRZSA-N		-fos-
5605	porcine pituitary-derived follicle stimulating hormone	9002-68-0			
5614	romifidine	65896-16-4	KDPNLRQZHDJRFU-UHFFFAOYSA-N		
5615	salinomycin	53003-10-4	KQXDHUJYNAXLNZ-XQSDOZFQSA-N		-mycin
5616	sarolaner	1398609-39-6	FLEFKKUZMDEUIP-QFIPXVFZSA-N		-laner
5617	selamectin	220119-17-5	AFJYYKSVHJGXSN-XHKIUTQPSA-N		-ectin
5618	semduramicin	113378-31-7	WINSLRIENGBHSH-ASZYJFLUSA-N		-micin
5619	sulfachloropyrazine	102-65-8	QKLPUVXBJHRFQZ-UHFFFAOYSA-N		
5620	sulfabromomethazine	116-45-0	KWXCNODTHBHSIQ-UHFFFAOYSA-N		sulfa-
5621	sulfaethoxypyridazine	963-14-4	FFJIWWBSBCOKLS-UHFFFAOYSA-N		-sulfa-
5622	sulfaquinoxaline	59-40-5	NHZLNPMOSADWGC-UHFFFAOYSA-N		sulfa-
5623	sulfomyxin	1405-52-3	IBXMIMUNGWUQJT-LBLHMCFUSA-N		
5624	tepoxalin	103475-41-8	XYKWNRUXCOIMFZ-UHFFFAOYSA-N		
5626	bismuth subcarbonate	5892-10-4	MGLUJXPJRXTKJM-UHFFFAOYSA-L		
5627	thiostrepton	1393-48-2	NSFFHOGKXHRQEW-GCBDTZBBSA-N		
5628	tiamulin	55297-95-5	UURAUHCOJAIIRQ-QGLSALSOSA-N		-mulin
5742	talquetamab	2226212-40-2			-amab
5630	tiletamine	14176-49-9	QAXBVGVYDCAVLV-UHFFFAOYSA-N		
5631	boldenone undecylenate	13103-34-9	AHMMSNQYOPMLSX-CNQKSJKFSA-N		bol-
5632	tilmicosin	108050-54-0	JTSDBFGMPLKDCD-XVFHVFLVSA-N		
5634	toceranib	356068-94-5	SRSGVKWWVXWSJT-ATVHPVEESA-N		-anib
3587	tetrachloroethylene	127-18-4	CYTYCFOTNPOANT-UHFFFAOYSA-N		
5636	trenbolone acetate	10161-34-9	CMRJPMODSSEAPL-FYQPLNBISA-N		-olone
5637	tricaine	582-33-2	ZMCBYSBVJIMENC-UHFFFAOYSA-N		-caine
5640	tulathromycin	217500-96-4	GUARTUJKFNAVIK-QPTWMBCESA-N		-mycin
5635	toluene	108-88-3	YXFVVABEGXRONW-UHFFFAOYSA-N		
5641	bunamidine	3748-77-4	FGGFIMIICGZCCJ-UHFFFAOYSA-N		
5642	tylosin	1401-69-0	WBPYTXDJUQJLPQ-VMXQISHHSA-N		-mycin
5644	xylazine	7361-61-7	BPICBUSOMSTKRF-UHFFFAOYSA-N		
5645	zilpaterol	119520-05-7	ZSTCZWJCLIRCOJ-DGCLKSJQSA-N		-terol
5646	dinitolmide	148-01-6	ZEFNOZRLAWVAQF-UHFFFAOYSA-N		
5647	zolazepam	31352-82-6	GDSCFOSHSOWNDL-UHFFFAOYSA-N		-azepam
5648	copper naphthenate	1338-02-9	SEVNKWFHTNVOLD-UHFFFAOYSA-L		
5651	tigilanol tiglate	943001-56-7	YLQZMOUMDYVSQR-FOWZUWBHSA-N		
5653	verdinexor	1392136-43-4	OPAKEJZFFCECPN-XQRVVYSFSA-N		-nexor
5650	potassium bromide	7758-02-3	IOLCXVTUBQKXJR-UHFFFAOYSA-M		
5654	butamisole	54400-59-8	YWDWYOALXURQPZ-CYBMUJFWSA-N		
5655	cambendazole	26097-80-3	QZWHWHNCPFEXLL-UHFFFAOYSA-N		-bendazole
5656	capromorelin	193273-66-4	KVLLHLWBPNCVNR-SKCUWOTOSA-N		-morelin
5657	carbadox	6804-07-5	OVGGLBAWFMIPPY-UHFFFAOYSA-N		-dox
5658	carbomycin	4564-87-8	FQVHOULQCKDUCY-OGHXVOSASA-N		-mycin
5282	burosumab	1610833-03-8			-umab
5660	afoxolaner	1093861-60-9	OXDDDHGGRFRLEE-UHFFFAOYSA-N		-laner
5661	castor oil	8001-79-4	ZEMPKEQAKRGZGQ-AAKVHIHISA-N		
5662	cefovecin	234096-34-5	ZJGQFXVQDVCVOK-QFKLAVHZSA-N		cef-
5663	ceftiofur	80370-57-6	ZBHXIWJRIFEVQY-IHMPYVIRSA-N		cef-
5677	deucravacitinib	1609392-27-9	BZZKEPGENYLQSC-FIBGUPNXSA-N	ONP	-tinib
5679	taurursodiol	14605-22-2	BHTRKEVKTKCXOH-LBSADWJPSA-N	OFM	
5680	futibatinib	1448169-71-8	KEIPNCCJPRMIAX-HNNXBMFYSA-N	ONP	-tinib
5681	gadopiclenol	933983-75-6	BVEYRIUDZCWBRJ-UHFFFAOYSA-L	ONP	gado-
5678	eflapegrastim	1384099-30-2			-grastim
5687	ferric derisomaltose	1345510-43-1			
5688	carotegrast methyl	401905-67-7	MMHHPKCJJIFLBQ-QFIPXVFZSA-N		-tegrast
5691	mirvetuximab soravtansine	1453084-37-1			-ximab
5692	teplizumab	876387-05-2			-lizumab
5713	zavegepant	1337918-83-8	JJVAPHYEOZSKJZ-JGCGQSQUSA-N	ONP	-gepant
5714	trofinetide	853400-76-7	BUSXWGRAOZQTEY-SDBXPKJASA-N	ONP	-ritide
5728	ritlecitinib	1792180-81-4	CBRJPFGIXUFMTM-WDEREUQCSA-N	ONP	-citinib
5729	fezolinetant	1629229-37-3	PPSNFPASKFYPMN-SECBINFHSA-N	ONP	-netant
5731	durlobactam	1467829-71-5	BISPBXFUKNXOQY-RITPCOANSA-N	ONP	-bactam
5733	tofersen	2088232-70-4	AZBXTZOFHIRMCD-UHFFFAOYSA-N		-rsen
5730	perfluorohexyloctane	133331-77-8	WRYIIOKOQSICTB-UHFFFAOYSA-N	ONP	perflu-
5744	motixafortide	664334-36-5	PJCFOQMKZQWVAL-KZGZZEQFSA-N		-tide
5748	zilucoplan	1841136-73-9	JDXCOXKBIGBZSK-PSNKNOTQSA-N		
5755	eplontersen	1637600-16-8			-rsen
5797	rilzabrutinib	1575596-30-7	LCFFREMLXLZNHE-GBOLQPHISA-N	ONP	-brutinib
5798	remibrutinib	1787294-07-8	CUABMPOJOBCXJI-UHFFFAOYSA-N	ONP	-brutinib
5800	aficamten	2364554-48-1	IOVAZWDIRCRMTM-OAHLLOKOSA-N	ONP	-camten
5801	sepiapterin	17094-01-08	VPVOXUSPXFPWBN-VKHMYHEASA-N	ONP	-pterin
5161	pancrelipase	53608-75-6			-ase
5803	tradipitant	622370-35-8	CAVRKWRKTNINFF-UHFFFAOYSA-N	ONP	-pitant
5804	elinzanetant	929046-33-3	DWRIJNIPBUFCQS-DQEYMECFSA-N	ONP	-netant
5805	sepetaprost	1262873-06-2	BKVUSNOUTQMSBE-XCMGCKIWSA-N		-prost
5806	elamipretide	736992-21-5	SFVLTCAESLKEHH-WKAQUBQDSA-N	ONP	-tide
5808	mirdametinib	1013101-36-4	SUDAHWBOROXANE-SECBINFHSA-N	ONP	-metinib
5811	resmetirom	920509-32-6	FDBYIYFVSAHJLY-UHFFFAOYSA-N	ONP	-tirom
5812	aprocitentan	1103522-45-7	DKULOVKANLVDEA-UHFFFAOYSA-N	ONP	-entan
5813	givinostat		YALNUENQHAQXEA-UHFFFAOYSA-N	ONP	-inostat
5816	danicopan	1903768-17-1	PIBARDGJJAGJAJ-NQIIRXRSSA-N	ONP	-copan
5819	tovorafenib	1096708-71-2	VWMJHAFYPMOMGF-ZCFIWIBFSA-N	ONP	-rafenib
5820	mavorixafor	558447-26-0	WVLHHLRVNDMIAR-IBGZPJMESA-N	ONP	-ixafor-
5817	zenocutuzumab				-tuzumab
5824	elafibranor	923978-27-2	AFLFKFHDSCQHOL-IZZDOVSWSA-N	ONP	
5825	gumarontinib	1642581-63-2	RYBLECYFLJXEJX-UHFFFAOYSA-N		-tinib
5826	ensifentrine	497223-25-3	IZGVQNHSBPKKRO-UHFFFAOYSA-N	ONP	-fentrine
5828	deuruxolitinib	1513883-39-0	HFNKQEVNSGCOJV-FBXGHSCESA-N	ONP	-citinib
5829	vorasidenib	1644545-52-7	QCZAWDGAVJMPTA-RNFRBKRXSA-N	ONP	-sidenib
5830	seladelpar	851528-79-5	JWHYSEDOYMYMNM-QGZVFWFLSA-N	ONP	-delpar
5832	lazertinib	1903008-80-9	RRMJMHOQSALEJJ-UHFFFAOYSA-N	ONP	-tinib
5831	axatilimab-csfr				-mab
5835	tasurgratinib	1622204-21-0	IBHOLSBDZMIPPT-UHFFFAOYSA-N		-tinib
5836	inavolisib	2060571-02-8	SGEUNORSOZVTOL-CABZTGNLSA-N	ONP	-lisib
5838	sulopenem etzadroxil		NBPVNGWRLGHULH-CSOWVJSESA-N	ONP	-penem
5840	revumenib	2169919-21-3	FRVSRBKUQZKTOW-UHFFFAOYSA-N	ONP	-menib
5496	maribavir	176161-24-3	KJFBVJALEQWJBS-XUXIUFHCSA-N	ONP	-vir
5504	abrocitinib	1622902-68-4	IUEWXNHSKRWHDY-PHIMTYICNA-N	ONP	-citinib
5391	sacituzumab govitecan	1491917-83-9			-zumab
5163	nonacog alfa	181054-95-5			-nonacog
5040	chymotrypsin	9004-07-3			-ase
5041	technetium (99mTc) nofetumomab merpentan	165942-79-0			
4885	dulaglutide	923950-08-7			-glutide
4751	fomivirsen	160369-77-7			-rsen
5044	reteplase	133652-38-7			-ase
5284	erenumab	1582205-90-0			-umab
728	colestipol	50925-79-6			
4930	thyrotropin alfa	194100-83-9			
4932	imiglucerase	154248-97-2			-ase
4933	tocilizumab	375823-41-9			-zumab
4934	secukinumab	1229022-83-6			-umab
4935	palivizumab	188039-54-5			-zumab
5084	eftrenonacog alfa	1270012-74-2			-nonacog
1358	heparin	9005-49-6			-parin
2956	escin	6805-41-0			
4965	denosumab	615258-40-7			-umab
4966	ustekinumab	815610-63-0			-umab
4967	golimumab	476181-74-5			-umab
4968	certolizumab pegol	428863-50-7			-zumab
4969	eculizumab	219685-50-4			-zumab
4970	natalizumab	189261-10-7			-zumab
4971	ranibizumab	347396-82-1			-zumab
4972	omalizumab	242138-07-4			-zumab
5086	besilesomab	537694-98-7			-omab
4974	infliximab	170277-31-3			-ximab
4391	chondroitin sulfate-iron complex	54391-57-0			
4859	creosote	8001-59-0			
4905	pegaptanib	222716-86-1			-apt-
4940	basiliximab	179045-86-4			-ximab
4994	rasburicase	134774-45-1			-ase
5000	evolocumab	1256937-27-5			-umab
5061	mepolizumab	196078-29-2			-zumab
5063	daratumumab	945721-28-8			-umab
5074	policosanol	142583-61-7			
1356	halothane	151-67-7	BCQZXOMGPXTTIC-UHFFFAOYSA-N	OFM	-flurane
5176	pegloticase	885051-90-1			-ase
3272	guaiazulen	489-84-9	FWKQNCXZGNBPFD-UHFFFAOYSA-N		
5179	brodalumab	1174395-19-7			-umab
5180	talimogene laherparepvec	1187560-31-1			-gene
1366	hexamethonium	60-26-4	VZJFGSRCJCXDSG-UHFFFAOYSA-N		-ium
5584	n-butyl chloride	109-69-3	VFWCMGCRMGJXDK-UHFFFAOYSA-N		
5093	reslizumab	241473-69-8			-zumab
5385	isatuximab	1461640-62-9			-ximab
5318	elapegademase	1709806-75-6			-ase
5082	pegaspargase	130167-69-0			-ase
5319	inotersen 	1492984-65-2			-rsen
3017	benzalkonium	139-07-1	CYDRXTMLKJDRQH-UHFFFAOYSA-N		-ium
5706	teclistamab	2119595-80-9			-amab
5717	lecanemab	1260393-98-3			-emab
5718	velmanase				-ase
5719	retifanlimab	2079108-44-2			-imab
5722	mirikizumab	1884201-71-1			-kizumab
5723	ozoralizumab	1167985-17-2			-lizumab
5734	epcoritamab	2134641-34-0			-amab
5736	glofitamab	2229047-91-8			-tamab
5740	pozelimab	2096328-94-6			-imab
2102	perflubron	423-55-2	WTWWXOGTJWMJHI-UHFFFAOYSA-N	OFM	perflu-
5850	efanesoctocog alfa	2252477-42-0			-cog
4200	magnesium chloride	7786-30-3			
5852	gallium (68Ga) chloride				
4201	calcium chloride	10043-52-4			
5849	sugemalimab				-mab
5851	cinaxadamtase alfa				-ase
5105	rilonacept	501081-76-1			-nacept
5397	inebilizumab	1299440-37-1			-zumab
1365	hexafluronium	317-52-2	HDZAQYPYABGTCL-UHFFFAOYSA-N	OFM	-ium
345	betacarotene	7235-40-7	OENHQHLEOONYIE-JLTXGRSLSA-N	OFM	-arotene
5409	satralizumab	1535963-91-7			-zumab
5413	somapacitan	1338578-34-9			som-
5415	lumasiran	1834610-13-7			-siran
5449	evinacumab	1446419-85-7			-umab
5436	atoltivimab	2135632-29-8			-vimab
5437	maftivimab	2135632-36-7			-vimab
5438	odesivimab	2135632-30-1			-vimab
5451	dostarlimab	2022215-59-2			-imab
5454	etesevimab	2423948-94-9			-imab
5455	casirivimab	2415933-42-3			-imab
5456	imdevimab	2415933-40-1			-imab
5457	pegcetacoplan	2019171-69-6			
5707	eladocagene exuparvovec	2098615-91-7			
5720	pegunigalsidase alfa	1644392-61-9			-ase
5822	insulin icodec				
5823	imetelstat				-stat
5827	donanemab-azbt				-mab
5833	odronextamab				-tamab
4446	iodine	7553-56-2	PNDPGZBMCMUPRI-UHFFFAOYSA-N		-io-
4499	hydrofluoric acid	7664-39-3	KRHYYFGTRYWZRS-UHFFFAOYSA-N		
4521	manganese chloride	7773-01-5			
4530	cupric chloride	7447-39-4	ORTQZVOHEJQUHG-UHFFFAOYSA-L	OFP	
4543	ferrous chloride	7758-94-3	NMCUIPGRVMDVDB-UHFFFAOYSA-L		
5118	chromic chloride	10025-73-7	QSWDMMVNRMROPK-UHFFFAOYSA-K	OFP	
4579	iodoform	75-47-8	OKJPEAGHQZHRQV-UHFFFAOYSA-N		
4617	lycopene	502-65-8	OAIJSZIZWZSQBC-GYZMGTAESA-N		
4636	sodium hydroxide	1310-73-2			
4685	perflenapent	678-26-2	NJCBUSHGCBERSK-UHFFFAOYSA-N		perfl-
4789	mercuric iodide	7774-29-0	YFDLHELOZYVNJE-UHFFFAOYSA-L		-mer-
5263	benralizumab	1044511-01-4			-zumab
5264	vestronidase alfa	1638194-78-1			-ase
5265	lonoctocog alfa	1388129-63-2			-octocog
5162	nadroparin calcium	37270-89-6			
5230	cerliponase alfa	151662-36-1			-ase
5234	durvalumab	1428935-60-7			-umab
5164	peginterferon alfa-2b	215647-85-1			
5165	methoxy polyethylene glycol-epoetin beta	677324-53-7			-poetin
5204	ferumoxytol	722492-56-0			
5205	interferon alfa-2b	98530-12-2			
5338	ropeginterferon alfa-2b	1335098-50-4			
5340	pegvaliase				-ase
5365	crizanlizumab	1690318-25-2			-zumab
5099	octocog alfa	139076-62-3			-octocog
5463	amivantamab	2171511-58-1			-tamab
5464	aducanumab	1384260-65-4			-umab
5354	givosiran	1639325-43-1			-siran
5363	brolucizumab	1531589-13-5			-zumab
5364	luspatercept	1373715-00-4			-tercept
5488	pabinafusp alfa	2140211-48-7			-fusp
5336	andexanet alfa	1262449-58-0			
5337	risankizumab	1612838-76-2			-zumab
5199	taliglucerase alfa	37228-64-1			-ase
5498	inclisiran	1639324-58-5			-siran
5499	efgartigimod alfa	1821402-21-4			-imod
5562	iron dextran	9004-66-4			
5500	tezepelumab	1572943-04-4			-umab
5501	regdanvimab	2444308-95-4			-vimab
5508	ganaxolone	38398-32-2	PGTVWKLGGCQMBR-FLBATMFCSA-N		-olone
5721	cipaglucosidase alfa	2359727-71-0			-ase
5514	relatlimab	1673516-98-7			-mab
5515	faricimab	1607793-29-2			-imab
5517	somatrogon	1663481-09-1			som-
5815	sotatercept-csrk				-cept
5839	marstacimab-hncq				
5549	gelatin	9000-70-8			
5561	iodinated casein	9005-97-4			io-
5581	attapulgite	12174-11-7			
5592	orgotein	1569268-91-2			-dismase
5853	catumaxomab	509077-98-9			-mab
5802	narsoplimab-wuug				-mab
5855	beremagene geperpavec	2241888-62-8			
5856	sipavibart	2768288-97-5			
5859	pegulicianine	2230217-17-9			
5862	sibeprenlimab-szsi	2382896-07-1			-mab
5863	berahyaluronidase alfa	2636716-20-4			
5237	sarilumab	1189541-98-7			-umab
5088	alefacept	222535-22-0			-lefacept
5089	abatacept	332348-12-6			-tacept
5216	crisantaspase	1349719-22-7			-ase
5224	dupilumab	1190264-60-8			-umab
5225	sodium zirconium cyclosilicate	242800-27-7			
5807	serplulimab				-mab
5814	crovalimab-akkz				-mab
5810	letibotulinumtoxina\t				
5818	nogapendekin alfa inbakicept				-pendekin
5821	tarlatamab				-mab
