id	struct_id	approval	type	applicant	orphan
4268	5391	2020-04-04	FDA	IMMUNOMEDICS INC	f
4269	5392	2020-05-06	FDA	NOVARTIS PHARM	t
4270	5392	2020-06-29	PMDA	Novartis Pharma K.K.	t
4271	5393	2020-05-08	FDA	LOXO ONCOLOGY INC	t
4272	5394	2020-05-15	FDA	DECIPHERA PHARMS	t
4273	5395	2020-05-20	FDA	ZIONEXA	
4274	247	2020-05-26	FDA	AMIVAS	t
4275	5396	2020-05-28	FDA	AVID RADIOPHARMS INC	
4276	5397	2020-06-11	FDA	VIELA BIO	t
4277	5398	2020-06-15	FDA	JAZZ	t
4278	5399	2020-06-30	FDA	ULTRAGENYX PHARM INC	t
4279	5400	2020-07-02	FDA	ACACIA	
4280	5400	2020-01-23	PMDA	Anerem	
4281	5401	2020-07-02	FDA	ViiV Healthcare Company	
4282	5402	2020-07-07	FDA	OTSUKA	t
4283	5403	2020-07-24	FDA	DR REDDYS LABS SA	
4284	5404	2020-07-31	FDA	MORPHOSYS US INC	t
4285	5405	2020-05-08	FDA	GLAXOSMITHKLINE	t
4286	5405	2020-08-25	EMA	GlaxoSmithKline (Ireland) Limited	t
4287	1929	2020-06-08	FDA	BAYER HEALTHCARE	t
4288	5406	2020-08-07	FDA	TREVENA INC	
4289	5407	2020-08-07	FDA	GENENTECH INC	t
4290	5408	2020-08-12	FDA	NIPPON SHINYAKU	t
4291	5408	2020-03-25	PMDA	Nippon Shinyaku	t
4292	5409	2020-08-14	FDA	GENENTECH	t
4293	5410	2020-08-26	FDA	CASSIOPEA SPA	
4294	5411	2020-09-03	FDA	RADIOMEDIX	t
4295	5412	2020-09-04	FDA	BLUEPRINT MEDICINES	t
4296	5376	2020-03-07	EMA	Gilead Sciences Ireland UC	
4297	5376	2020-10-22	FDA	GILEAD SCIENCES INC	
4298	5413	2020-08-28	FDA	NOVO NORDISK INC	
4299	5414	2020-11-20	FDA	EIGER BIOPHARMACEUTICALS INC	t
4300	5415	2020-11-23	FDA	ALNYLAM PHARMS INC	t
4301	5415	2020-11-19	EMA	Alnylam Netherlands B.V.	t
4302	5416	2020-11-25	FDA	RHYTHM PHARMACEUTICALS INC	t
4303	5416	2018-11-19	EMA	Rhythm Pharmaceuticals Limited	t
4304	5417	2020-07-31	EMA	MYR GmbH	t
4305	5418	2020-08-26	EMA	Hansa Biopharma AB	t
4306	5352	2020-04-23	EMA	Shionogi B.V.	
4307	5364	2020-06-25	EMA	Celgene Europe B.V.	t
4308	5379	2020-09-24	EMA	Blueprint Medicines (Netherlands) B.V.	t
4309	5383	2020-05-20	EMA	Bristol-Myers Squibb Pharma EEIG	
4310	5385	2020-05-30	EMA	Sanofi-Aventis groupe	t
4311	5419	2020-09-24	EMA	Gilead Sciences Ireland UC	
4312	5419	2020-09-25	PMDA	Gilead Sciences	
4313	5420	2020-06-29	PMDA	Mitsubishi Tanabe Pharma	
4314	5421	2020-06-29	PMDA	GlaxoSmithKline	
4315	5422	2020-03-25	PMDA	Stella Pharma	
4316	5423	2020-03-25	PMDA	Ono Pharmaceutical	t
4317	5424	2020-03-25	PMDA	Merck KGaA	t
4318	5425	2020-01-23	PMDA	Fuji Yakuhin	
4319	5426	2020-01-23	PMDA	Japan Tobacco	
4320	5427	2020-09-25	PMDA	Japan Tabacco	
4321	5428	2020-09-25	PMDA	Kaken Pharmaceutical	
4322	5429	2020-12-01	FDA	UNIV CA LOS ANGELES	
4323	5430	2020-12-03	FDA	BIOCRYST	t
4324	5431	2020-12-14	FDA	ALMIRALL	
4424	5432	2019-08-01	PMDA	Takeda Pharmaceutical Company Limited	
4425	5432	2020-12-18	FDA	MYOVANT SCIENCES	
4426	5433	2020-12-21	FDA	RIDGEBACK BIOTHERAPEUTICS	t
4427	5434	2020-12-16	FDA	MACROGENICS INC	
4428	5435	2020-11-25	FDA	Y-MABS THERAPEUTICS INC	t
4429	5436	2020-10-14	FDA	REGENERON PHARMACEUTICALS	t
4430	5437	2020-10-14	FDA	REGENERON PHARMACEUTICALS	t
4431	5438	2020-10-14	FDA	REGENERON PHARMACEUTICALS	t
4432	5360	2020-01-23	PMDA	Eisai Co., Ltd	
4433	5225	2020-03-25	PMDA	AstraZeneca K.K.	
4434	4966	2020-03-25	PMDA	Janssen Pharmaceutical K.K.	
4435	2646	2020-01-23	PMDA	Aska Pharmaceutical Co., Ltd	
4436	5002	2020-03-25	PMDA	Eli Lilly Japan K.K.	
4437	2994	2020-03-25	PMDA	Eli Lilly Japan K.K.	
4438	4901	2020-03-25	PMDA	Sanofi K.K.	
4439	4815	2013-05-24	PMDA	Sanofi K.K.	
4440	760	2020-02-21	PMDA	Novartis Pharma K.K.	
4441	913	2020-01-23	PMDA	Ferring Pharmaceuticals Co., Ltd.	
4442	871	2020-01-23	PMDA	Mochida Pharmaceutical Co., Ltd.	
4443	4684	2020-01-23	PMDA	Eisai Co., Ltd.	
4444	1826	2020-02-21	PMDA	Alfresa Pharma Corporation	t
4445	1672	2020-03-25	PMDA	Nobelpharma Co., Ltd	
4446	4168	2020-03-25	PMDA	Sumitomo Dainippon Pharma Co., Ltd.	
4447	5363	2020-03-25	PMDA	Novartis Pharma K.K.	
4448	4061	2020-03-25	PMDA	Senju Pharmaceutical Co., Ltd	
4449	395	2020-03-25	PMDA	Senju Pharmaceutical Co., Ltd	
4450	4916	2020-03-25	PMDA	Bayer Yakuhin, Ltd	t
4451	3483	2020-01-23	PMDA	MSD K.K.	
4452	5295	2020-01-14	PMDA	MSD K.K.	t
4453	5346	2020-01-23	PMDA	AbbVie GK	
4454	5089	2020-02-21	PMDA	Bristol-Myers Squibb K.K.	
4455	5061	2016-03-28	PMDA	GlaxoSmithKline K.K.	t
4456	5334	2020-01-23	PMDA	Bayer Yakuhin, Ltd	
4457	4923	2014-07-04	PMDA	Ono Pharmaceutical Co., Ltd	t
4458	4923	2015-06-19	EMA	Bristol-Myers Squibb	
4459	1482	2020-03-25	PMDA	Nihon Servier Co., Ltd	
4460	4715	2020-03-25	PMDA	Takeda Pharmaceutical Company Limited	
4461	5367	2020-03-25	PMDA	Daiichi Sankyo Company, Limited	
4462	2638	2019-03-26	PMDA	Sumitomo Dainippon Pharma	
4463	5067	2017-03-30	PMDA	Takeda Pharmaceutical Company Limited	t
4464	438	2020-03-25	PMDA	Otsuka Pharmaceutical Co., Ltd	
4465	5173	2020-03-25	PMDA	Shire Japan K.K.	t
4466	5376	2020-05-07	PMDA	Gilead Sciences K.K.	
4467	5278	2019-03-26	PMDA	Janssen Pharmaceutical K.K.	
4468	4628	2014-03-24	PMDA	Astellas Pharma Inc	
4469	4904	2008-04-16	PMDA	AbbVie GK	t
4470	5326	2020-06-29	PMDA	Novartis Pharma K.K.	
4471	5143	2020-06-29	PMDA	Ono Pharmaceutical Co., Ltd	
4472	1545	2002-07-05	PMDA	Ono Pharmaceutical Co., Ltd	t
4473	1545	2016-06-29	EMA	AOP Orphan Pharmaceuticals AG	
4474	4110	2010-10-27	PMDA	Otsuka Pharmaceutical Co., Ltd	t
4475	5409	2020-06-29	PMDA	Chugai Pharmaceutical Co., Ltd.	t
4476	5281	2020-06-29	PMDA	Sun Pharma Japan Ltd.	
4477	5385	2020-06-29	PMDA	Sanofi K.K.	
4478	1164	2020-06-29	PMDA	Hisamitsu Pharmaceutical Co., Inc.	
4479	4359	2014-09-26	PMDA	Pfizer Japan Inc	t
4480	1980	2020-08-21	PMDA	Novartis Pharma K.K., Sandoz K.K.	
4481	5189	2016-09-28	PMDA	CSL Behring K.K.	
4482	4990	2013-09-20	PMDA	Chugai Pharmaceutical Co., Ltd	
4483	770	2020-08-21	PMDA	Nippon Shinyaku Co., Ltd.	
4484	4924	2016-09-28	PMDA	MSD K.K.	t
4485	4934	2014-12-26	PMDA	Novartis Pharma	t
4486	5372	2020-08-21	EMA	Vertex Pharmaceuticals (Ireland) Limited	t
4487	4228	2020-08-21	EMA	Vertex Pharmaceuticals (Ireland) Limited	t
4488	5276	2020-08-21	EMA	Vertex Pharmaceuticals (Ireland) Limited	t
4489	5311	2020-12-23	FDA	UROVANT SCIENCES GMBH	
4490	5439	2021-01-19	FDA	MERCK SHARP DOHME	
4491	5440	2021-01-21	FDA	Viiv HLTHCARE	
4492	4366	2021-01-22	FDA	AURINIA PHARMA U.S.	
4493	5424	2021-02-03	FDA	EMD SERONO INC	t
4494	5441	2021-02-05	FDA	TG THERAPEUTICS Inc	t
4495	5442	2021-02-12	FDA	G1 THERAPEUTICS Inc	
4496	5443	2021-02-25	FDA	SAREPTA THERAPS INC	t
4497	5444	2021-02-26	FDA	ORIGIN	t
4498	5445	2021-02-26	FDA	ONCOPEPTIDES AB	t
4499	5446	2021-03-18	FDA	JANSSEN PHARMACEUTICALS Inc	
4500	5447	2021-03-22	FDA	ZEALAND PHARMA AS	
4501	2820	2021-04-02	FDA	SUPERNUS PHARMS	
4502	5448	2021-03-02	FDA	COMMCAVE THERAPEUTICS SA	
4503	5258	2021-03-10	FDA	AVEO PHARMACEUTICALS, Inc	
4504	5449	2021-02-11	FDA	REGENERON PHARMACEUTICALS	t
4505	5450	2021-04-15	FDA	MAYNE PHARMA	
4506	5451	2021-04-21	EMA	GlaxoSmithKline (Ireland) Limited	
4507	5451	2021-04-22	FDA	GLAXOSMITHKLINE	
4508	5452	2021-04-23	FDA	ADC Therapeutics SA	t
4509	2994	2021-02-02	EMA	XERIS PHARMACEUTICALS IRELAND LIMITED	
4510	5389	2021-02-11	EMA	SEAGEN B.V	
4511	5314	2021-02-08	EMA	ASTRAZENECA AB	
4512	5401	2021-02-04	EMA	ViiV HEALTHCARE B.V.	
4513	5367	2021-01-18	EMA	DAIICHI SANKYO EUROPE GmbH	
4514	5323	2021-01-07	EMA	STEMLINE THERAPEUTICS B.V.	
4515	5301	2021-01-07	EMA	ROCHE REGISTRATION GmbH	
4516	1551	2021-01-07	EMA	AERIE PHARMACEUTICALS IRELAND LIMITED	
4517	5355	2021-03-26	EMA	ARVELLE THERAPEUTICS NETHERLANDS B.V.	
4518	2419	2021-03-26	EMA	TEVA B.V.	
4519	1225	2021-03-26	EMA	TEVA B.V.	
4520	5347	2021-02-08	EMA	CELGENE EUROPE BV	
4521	5400	2021-03-26	EMA	PAION Netherlands B.V.	
4522	1413	2021-03-26	EMA	Amarin Pharmaceuticals Ireland Limited	
4523	5413	2021-03-31	EMA	Novo Nordisk A/S	
4524	5393	2021-02-11	EMA	Eli Lilly Nederland B.V.	
4525	2638	2021-03-26	EMA	RIEMSER Pharma GmbH	
4526	4519	2021-04-30	EMA	Advicenne S.A.	
4527	4520	2021-04-30	EMA	Advicenne S.A.	
4528	5390	2021-03-26	EMA	Incyte Biosciences Distribution B.V.	t
4529	5407	2021-03-26	EMA	Roche Registration GmbH	t
4530	5453	2020-11-11	FDA	Eli Lilly and Company	
4531	5454	2020-11-09	FDA	Eli Lilly and Company	
4532	5455	2020-11-21	FDA	Regeneron Pharmaceuticals, Inc.	
4533	5456	2020-11-21	FDA	Regeneron Pharmaceuticals, Inc.	
4534	5457	2021-05-14	FDA	APELLIS PHARMACEUTICALS INC	t
4535	5458	2021-05-26	FDA	PROGENICS PHARMS INC	
4536	5459	2019-06-28	FDA	QED THERAP	t
4537	5460	2021-05-28	FDA	ALKERMES INC	
4538	5461	2021-05-28	FDA	AMGEN INC	t
4539	5462	2021-06-01	FDA	SCYNEXIS	
4540	5463	2021-05-21	FDA	JANSSEN BIOTECH	
4541	5464	2021-06-07	FDA	BIOGEN INC	
4542	5465	2021-07-09	FDA	BAYER HLTHCARE	
4543	5466	2021-07-16	FDA	SANOFI	t
4544	5467	2021-07-16	FDA	KADMON PHARMA LLC	t
4545	5468	2021-07-20	FDA	ALBIREO PHARMA INC	t
4546	5469	2021-08-13	FDA	MERCK SHARP DOHME	t
4547	5470	2021-08-23	FDA	CARA THERAPEUTICS INC	
4548	5471	2021-09-15	FDA	TAKEDA PHARMS USA	t
4549	5472	2021-09-28	FDA	ABBVIE INC	
4550	5473	2021-09-29	FDA	MIRUM PHARMA INC	t
4551	5474	2021-07-30	FDA	ASTRAZENECA AB	
4552	5475	2021-08-06	FDA	GENZYME CORP	t
4553	5476	2021-08-25	FDA	ASCENDIS PHARMA ENCOCRINOLOGY DIV A/S	t
4554	5477	2021-09-20	FDA	SEAGEN	
4555	5478	2021-08-20	EMA	UCB Pharma S.A.	
4556	5371	2021-08-18	EMA	ASTELLAS PHARMA EUROPE B.V.	
4557	4167	2021-08-18	EMA	MYLAN IRELAND LIMITED	
4558	5431	2021-07-16	EMA	ALMIRALL S.A.	
4559	5439	2021-07-16	EMA	BAYER AG	
4560	5468	2021-07-16	EMA	ALBIREO	
4561	5479	2021-07-16	EMA	LEO PHARMA A/S	
4562	5480	2021-08-26	EMA	BIOMARIN INTERNATIONAL LIMITED	t
4563	5404	2021-08-26	EMA	INCYTE BIOSCIENCES DISTRIBUTION B.V.	t
4564	5330	2021-03-26	EMA	Karyopharm Europe GmbH	
4565	5430	2021-04-30	EMA	BioCryst Ireland Limited	t
4566	5296	2021-05-19	EMA	Verastem Europe GmbH	
4567	5450	2021-05-19	EMA	Gedeon Richter Plc; Estetra SPRL	
4568	968	2021-05-19	EMA	Gedeon Richter Plc; Estetra SPRL	
4569	5446	2021-05-19	EMA	Janssen-Cilag International N.V.	
4570	1388	2021-05-27	EMA	Diurnal Europe B.V.	
4571	5449	2021-06-17	EMA	Regeneron Ireland Designated Activity Company (DAC)	
4572	5409	2021-06-24	EMA	Roche Registration GmbH	t
4573	1423	2001-11-07	EMA	Novartis Europharm Limited	
4574	5432	2021-07-16	EMA	Gedeon Richter Plc.	
4575	5481	2019-03-26	PMDA	ASTELLAS PHARMA	
4576	5482	2021-06-23	PMDA	SANWA KAGAKU KENKYUSHO Co., Ltd.	
4577	5483	2021-06-23	PMDA	SUMITOMO DAINIPPON PHARMA Co., Ltd.	
4578	4973	2021-06-23	PMDA	HUYA JAPAN G.K.	t
4579	5484	1992-12-31	PMDA	SHIONOGI & Co., Ltd.	
4580	2046	2021-05-27	PMDA	TAIHO PHARMACEUTICAL Co., Ltd.	
4581	4958	2015-07-03	PMDA	BRISTOL-MYERS SQUIBB K.K	t
4582	5439	2021-06-23	PMDA	BAYER YAKUHIN, Ltd.	
4583	5407	2021-06-23	PMDA	CHUGAI PHARMACEUTICAL Co., Ltd.	t
4584	4718	2021-06-23	PMDA	TAKEDA PHARMACEUTICAL COMPANY LIMITED	t
4585	5354	2021-06-23	PMDA	ALNYLAM JAPAN K.K	t
4586	5315	2021-06-23	PMDA	OTSUKA PHARMACEUTICAL Co., Ltd.	
4587	5284	2021-06-23	PMDA	AMGEN K.K.	
4588	5342	2021-06-23	PMDA	MSD K.K.	t
4589	5380	2021-06-23	PMDA	EISAI Co., Ltd.	
4590	5275	2021-06-23	PMDA	FUJIFILM TOYAMA CHEMICAL Co., Ltd.	
4591	1622	2021-06-23	PMDA	FUJIFILM TOYAMA CHEMICAL Co., Ltd.	
4592	1549	2021-06-23	PMDA	FUJIFILM TOYAMA CHEMICAL Co., Ltd.	
4593	4948	2021-06-23	PMDA	OHARA PHARMACEUTICAL Co.,Ltd.	t
4594	5368	2019-12-20	PMDA	GlaxoSmithKline K.K.	
4595	4987	2021-06-23	PMDA	KYOWA KIRIN Co., Ltd.	
4596	1859	2021-06-25	PMDA	CHUGAI PHARMACEUTICAL Co., Ltd	
4597	5455	2021-07-19	PMDA	CHUGAI PHARMACEUTICAL Co., Ltd	
4598	5456	2021-07-19	PMDA	CHUGAI PHARMACEUTICAL Co., Ltd	
4599	5077	2021-08-25	PMDA	NIPPON SHINYAKU Co., Ltd	t
4600	5033	2021-08-25	PMDA	Janssen Pharmaceutical, K.K.	t
4601	1447	2021-08-25	PMDA	FUJI YAKUHIN Co., Ltd	
4602	824	2021-08-25	PMDA	NICHI - IKO PHARMACEUTICAL Co., Ltd.	
4603	758	2019-03-26	PMDA	SHIONOGI & Co., Ltd.	
4604	4631	2021-08-25	PMDA	MARUISHI PHARMACEUTICAL Co., Ltd	
4605	4133	2021-08-25	PMDA	MYLAN SEIYAKU Ltd	
4606	4212	2021-01-22	PMDA	NIHON PHARMACEUTICAL CO., LTD.	
4607	4290	2021-01-22	PMDA	NIHON PHARMACEUTICAL CO., LTD.	
4608	5485	2021-01-22	PMDA	NIHON PHARMACEUTICAL CO., LTD.	
4609	5486	2021-01-22	PMDA	BAYER YAKUHIN, Ltd	
4610	4269	2021-01-22	PMDA	NOBELPHARMA Co., Ltd	
4611	5487	2021-01-22	PMDA	ONO PHARMACEUTICAL Co., Ltd	
4612	5488	2021-03-23	PMDA	JCR Pharmaceuticals Co., Ltd.	t
4613	5489	2021-03-23	PMDA	Seikagaku Corporation	
4614	5490	2021-08-01	PMDA	DAIICHI SANKYO COMPANY, LIMITED	
4615	5491	2019-08-01	PMDA	DAIICHI SANKYO COMPANY, LIMITED	
4616	4452	2021-02-24	PMDA	Maruho Co., Ltd.	
4617	4538	2021-03-23	PMDA	Japan Tobacco Inc.	
4619	5384	2021-03-23	PMDA	Recordati Rare Diseases Japan K.K.	
4620	5232	2021-03-23	PMDA	Teijin Pharma Limited	
4621	5316	2021-01-22	PMDA	Eli Lilly Japan K.K.	
4622	4182	2012-01-18	PMDA	Bayer Yakuhin, Ltd.	
4623	4337	2021-03-23	PMDA	GlaxoSmithKline K.K.	t
4624	906	2021-01-22	PMDA	Kyorin Pharmaceutical Co Ltd	t
4625	4928	2006-01-23	PMDA	SERONO JAPAN	
4626	5153	2021-03-23	PMDA	Nihon Medi-Physics Co., Ltd.	
4627	2616	2021-02-24	PMDA	Fujimoto Pharmaceutical Corporation	t
4628	5397	2021-03-23	PMDA	Mitsubishi Tanabe Pharma Corporation	t
4629	4951	2021-03-23	PMDA	Novartis Pharma K.K.	t
4630	157	2021-03-23	PMDA	Insmed GK	
4631	5430	2021-01-22	PMDA	ORPHAN PACIFIC, Inc	t
4632	865	2021-03-23	PMDA	Hisamitsu Pharmaceutical Co., Inc	
4633	5260	2021-01-22	PMDA	ASTRAZENECA K.K.	
4634	5233	2021-01-22	PMDA	TAKEDA PHARMACEUTICAL COMPANY LIMITED	
4635	786	2021-02-24	PMDA	Meiji Seika Pharma Co., Ltd	
4639	5087	2021-03-23	PMDA	Eisai Co., Ltd.	
4640	5305	2021-03-23	PMDA	Bayer Yakuhin, Ltd.	t
4641	5333	2021-03-23	PMDA	Chugai Pharmaceutical Co., Ltd	t
4642	4942	2015-03-26	PMDA	Eisai Co., Ltd.	t
4643	5390	2021-03-23	PMDA	Incyte Biosciences Japan GK	t
4644	302	2010-09-27	PMDA	SymBio Pharmaceuticals Limited	t
4645	25	2011-01-21	PMDA	Nippon Shinyaku Co., Ltd.	t
4646	4585	2008-10-16	PMDA	Bayer Yakuhin	
4647	5228	2021-01-22	PMDA	FUJIMOTO PHARMACEUTICAL CORPORATION	
4648	640	2021-06-23	PMDA	MSD K.K.	
4649	1426	2021-06-23	PMDA	MSD K.K.	t
4650	4909	2014-09-26	PMDA	SANOFI K.K.	t
4651	2352	2008-06-24	PMDA	Banyu Pharmaceutical Co., Ltd.	t
4652	2801	2004-11-05	PMDA	Tanabe Seiyaku Co., Ltd.	t
4653	4174	2012-05-18	PMDA	JANSSEN PHARMACEUTICAL K.K.	t
4654	4622	2016-12-19	PMDA	ASTELLAS PHARMA INC.	
4655	4713	2013-03-25	PMDA	Pfizer Japan Inc.	
4656	5062	2016-03-28	PMDA	AstraZeneca K.K.	
4657	269	2019-02-21	PMDA	ASPEN JAPAN K.K.; MITSUBISHI TANABE PHARMA CORPORATION	
4658	276	2000-03-10	PMDA	PFIZER	
4659	380	2013-06-28	PMDA	TOA EIYO LTD.	
4660	475	1999-03-12	PMDA	Takeda Pharmaceutical Company Limited	
4661	817	2019-06-18	PMDA	FERRING PHARMACEUTICALS CO., LTD.	
4662	1112	2019-03-26	PMDA	BRISTOL-MYERS SQUIBB K.K.	
4663	1128	2008-04-16	PMDA	ASAHI KASEI PHARMA CORPORATION	
4749	1241	2019-03-26	PMDA	CLINIGEN K.K.	
4750	1751	2019-03-26	PMDA	PFIZER JAPAN INC.	
4751	1792	2019-01-08	PMDA	ONO PHARMACEUTICAL CO., LTD.	t
4752	1876	2019-08-01	PMDA	OTSUKA PHARMACEUTICAL CO., LTD.	
4753	2373	2001-11-21	PMDA	Schering-Plough	
4754	2589	2007-07-26	PMDA	Schering-Plough K.K.	
4755	4135	2019-03-26	PMDA	SHIONOGI & CO., LTD.	
4756	4164	2010-01-20	PMDA	Novo Nordisk Pharma Ltd	
4757	4192	2013-09-20	PMDA	PFIZER	t
4758	4486	2019-02-21	PMDA	TAISHO PHARMACEUTICAL CO., LTD.	t
4759	4746	2015-03-26	PMDA	CELGENE K.K.	t
4760	4782	2019-03-26	PMDA	FUJIMOTO PHARMACEUTICAL CORPORATION	
4761	4866	2016-03-28	PMDA	NOVARTIS PHARMA K.K.	
4762	4978	2005-01-19	PMDA	WYETH LEDERLE JAPAN, WYETH	
4763	5071	2019-06-18	PMDA	ELI LILLY JAPAN K.K.	
4764	5128	2019-03-26	PMDA	ZERIA PHARMACEUTICAL CO., LTD.	
4765	5297	2019-08-01	PMDA	PFIZER JAPAN INC.	
4766	5313	2019-06-18	PMDA	ALNYLAM JAPAN K.K.	t
4767	5318	2019-03-26	PMDA	TEIJIN PHARMA LIMITED	t
4768	5362	2019-08-01	PMDA	AMGEN ASTELLAS BIOPHARMA K.K.	
4769	242	2006-01-23	PMDA	Otsuka Pharmaceutical Co., Ltd	
4770	480	2003-04-16	PMDA	CHUGAI PHARMACEUTICAL CO., LTD.	
4771	1546	2020-12-12	PMDA	TEIJIN PHARMA LIMITED	t
4772	2806	2000-09-22	PMDA	Ciba-Geigy Japan	
4773	1802	2020-09-25	PMDA	TAKEDA PHARMACEUTICAL COMPANY LIMITED	t
4774	2029	2020-10-29	PMDA	SHIONOGI PHARMA CO., LTD	
4775	2711	2020-09-25	PMDA	NIPPON ZOKI PHARMACEUTICAL CO., LTD.	
4776	4304	2014-03-24	PMDA	BRISTOL-MYERS	
4777	4310	2016-07-04	PMDA	UCB Japan Co., Ltd.	
4778	4498	2013-09-20	PMDA	JANSSEN PHARMACEUTICAL K.K.	
4779	4554	2009-04-22	PMDA	GlaxoSmithKline K.K.	
4780	5222	2020-09-25	PMDA	TAKEDA PHARMACEUTICAL COMPANY LIMITED	
4781	5289	2019-01-08	PMDA	Ono Pharmaceutical Co., Ltd.	t
4782	5290	2019-01-08	PMDA	ONO PHARMACEUTICAL CO., LTD.	t
4783	5322	2019-06-18	PMDA	ALEXION PHARMA GK	t
4141	5375	1951-01-01	PMDA		
4142	5326	2020-01-13	EMA	Novartis Europharm Limited	
4143	5280	2020-01-09	EMA	Instituto Grifols S.A.	
4144	5325	2020-01-16	EMA	Jazz Pharmaceuticals Ireland Limited	
4145	5363	2020-02-13	EMA	Novartis Europharm Limited	
4146	1426	2020-02-13	EMA	Merck Sharp & Dohme B.V.	
4147	5354	2020-03-02	EMA	Alnylam Netherlands B.V.	t
4148	5334	2020-03-27	EMA	Bayer AG	
4149	5201	2020-03-27	EMA	Pfizer Europe MA EEIG	
4150	2720	2020-04-03	EMA	SciPharm Sarl	t
4151	5379	2020-01-09	FDA	BLUEPRINT MEDICINES	t
4152	5380	2020-01-23	FDA	EPIZYME INC	t
4153	5381	2020-02-27	FDA	BIOHAVEN PHARM	
4154	179	2020-02-26	FDA	ACACIA PHARMA LTD	
4155	5382	2020-02-21	FDA	ESPERION THERAPS INC	
4156	1534	2020-02-12	FDA	BRAINTREE LABS	
4157	5382	2020-04-01	EMA	FGK Representative Service GmbH	
4158	5383	2020-03-25	FDA	CELGENE INTL	
4159	5384	2020-03-06	FDA	RECORDATI RARE	t
4160	5384	2020-01-09	EMA	Novartis Europharm Limited	t
4161	5385	2020-03-02	FDA	SANOFI AVENTIS US	t
4162	5386	2020-02-21	FDA	Lundbeck Seattle BioPharmaceuticals, Inc.	
4163	5387	2020-01-21	FDA	HORIZON THERAPEUTICS IRELAND	t
4165	5143	2020-04-24	FDA	NEUROCRINE	
4166	5388	2020-04-10	FDA	ASTRAZENECA LP	t
4167	5389	2020-04-17	FDA	SEATTLE GENETICS	t
4168	5390	2020-04-17	FDA	INCYTE CORP	t
3655	3578	2018-07-20	FDA	GLAXOSMITHKLINE	t
3656	5176	2013-01-08	EMA	Crealta Pharmaceuticals Ireland Limited	
3657	5179	2017-07-17	EMA	LEO Pharma A/S	
3658	5185	2019-08-21	FDA	UIHC PET IMAGING	t
3659	5186	2017-01-18	EMA	Merck Sharp & Dohme B.V.	
3660	5202	2018-05-31	FDA	ELI LILLY AND CO	
3661	5203	2018-05-24	EMA	Clovis Oncology UK Limited	t
3662	5204	2012-06-15	EMA	Takeda Pharma A/S	
3663	5214	2017-09-18	EMA	Ipsen Pharma	t
3664	5218	2017-08-22	EMA	Novartis Europharm Ltd	
3665	5221	2017-09-18	EMA	Merck Europe B.V.	t
3666	5222	2017-11-16	EMA	Tesaro UK Limited	t
3667	5223	2018-08-01	EMA	Roche Registration GmbH	
3668	5224	2017-07-03	EMA	sanofi-aventis groupe	
3669	5225	2018-03-22	EMA	AstraZeneca AB	
3670	5225	2018-05-18	FDA	ASTRAZENECA PHARMS	
3671	5231	2017-09-18	EMA	Novartis Europharm Ltd	t
3672	5243	2017-07-26	EMA	AbbVie Deutschland GmbH & Co. KG	
3673	5244	2017-07-26	EMA	AbbVie Deutschland GmbH & Co. KG	
3674	5246	2017-11-10	EMA	Janssen-Cilag International N.V.	
3675	5247	2017-08-17	FDA	WYETH PHARMS INC	t
3676	5262	2018-01-08	EMA	Merck Sharp & Dohme Limited	t
3677	5263	2018-01-08	EMA	AstraZeneca AB	
3678	5267	2018-02-08	EMA	Novo Nordisk A/S	
3679	5268	2018-02-23	EMA	Roche Registration Limited	
3680	5270	2018-03-21	EMA	Merck Sharp & Dohme Limited	
3681	5274	2018-06-21	EMA	Gilead Sciences International Limited	
3682	5275	2017-09-26	EMA	Advanced Accelerator Applications	t
3683	5279	2018-03-06	FDA	TAIMED BIOLOGICS USA	t
3684	5187		FDA		
3685	5190		FDA		
3686	5191		FDA		
3687	5192		FDA		
3688	5193	1960-06-08	FDA	MERCK	
3689	5194		FDA		
3690	5196		FDA	FERRING	
3691	5217		Health Canada		
3692	5236		China Food and Drug Administration (CFDA)		
3693	5280	2018-04-17	FDA	RIGEL PHARMS INC	
3694	5281	2018-03-20	FDA	SUN PHARMA GLOBAL	
3695	5282	2018-04-17	FDA	ULTRAGENYX PHARM INC	t
3696	5283	2018-04-19	FDA	HELSINN HLTHCARE	
3697	1593	2018-05-16	FDA	US WORLDMEDS LLC	
3698	5284	2018-05-17	FDA	AMGEN INC	
3699	5285	2018-05-21	FDA	AKARX INC	t
3700	5286	2018-06-13	FDA	MDGH	t
3701	5287	2018-06-25	FDA	ACHAOGEN INC	
3702	5288	2018-06-25	FDA	GW RESEARCH LTD	t
3703	5289	2018-06-27	FDA	ARRAY BIOPHARMA INC	t
3704	5290	2018-06-27	FDA	ARRAY BIOPHARMA INC	t
3705	5290	2018-09-20	EMA	Pierre Fabre Medicament	
3706	5252	2018-08-08	EMA	PUMA BIOTECH INC	
3708	2448	2007-03-20	EMA	MERCK SHARP DOHME	
3710	5259	2018-09-26	EMA	Eli Lilly Nederland B.V.	
3711	1539	1996-08-08	EMA	VIIV HLTHCARE	
3712	5014	2018-07-27	EMA	OTSUKA PHARM CO LTD	
3714	4979	2000-08-28	EMA	ROCHE REGISTRATION GMBH	
3716	4980	2018-04-04	EMA	PFIZER EUROPE MA EEIG	t
3717	2760		PMDA	EISAI CO., LTD	
3718	5282	2018-02-02	EMA	KYOWA KIRIN LIMITED	t
3719	5264	2018-08-23	EMA	ULTRAGENYX PHARM INC	t
3720	4823	2018-04-13	EMA	BIOCRYST UK LIMITED	
3721	4826	2018-07-29	EMA	AEGERION PHARMACEUTICALS B.V.	t
3722	5173	2018-08-08	EMA	BAXALTA INNOVATIONS GMBH	
3723	5233	2018-09-22	EMA	TAKEDA PHARMA A/S	
3724	5234	2018-09-21	EMA	ASTRAZENECA AB	
3725	209	2004-11-15	EMA	SHIRE PHARMACEUTICALS IRELAND LIMITED	t
3726	2073	2004-09-20	EMA	ELI LILLY NEDERLAND B.V.	f
3727	3317	2007-06-14	EMA	CELEGENE EUROPE BV	t
3728	4113	2009-02-24	EMA	DAIICHI SANKYO EUROPE GMBH	
3729	4188	1999-08-25	EMA	APOTEX EUROPE BV	
3730	5291	2018-07-13	FDA	SIGA TECHNOLOGIES	t
3731	5292	2018-07-20	FDA	AGIOS PHARMS INC	t
3732	5293	2018-07-23	FDA	ABBVIE INC 	
3733	5059	2018-07-31	FDA	SHIONOGI INC	
3734	5110	2018-08-08	FDA	AMICUS THERAPS US	t
3735	2480	2018-08-20	FDA	BIOCODEX SA	t
3736	5294	2018-08-27	FDA	TETRAPHASE PHARMS	
3737	5294	2018-09-20	EMA	TETRAPHASE PHARMS	
3738	5295	2018-08-30	FDA	MSD MERCK CO	
3739	5295	2018-11-22	EMA	MERCK SHARP & DOHME B.V.	
3740	5296	2018-09-24	FDA	VERASTEM INC	t
3741	5297	2018-09-27	FDA	PFIZER INC	t
3742	5298	2018-10-01	FDA	ALLERGAN INC	
3743	5299	2018-10-02	FDA	PARATEK PHARMS INC	
3744	5300	2018-10-16	FDA	PFIZER INC	
3745	5301	2018-10-24	FDA	GENENTECH INC	
3746	5301	2018-02-23	PMDA	Shionogi & Co., Ltd.	
3748	5302	2018-09-21	PMDA	Pfizer Japan Inc	
3749	5302	2018-09-21	FDA	PFIZER INC	t
3750	5303	2018-11-09	FDA	MYLAN IRELAND LTD	
3751	4817	2018-11-16	FDA	COSMO TECHNOLOGIES	
3752	5304	2018-11-21	FDA	PFIZER INC	t
3753	5305	2018-11-26	FDA	LOXO ONCOLOGY INC	t
3754	4336	2018-11-28	FDA	CATALYST PHARMS	t
3755	5306	2018-09-21	PMDA	Astellas Pharma Inc	t
3756	5306	2018-11-28	FDA	ASTELLAS	t
3757	3502	2018-12-14	FDA	SHIRE DEV LLC	
3758	5307	2018-03-23	PMDA	Kyowa Hakko Kirin Co., Ltd.	
3759	5308	2018-08-30	EMA	ABLYNX NV	t
3760	5284	2018-07-26	EMA	NOVARTIS EUROPHARM LIMITED	
3761	5309	2018-08-23	FDA	DYAX CORP	t
3762	5309	2018-11-22	EMA	SHIRE PHARMACEUTICALS IRELAND LTD	t
3763	5281	2018-09-17	EMA	ALMIRALL SA	
3764	5310	2018-03-23	PMDA	Seikagaku Corporation	
3765	5311	2018-09-21	PMDA	Kyorin Pharmaceutical Co., Ltd.	
3766	5312	2018-09-21	PMDA	Santen Pharmaceutical Co., Ltd.	
3767	4086	2017-06-26	PMDA	Fuji Chemical Industries Co., Ltd.	
3768	1407	2018-01-19	PMDA	Senju Pharmaceutical Co., Ltd.	
3769	3521	2018-03-23	PMDA	Takeda Pharmaceutical Company Limited	
3770	5207	2017-07-03	PMDA	Biogen Japan Ltd	t
4082	5366	2019-12-18	FDA	ASTELLAS	
3771	5014	2018-01-19	PMDA	Otsuka Pharmaceutical Co., Ltd.	
3772	5186	2017-09-27	PMDA	MSD KK	
3773	4741	2018-01-19	PMDA	Janssen Pharmaceutical KK	
3774	4873	2018-03-23	PMDA	Bayer Yakuhin Ltd.	
3775	5262	2018-03-23	PMDA	MSD KK	
3776	5202	2017-07-03	PMDA	Eli Lilly Japan KK	
3777	5237	2017-09-27	PMDA	SANOFI KK	
3778	4949	2017-09-27	PMDA	GlaxoSmithKline KK	
3780	5224	2018-01-19	PMDA	Sanofi KK	
3781	5263	2018-01-19	PMDA	AstraZeneca KK	
3782	5246	2018-03-23	PMDA	Janssen Pharmaceutical KK	
3783	5267	2018-03-23	PMDA	Novo Nordisk Pharma Ltd	
3784	5110	2018-03-23	PMDA	Amicus Therapeutics Inc	
3785	4301	2017-09-27	PMDA	Nihon Medi-Physics Co Ltd	
3786	4117	2017-07-03	PMDA	Mundipharma KK	
3787	4119	2017-07-03	PMDA	Celgene KK	
3788	4941	2017-09-27	PMDA	Pfizer Japan Inc	
3789	5063	2017-09-27	PMDA	Janssen Pharmaceutical KK	t
3790	5221	2017-09-27	PMDA	Merck Serono Co., Ltd.	t
3791	5151	2018-01-19	PMDA	Chugai Pharmaceutical Co., Ltd.	t
3792	5247	2018-01-19	PMDA	Pfizer Japan Inc	
3793	4907	2018-01-19	PMDA	AstraZeneca KK	t
3794	5268	2018-03-23	PMDA	Chugai Pharmaceutical Co., Ltd.	
3795	5265	2017-09-27	PMDA	CSL Behring KK	
3796	4180	2018-07-02	PMDA	Astellas Pharma Inc	
3797	4982	2018-07-02	PMDA	Takeda Pharmaceutical Company Limited	
3798	5234	2018-07-02	PMDA	AstraZeneca KK	
3799	4711	2018-07-02	PMDA	Sanofi KK	t
3800	4983	2018-07-02	PMDA	Chugai Pharmaceutical Co., Ltd.	
3801	4186	2018-09-21	PMDA	Shire Japan KK	t
3802	5259	2018-09-21	PMDA	Eli Lilly Japan KK	
3803	4915	2018-09-21	PMDA	Amgen Astellas Biopharma KK	
3805	5031	2018-08-08	FDA	KYOWA KIRIN	t
3806	5313	2018-10-08	FDA	ALNYLAM PHARMS INC	t
3807	5314	2018-09-13	FDA	ASTRAZENECA AB	t
3808	5315	2018-09-14	FDA	TEVA PHARMS USA	
3809	5316	2018-09-27	FDA	ELI LILLY AND CO	
3810	5317	2018-09-28	FDA	REGENERON PHARMACEUTICALS 	
3811	5318	2018-10-05	FDA	LEADIANT BIOSCI INC	t
3812	5319	2018-10-05	FDA	AKCEA THERAPS	t
3813	5320	2018-11-20	FDA	NOVIMMUNE S.A.	t
3814	5321	2018-12-20	FDA	SERVIER PHARMA LLC 	t
3815	5322	2018-12-21	FDA	ALEXION PHARM	t
3816	5323	2018-12-21	FDA	STEMLINE THERAPEEUTICS INC	t
3817	2734	2019-02-13	FDA	NOVARTIS PHARMS CORP	
3818	4192	2019-03-05	FDA	FOLDRX PHARMS	t
3819	434	2019-06-19	EMA	L. Molteni & C. dei Fratelli Alitti Società di Esercizio S.p.A.	
3820	5315	2019-03-28	EMA	TEVA GMBH	
3821	4337	2019-06-20	EMA	MYLAN SAS	
3823	5278	2019-01-14	EMA	JANSSEN-CILAG INTERNATIONAL N.V.	
3824	5059	2019-02-18	EMA	SHIONOGI B.V.	
3825	5220	2019-02-18	EMA	SHIONOGI B.V.	
3826	5271	2019-01-11	EMA	AETERNA ZENTARIS GMBH	
3827	5322	2019-02-07	EMA	ALEXION EUROPE SAS	
3828	5317	2019-06-28	EMA	REGENERON IRELAND U.C.	
3829	2684	2011-07-20	EMA	MYLAN IRELAND LIMITED	t
3830	5297	2019-02-04	EMA	PFIZER EUROPE MA EEIG	
3831	5324	2019-03-19	FDA	SAGE THERAPEUTICS	
3931	5325	2019-03-20	FDA	JAZZ	t
3932	5326	2019-03-26	FDA	NOVARTIS PHARMS CORP	
3933	5327	2019-04-12	FDA	JANSSEN BIOTECH	
3934	5328	2019-04-24	FDA	NOVARTIS PHARMS CORP	
3935	5329	2019-06-21	FDA	AMAG PHARMS INC	
3936	5330	2019-07-03	FDA	KARYOPHARM THERAPEUTICS INC	t
3937	5331	2019-02-01	FDA	EVOLUS INC	
3938	5308	2019-02-06	FDA	ABLYNX NV	t
3939	5332	2019-05-24	FDA	NOVARTIS PHARMS CORP	t
3940	5333	2019-06-10	FDA	GENENTECH	t
3941	5333	2018-04-16	EMA	ROCHE REGISTRATION LIMITED, UK	t
3942	5076	2019-07-25	FDA	SHIELD TX UK LTD	
3943	5334	2019-07-30	FDA	BAYER HEALTHCARE PHARMACEUTICALS INC	
3944	5335	2019-05-03	EMA	Akcea Therapeutics Ireland Limited	t
3945	5336	2019-04-26	EMA	Portola Netherlands BV	
3946	5336	2018-05-03	FDA	Portola Pharamceuticals US	
3947	5337	2019-03-26	PMDA	AbbVie Deutschland GmbH & Co KG	
3948	5337	2019-04-23	FDA	AbbVie INC	
3949	5337	2019-04-26	EMA	AbbVie Deutschland GmbH & Co KG	
4036	5338	2019-02-15	EMA	AOP Orphan Pharmaceuticals AG	t
4037	5339	2019-04-26	EMA	SANOFI-AVENTIS GROUPE	
4038	5340	2019-05-03	EMA	BIOMARIN INTERNATIONAL LIMITED	t
4039	5340	2018-05-24	FDA	BIOMARIN PHARM	t
4040	5341	2019-06-18	PMDA	DAIICHI SANKYO COMPANY, LIMITED	t
4041	4468	2019-05-03	FDA	JANSSEN PHARMS	
4042	1399	2019-07-01	EMA	NOVA LABORATORIES IRELAND LIMITED	
4043	5300	2019-06-20	EMA	PFIZER EUROPE MA EEIG	
4044	5302	2019-06-06	EMA	PFIZER EUROPE MA EEIG	
4045	2044	2019-05-10	EMA	TEVA BV	
4046	5342	2019-06-16	FDA	MSD MERCK CO	
4047	5343	2019-08-02	FDA	DAIICHI SANKYO INC	t
4049	5048	2019-08-14	FDA	HARMONY	
4050	5344	2019-08-14	FDA	MYLAN IRELAND LTD	t
4051	5345	2019-08-15	FDA	GENENTECH INC	t
4052	5346	2019-08-16	FDA	ABBVIE INC	
4053	5347	2019-08-16	FDA	IMPACT	t
4054	5348	2019-08-19	FDA	NABRIVA	
4055	4882	2019-08-27	FDA	KYOWA KIRIN	
4057	5349	2019-09-12	FDA	ARDELYX INC	
4058	5350	2019-10-04	FDA	GALDERMA R AND D	
4059	4836	2019-10-08	FDA	CLIVUNEL INC	
4060	4550	2019-10-10	FDA	FEINSTEIN	
4061	5269	2019-11-19	EMA	AERIE PHARMACEUTICALS IRELAND LTD	
4062	691	2019-11-14	EMA	ORPHELIA PHARMA SAS	
4063	391	2019-11-14	EMA	FRESENIUS KABI DEUTSCHLAND GMBH	
4064	244	2019-11-14	EMA	ACCORD HEALTHCARE SLU	
4065	5306	2019-10-24	EMA	ASTELLAS PHARMA EUROPE BV	t
4066	5351	2019-11-10	FDA	ELI LILLY AND CO	
4067	5352	2019-11-14	FDA	SHIONOGI INC	
4068	5353	2019-11-14	FDA	BEIGENE USA INC	t
4069	5354	2019-11-20	FDA	ALNYLAM PHARMS INC	t
4070	5355	2019-11-21	FDA	SK LIFE SCIENCE INC	
4071	5356	2019-11-25	FDA	GLOBAL BLOOD THERAPEUTICS INC	t
4073	5357	2019-12-12	FDA	SAREPTA THERAPS INC	t
4074	5358	2019-12-20	FDA	INTRA-CELLULAR	
4075	5359	2019-12-20	FDA	DUTCH OPHTHALMIC	t
4076	5360	2019-12-20	FDA	EISAI INC	
4077	5361	2019-12-23	FDA	ALLERGAN	
4078	5362	2019-04-09	FDA	AMGEN INC	
4079	5363	2019-10-07	FDA	NOVARTIS PHARMS CORP	
4080	5364	2019-11-08	FDA	CELGENE CORP	t
4081	5365	2019-11-15	FDA	NOVARTIS PHARMS CORP	t
4083	5367	2019-12-20	FDA	DAIICHI SANKYO	
4084	5368	2019-09-27	EMA	Evolus Pharma Limited	
4085	5279	2019-09-26	EMA	Theratechnologies International Limited	
4086	3128	2019-09-26	EMA	Mylan S.A.S	t
4087	1567	2019-09-19	EMA	Acorda Therapeutics Ireland Limited	
4088	5288	2019-09-19	EMA	GW Pharma (International) B.V.	t
4089	5305	2019-09-19	EMA	Bayer AG	t
4091	5272	2019-08-23	EMA	La Jolla Pharmaceutical II B.V.	
4092	25	2019-08-02	EMA	Celgene Europe BV	
4093	2738	2019-07-25	EMA	Univar BV	t
4094	3483	2019-04-26	EMA	Accord Healthcare S.L.U.	
4095	4230	2019-06-25	EMA	CIS bio international	
4096	2718	2019-06-20	EMA	medac Gesellschaft fur klinische Spezialpraparate mbH	t
4098	2859	2019-04-26	EMA	GlaxoSmithKline Trading Services Limited	
4099	5238	2019-12-16	EMA	A. Menarini Industrie Farmaceutiche Riunite s.r.l.	
4100	5346	2019-12-16	EMA	AbbVie Deutschland GmbH & Co. KG	
4101	4468	2019-12-18	EMA	Janssen-Cilag International N.V.	
4102	1118	2019-08-22	PMDA	Novartis Pharma K.K.	t
4103	391	2019-08-22	PMDA	Janssen Pharmaceutical K.K.	t
4104	4981	2019-09-20	PMDA	Novo Nordisk Pharma Ltd.	
4105	4806	2019-09-20	PMDA	Takeda Pharmaceutical Company Limited	
4106	2402	2019-09-20	PMDA	Hisamitsu Pharmaceutical Co., Inc.	
4107	5370	2019-08-22	PMDA	Kyorin Pharmaceutical Co., Ltd.	
4108	5371	2019-09-20	PMDA	Astellas Pharma Inc.	
4109	4921	2019-09-20	PMDA	Meiji Seika Pharma Co., Ltd.	
4111	5133	2019-09-20	PMDA	AbbVie GK	t
4112	3312	2019-09-20	PMDA	Ono Pharmaceutical Co., Ltd.	
4113	5230	2019-09-20	PMDA	BioMarin Pharmaceutical Japan K.K.	t
4114	5282	2019-09-20	PMDA	Kyowa Kirin Co., Ltd.	t
4115	4829	2019-09-20	PMDA	Celgene K.K.	
4116	1027	2019-09-20	PMDA	Santen Pharmaceutical Co., Ltd.	
4117	4514	2019-07-23	PMDA	Eli Lilly Japan	
4118	5127	2001-06-06	EMA	Amgen Europe B.V.	
4119	5127	2007-04-04	PMDA	Kirin Brewery	
4120	4956	2007-04-18	PMDA	Chugai Pharmaceutical	
4121	4975	2008-01-25	PMDA	Bayer Yakuhin, Nihon Schering, Zenyaku Kogyo	t
4122	4954	2008-07-16	PMDA	Merck	
4123	2044	2019-09-20	PMDA	Taiho Pharmaceutical Co., Ltd.	
4124	5083	2016-07-04	PMDA	Eli Lilly Japan	
4125	4969	2010-04-16	PMDA	Alexion Pharma	t
4126	4971	2009-01-21	PMDA	Novartis Pharma	t
4127	5372	2019-10-10	FDA	VERTEX PHARMS INC	
4128	5373	2019-11-07	FDA	GISKIT B.V.	
4129	5072	2016-09-28	PMDA	Bristol-Myers Squibb	t
4130	4483	2016-07-04	PMDA	Ono Pharmaceutical	t
4131	5092	2019-06-18	PMDA	Nippon Shinyaku Co., Ltd.	t
4132	5345	2019-06-18	PMDA	Chugai Pharmaceutical	t
4133	4996	2011-01-21	PMDA	Kyowa Hakko Kirin	t
4134	1343	2017-03-30	PMDA	Shionogi & Co., Ltd.	
4135	1283	2019-06-18	PMDA	Eli Lilly Japan K.K.	
4136	4917	2015-03-26	PMDA	Eli Lilly Japan K.K.	
4137	5000	2016-01-22	PMDA	Astellas Pharma	
3618	322	2017-08-29	FDA	CHEMO RESEARCH SL	t
3619	5253	2017-08-29	FDA	REMPEX PHARMS INC	
3620	5254	2009-08-13	China Food and Drug Administration (CFDA)	Sanhome	
3622	5255	2014-02-24	China Food and Drug Administration (CFDA)	Hansoh	
3623	5256	2017-09-14	FDA	BAYER HEALTHCARE PHARMS	t
3624	2427	2017-09-15	FDA	SYMBIOMIX THERAPEUTICS LLC	
3625	1406	1989-05-01	PMDA	Kyorin Pharmaceutical	
3626	5257	2002-09-30	China Food and Drug Administration (CFDA)	CSPC Ouyi Pharmaceutical	
3627	5259	2017-09-28	FDA	ELI LILLY AND CO	
3628	5260	2017-10-31	FDA	ACERTA PHARMA BV	t
3629	3739		FDA	Squibb	
3631	5261	2017-11-02	FDA	BAUSCH AND LOMB INC	
3633	5262	2017-11-08	FDA	MERCK SHARP DOHME	t
3634	5263	2017-11-17	FDA	ASTRAZENECA AB	
3635	5264	2017-11-15	FDA	ULTRAGENYX PHARM INC	t
3636	2413	2017-09-27	PMDA	Teikoku Seiyaku	
3637	5265	2017-01-04	EMA	CSL Behring GmbH	
3638	5266	2017-07-03	PMDA	Maruho	
3639	5267	2017-12-05	FDA	NOVO NORDISK INC	
3640	5268	2017-11-16	FDA	GENENTECH INC	t
3641	5058	2017-12-11	FDA	FERRER INTERNACIONAL S.A.	
3642	5061	2015-12-02	EMA	GlaxoSmithKline Trading Services	t
3643	5269	2017-12-18	FDA	AERIE PHARMACEUTICALS INC	
3644	5258	2017-08-24	EMA	EUSA Pharma (UK) Limited	
3645	5270	2017-12-19	FDA	MERCK SHARP DOHME	
3646	5271	2017-12-20	FDA	AETERNA ZENTARIS GMBH	t
3647	5272	2017-12-21	FDA	LA JOLLA PHARMACEUTICAL CO	
3648	5273	2017-11-10	EMA	STEBA Biotech S.A	
3649	5274	2018-02-07	FDA	GILEAD SCIENCES INC	
3650	5275	2018-01-26	FDA	AAA USA INC	t
3651	5276	2018-02-12	FDA	VERTEX PHARMS	t
3652	5277	2018-01-19	PMDA	EA Pharma	
3653	4825	2013-07-05	Ministry of Health of the Russian Federation	Teva	
3654	5278	2018-02-14	FDA	JANSSEN BIOTECH	
3578	5204	2009-06-30	FDA	AMAG PHARMS INC	
3579	5200	1971-11-16	FDA		
3580	5198	2002-04-04	FDA	CHIRHOCLIN	t
3581	5229	2017-03-30	PMDA	Mundi Pharma	
3582	5231	2017-04-28	FDA	NOVARTIS PHARMS CORP	
3583	5230	2017-04-27	FDA	BIOMARIN PHARM	
3584	5233	2017-04-28	FDA	ARIAD	
3585	5232	2017-04-28	FDA	RADIUS HEALTH INC	
3586	4156	2017-05-05	FDA	MITSUBISHI TANABE PHARMA DEVELOPMENT AMERICA INC	t
3587	5234	2017-05-01	FDA	ASTRAZENECA UK LTD	
3588	5237	2017-05-22	FDA	SANOFI SYNTHELABO	
3589	5063	2016-05-20	EMA	Janssen-Cilag International N.V.	t
3590	2449	2008-01-25	PMDA	Daiichi Sankyo	
3591	1956		PMDA		
3592	5238	2017-06-19	FDA	MELINTA THERAPEUTICS INC	
3593	5239	2015-10-02	Korean Food and Drug Administration (KFDA)	Dong-A ST	
3594	5240	2015-02-05	Korean Food and Drug Administration (KFDA)	CrystalGenomics	
3595	5241	2017-06-23	FDA	PORTOLA PHARMA INC	
3596	5237	2017-06-23	EMA	sanofi-aventis groupe	
3597	5207	2017-05-30	EMA	Biogen Idec Ltd	t
3598	5230	2017-05-30	EMA	BioMarin International Limited	t
3599	5245	2010-01-25	EMA	Merck Sharp & Dohme Limited	
3600	5246	2017-07-13	FDA	JANSSEN BIOTECH	
3601	5247	2017-06-29	EMA	Pfizer Limited	t
3602	5248	2017-07-03	PMDA	Kowa	
3603	1127	2001-04-04	PMDA	Taisho Pharmaceutical	
3604	2555	2003-10-26	PMDA	Meiji Seika Pharm	
3605	927	1967-09-05	PMDA	Torii Pharmaceuticals	
3606	1431	1997-01-01	PMDA	Astellas	
3607	1873	1998-12-25	PMDA	Asahi Kasei	
3609	5249	2015-03-20	Korean Food and Drug Administration (KFDA)	Dong Wha Pharmaceuticals	
3610	5250	2011-05-20	China Food and Drug Administration (CFDA)	HengRui	
3611	5242	2017-07-18	FDA	GILEAD SCIENCES INC	
3612	5251	2017-08-01	FDA	CELGENE CORP	
3613	5252	2017-07-17	FDA	PUMA BIOTECH INC	
3614	5244	2017-08-03	FDA	ABBVIE INC	
3615	5243	2017-08-03	FDA	ABBVIE INC	
3616	5235	2017-07-06	EMA	Dompe farmaceutici s.p.a.	t
3535	5201	2016-12-14	FDA	ANACOR PHARMS INC	
3536	5203	2016-12-19	FDA	Clovis Oncology, Inc.	
3537	5133	2016-12-05	EMA	AbbVie Ltd	t
3538	5206	1990-03-21	FDA	SIGMA TAU	t
3539	5205	1986-06-04	FDA	SCHERING	
3540	5207	2016-12-23	FDA	BIOGEN	
3541	5155	2016-12-12	EMA	Intercept Pharma Ltd	t
3543	5209		China Food and Drug Administration (CFDA)	Zhejiang Beta Pharma Inc.	
3545	5210		Korean Food and Drug Administration (KFDA)		
3546	5208	2017-01-19	FDA	SYNERGY PHARMS INC	
3547	5211		China Food and Drug Administration (CFDA)		
3548	5202	2017-02-13	EMA	Eli Lilly Nederland B.V.	
3549	793	2017-02-09	FDA	MARATHON PHARMACEUTICALS LLC	t
3550	5181	2017-02-07	FDA	KAI PHARMS INC	
3551	5212	1999-04-13	EMA	Boehringer Ingelheim International GmbH	
3552	3534	2007-01-16	EMA	Eisai Ltd	t
3553	2480	2007-01-04	EMA	BIOCODEX	t
3554	5179	2017-02-15	FDA	VALEANT LUXEMBOURG	
3555	5213	1997-02-14	EMA	Immunomedics GmbH	
3556	5215	2016-12-19	PMDA	Bristol-Myers Squibb	
3557	5214	2017-02-28	FDA	LEXICON PHARMA INC	
3558	5216	2011-11-18	FDA	JAZZ PHARMS INC	t
3559	2452		PMDA		
3560	3911		PMDA		
3561	1581		PMDA		
3562	2693		PMDA		
3563	2877		UK Medicines and Healthcare Products Regulatory Agency (MHRA)		
3564	3732		PMDA		
3565	5218	2017-03-13	FDA	NOVARTIS PHARMS CORP	
3566	4921	2017-03-21	FDA	NEWRON PHARMS US INC	
3567	5219	2001-04-04	PMDA	Kaken	
3568	4353		PMDA		
3569	5220	2017-03-23	FDA	SHIONOGI INC	
3570	5221	2017-03-23	FDA	EMD SERONO INC	
3571	5222	2017-03-27	FDA	TESARO INC	
3572	5223	2017-03-28	FDA	GENENTECH INC	
3573	5224	2017-03-28	FDA	REGENERON PHARMACEUTICALS	
3574	4937	2017-02-16	EMA	Roche Registration Limited	
3575	5226	2017-04-03	FDA	TEVA PHARMS USA INC	
3576	5227	2017-04-11	FDA	NEUROCRINE BIOSCIENCES INC	
3577	5228	2014-07-22	EMA	Octapharma AB	
3523	5188	2012-01-05	Korean Food and Drug Administration (KFDA)	IL-Yang	
3524	5189	2016-11-05	EMA	CSL Behring GmbH	t
3525	658	2009-06-18	UK Medicines and Healthcare Products Regulatory Agency (MHRA)	Winthrop Pharmaceuticals UK Limited	
3526	4941	2016-11-09	EMA	Pfizer Limited	
3527	5084	2016-05-12	EMA	Swedish Orphan Biovitrum AB	t
3528	5181	2016-11-11	EMA	Amgen Europe B.V.	
3529	5183	2016-11-09	EMA	Eli Lilly Nederland B.V.	
3530	5195	1996-05-23	FDA	FERRING	t
3531	5197	2005-12-12	FDA	INSMED	t
3532	5199	2012-05-01	FDA	PFIZER	t
3533	5067	2016-11-21	EMA	Takeda Pharma A/S	t
3534	5071	2016-02-15	EMA	Eli Lilly Nederland B.V.	
3521	5186	2016-10-21	FDA	MERCK SHARP DOHME	
3520	5179	2016-07-04	PMDA		
3519	5183	2016-10-19	FDA	ELI LILLY AND CO	
3392	5174	2016-07-11	FDA	SHIRE DEV LLC	
3393	2435	1996-05-23	UK Medicines and Healthcare Products Regulatory Agency (MHRA)	H. Lundbeck A/S	
3394	1727		FDA		
3395	5060	2015-09-28	PMDA	Taisho Pharmaceutical Co., Ltd.	
3396	5175	2001-05-17	EMA	Olympus Biotech International Limited	
3397	2026		FDA		
3398	920		FDA	GLAXOSMITHKLINE	
3399	1749		FDA		
3400	3495		FDA	FOREST LABS	
3401	1754		FDA	ABBOTT	
3402	1081		FDA	DISTA	
3403	1683		FDA	LILLY	
3404	2133		FDA	BOEHRINGER INGELHEIM	
3405	359		FDA	ROBINS AH	
3406	1774		FDA	ROCHE	
3407	618		FDA	PARKE DAVIS	
3408	2139		FDA	PARKE DAVIS	
3409	1740		FDA	ABBVIE	
3410	1753		FDA	GLAXOSMITHKLINE	
3411	2130		FDA	SANOFI AVENTIS US	
3412	2556		FDA	SANOFI AVENTIS US	
3413	2143		FDA	PHARM RES ASSOC	
3414	2735		FDA	SANOFI AVENTIS US	
3415	1644		FDA	MEDPOINTE PHARM HLC	
3416	2096		FDA	WYETH AYERST	
3417	2633		FDA	ABBOTT	
3418	2173		FDA	LEO PHARM	
3419	847		FDA	ASTRAZENECA	
3420	2626		FDA	PARKEDALE	
3421	1089		FDA	PHARMACIA AND UPJOHN	
3422	1373		FDA	MERCK	
3423	2027		FDA	NOVARTIS	
3424	749		FDA	GLAXOSMITHKLINE	
3425	1742		FDA	WESTWOOD SQUIBB	
3426	2749		FDA	ALLERGAN HERBERT	
3427	1434		FDA	LILLY	
3428	1780		FDA	NOVARTIS	
3429	975		FDA	SOLVAY	
3430	1086		FDA	PARKE DAVIS	
3431	1371		FDA	ABBVIE	
3432	2240		FDA	PARKE DAVIS	
3433	1648		FDA	ROCHE	
3434	1912		FDA	BAYER PHARMS	
3435	1752		FDA	IMMUNEX	
3436	2746		FDA	BIOENVISION	
3437	2318		FDA	SANOFI AVENTIS US	
3438	2039		FDA	NOVARTIS	
3439	220		FDA	MERCK	
3440	186		FDA	PARKE DAVIS	
3441	965		FDA	LILLY	
3442	1355		FDA	WESTWOOD SQUIBB	
3443	2342		FDA	PARKE DAVIS	
3444	2752		FDA	ROCHE	
3445	492		FDA	ROERIG	
3446	1744		FDA	APOTHECON	
3447	610		FDA	SANOFI AVENTIS US	
3448	2335		FDA	PARKE DAVIS	
3449	1363		FDA	BRISTOL	
3450	822		FDA	NOVARTIS	
3451	1273		FDA	DAVIS AND GECK	
3452	516		FDA	WYETH AYERST	
3453	416		FDA	STUART PHARMS	
3454	2306		FDA	GLAXOSMITHKLINE	
3455	3333		FDA	JOHNSON AND JOHNSON	
3456	1198		FDA	NOVARTIS	
3457	351		FDA	PARKE DAVIS	
3458	1365		FDA	MEDPOINTE PHARM HLC	
3459	1851		FDA	LILLY	
3460	548		FDA	TAKEDA	
3461	2810		FDA	PARKE DAVIS	
3462	4039	2014-10-10	FDA	BRACCO	
3463	1467		FDA	ALCON	
3464	4072		FDA		
3465	908		FDA	LILLY	
3466	3217		FDA	PARKE DAVIS	
3467	3496		FDA	EASTMAN KODAK	
3468	4992		FDA	LILLY	
3469	63		FDA	ORTHO MCNEIL PHARM	
3470	813		FDA	NOVARTIS	
3471	3248		FDA	BAYER PHARMS	
3472	3314		FDA	CHESEBROUGH PONDS	
3473	2060		FDA	LILLY	
3474	2959		FDA	NOVARTIS	
3475	1451		FDA	MALLINCKRODT	
3476	4371		FDA	MALLINCKRODT	
3477	3542		FDA	PROCTER AND GAMBLE	
3478	579		FDA	PHARMACIA AND UPJOHN	
3479	4427	1986-10-31	FDA	NOVARTIS	t
3480	1470		FDA	BAYER HLTHCARE	
3481	4840	1994-12-22	FDA	PFIZER INC	
3482	5116	1996-08-26	FDA	STAND HOMEOPATH	
3483	542		FDA	GLAXOSMITHKLINE	
3484	2830		FDA	PFIZER	
3485	4424		FDA	SANOFI AVENTIS US	
3486	881		FDA	LILLY	
3487	1051	1965-04-02	FDA	ARBOR PHARMS LLC	
3489	3125	1994-10-19	UK Medicines and Healthcare Products Regulatory Agency (MHRA)	Napp Pharmaceuticals Ltd	
3490	1002		PMDA		
3491	1958		FDA		
3492	1448	2008-09-19	FDA	GE HEALTHCARE	t
3493	5176	2010-09-14	FDA	CREALTA PHARMS LLC	
3494	934		FDA		
3495	1618	2003-09-12	UK Medicines and Healthcare Products Regulatory Agency (MHRA)	Novartis Pharmaceuticals UK Limited	
3496	1615	2006-01-23	PMDA	Lead Chemical Co., Ltd.	
3497	5177	1992-09-14	FDA	ORTHO BIOTECH	
3498	4948	2015-08-14	EMA	United Therapeutics Europe Ltd	t
3499	4815	2016-07-27	FDA	SANOFI-AVENTIS US LLC	
3500	5178	2015-11-19	EMA	Swedish Orphan Biovitrum AB	
3501	4883		PMDA	Kyorin Pharmaceutical Co., Ltd.	
3502	4398	2011-03-14	EMA	Nordic Group BV	
3503	1293	2011-03-14	EMA	Nordic Group BV	
3504	2002	2011-03-14	EMA	Nordic Group BV	
3505	2692		UK Medicines and Healthcare Products Regulatory Agency (MHRA)		
3506	4156	2001-04-04	PMDA	Mitsubishi Tanabe Pharma Corporation	
3507	5093	2016-08-16	EMA	Teva Pharmaceuticals Limited	
3508	4822	2010-09-10	PMDA	Daiichi Sankyo Company, Limited	
3509	5180	2015-10-27	FDA	AMGEN	
3510	5180	2015-12-16	EMA	Amgen Europe B.V.	
3511	3008	2000-01-20	EMA	Ferring Pharmaceuticals A/S	
3512	495	2007-11-05	UK Medicines and Healthcare Products Regulatory Agency (MHRA)	Ferring Pharmaceuticals Ltd	
3513	2858		PMDA		
3514	5182	2016-09-19	FDA	SAREPTA THERAPEUTICS INC	
3515	5001	2016-09-19	EMA	Allergan Pharmaceuticals International Limited	
3516	4715	2014-03-21	EMA	TMC Pharma Services Ltd	t
3517	4951	2010-04-19	EMA	Novartis Europharm Ltd	t
3518	5184	1989-12-29	FDA	BRACCO	
3330	2038		FDA		
3332	5137	2014-08-15	FDA	BIOGEN IDEC INC	
3335	5138	2012-01-17	FDA	BTG INTERNATIONAL INC	t
3336	5139	1996-05-17	FDA	BIOGEN	
3337	5140	1993-07-23	FDA	BAYER HEALTHCARE PHARMS	
3338	5141	1996-06-18	FDA	GENENTECH	
3339	5142	2016-04-29	FDA	ACADIA PHARMACEUTICALS INC	
3340	2406	2003-08-12	FDA	IPR	t
3341	5144	1990-10-02	FDA	UNITED GUARDIAN	t
3343	5146	1996-12-06	FDA	AMAG PHARMS INC	
3344	5147	1997-05-09	FDA	AVENT	
3345	5148	1999-11-18	FDA	CHIESI USA INC	t
3346	4700	2000-03-07	FDA	BAYER HEALTHCARE LLC	
3347	5149	2000-09-20	FDA	EMD SERONO	
3348	5150		FDA		
3349	2558		PMDA		
3350	5151	2016-05-18	FDA	GENENTECH INC	
3351	5072	2016-05-11	EMA	Bristol-Myers Squibb	t
3352	5152	2010-10-28	EMA	Pharming Group N.V.	
3353	5153	2016-05-27	FDA	BLUE EARTH DIAGNOSTICS LTD	
3355	2601		PMDA		
3356	1829		PMDA		
3357	5156	2016-06-01	FDA	ADVANCED ACCELERATOR APPLICATIONS USA INC	
3359	1894	2001-10-16	Korean Food and Drug Administration (KFDA)		
3360	1847		PMDA		
3361	1957	2011-07-27	EMA	Teva B.V.	
3362	1867		PMDA		
3363	5110	2016-05-26	EMA	Amicus Therapeutics UK Ltd	t
3364	5155	2016-05-27	FDA	INTERCEPT PHARMACEUTICALS INC	
3365	311	1982-04-19	FDA		
3366	5157	2001-09-17	FDA	AMGEN	
3367	5158	2002-10-16	FDA	HOFFMAN-LA ROCHE	
3368	5159	1996-02-23	EMA	Novo Nordisk A/S	
3369	5160	1997-07-16	EMA	Roche Registration Limited	
3370	5162		Health Canada		
3371	5163	1997-08-27	EMA	Pfizer Ltd	
3372	5164	2001-01-19	FDA	SCHERING	
3373	5165	2007-11-14	FDA	HOFFMAN-LA ROCHE	
3374	5166	1999-04-13	EMA	Pfizer Ltd	
3375	5167	1993-11-01	UK Medicines and Healthcare Products Regulatory Agency (MHRA)	Chugai Pharma UK Ltd	
3376	5169	2011-01-21	PMDA	Chugai Pharmaceutical Co., Ltd	
3377	5170	2007-12-18	EMA	Hospira UK Limited	
3378	5168		China Food and Drug Administration (CFDA)		
3379	5171		China Food and Drug Administration (CFDA)		
3380	5172	2012-10-25	EMA	uniQure biopharma B.V.	t
3381	993		PMDA		
3382	5173	2015-12-08	FDA	Baxalta US Inc.	
3383	5154	2016-06-28	FDA	GILEAD SCIENCES INC	
3384	1824	2003-03-07	UK Medicines and Healthcare Products Regulatory Agency (MHRA)	SANOFI	
3385	296	2003-12-10	Korean Food and Drug Administration (KFDA)	Chong Kun Dang	
3386	5143	2016-06-24	EMA	Bial	
3387	4714	2004-09-21	EMA	Les Laboratoires Servier	
3388	795		FDA		
3389	1627		PMDA		
3390	763		FDA	LILLY	
3326	5132		FDA		
3327	5133	2016-04-11	FDA	ABBVIE INC	
3328	5134	2012-09-03	EMA	Novo Nordisk A/S	
3329	5135	1993-12-30	FDA	GENENTECH	
3067	5083	2016-02-25	EMA		
3068	1046	2002-04-18	EMA	Merck Sharp & Dohme Ltd	
3069	4514	2003-06-10	EMA		
3070	5090	2012-03-09	CDSCO (INDIA)		
3072	5091	2011-06-17	EMA		
3073	5091	2011-06-15	FDA	BRISTOL MYERS SQUIBB	
3074	5076	2016-02-18	EMA		
3075	5083	2016-03-22	FDA	ELI LILLY AND CO	
3076	5092	2013-10-18	EMA	Gentium S.r.l.	t
3078	5094	2016-03-18	FDA	ELUSYS THERAPEUTICS INC	
3079	5095	1977-12-16	FDA	LANTHEUS MEDCL	
3080	5096	1974-02-14	FDA	GE HEALTHCARE	
3081	5093	2016-03-23	FDA	TEVA RESPIRATORY LLC	
3082	5099	2004-03-02	EMA		
3083	5092	2016-03-30	FDA	GENTIUM SRL	
3084	5101	2006-01-24	EMA		
3085	5102	1969-06-12	FDA	ABBOTT	
3086	5101	2005-05-31	FDA	BIOMARIN	
3087	5103		FDA	SCHERING	
3088	5104		FDA	CHESEBROUGH PONDS	
3089	5105	2008-02-27	FDA	REGENERON PHARMACEUTICALS	
3090	134	1991-01-01	YEAR INTRODUCED		
3091	5106	1971-12-23	FDA	MALLINKRODT NUCLEAR	
3092	5107	1963-12-10	FDA	PERSONAL PRODS	
3093	5108	1991-07-01	FDA	ABBVIE	t
3094	5109		FDA		
3096	5115		FDA		
3097	5118	1986-06-26	FDA	HOSPIRA	
3098	5119	1987-01-21	FDA	BRACCO	
3099	5120	1977-12-16	FDA	PHARMALUCENCE	
3100	5121	2013-11-27	FDA	VIFOR FRESENIUS	
3101	5122	2015-01-23	FDA	ROCKWELL MEDICAL INC	
3102	5123	1996-02-09	FDA	GE HEALTHCARE	
3103	5124	1990-12-21	FDA	LANTHEUS MEDCL	
3104	5039	1980-02-02	FDA	ARMOUR PHARM	
3105	4781		FDA		
3106	4661		FDA		
3107	4662		FDA		
3108	4663		FDA		
3109	4235		FDA		
3110	4238		FDA		
3111	4241		FDA		
3112	3244		FDA		
3113	3281		FDA		
3114	3035		FDA		
3115	4024		FDA		
3116	1262		FDA		
3117	3097		FDA		
3118	3524		FDA		
3119	205		FDA		
3120	1334		FDA		
3121	1557		FDA		
3122	1550		FDA		
3123	89	2021-04-08	FDA		
3124	3355		FDA		
3125	2415		FDA		
3126	3442		FDA		
3127	1496		FDA		
3128	3290		FDA		
3129	1622		FDA		
3130	1310		FDA		
3131	2768		FDA		
3132	3347		FDA		
3133	470		FDA		
3134	1377		FDA		
3135	2305		FDA		
3136	3094		FDA		
3137	3627		FDA		
3138	2144		FDA		
3139	323		FDA		
3140	1024		FDA		
3141	3103		FDA		
3142	1307		FDA		
3143	1444		FDA		
3144	1252		FDA		
3145	2786		FDA		
3146	3269		FDA		
3147	3446		FDA		
3148	3409		FDA		
3149	3051		FDA		
3150	1374		FDA		
3151	3544		FDA		
3152	2780		FDA		
3153	2277		FDA		
3154	3462		FDA		
3155	3976		FDA		
3156	226		FDA		
3157	184		FDA		
3158	1672		FDA		
3159	3159		FDA		
3160	3658		FDA		
3161	3506		FDA		
3162	2150		FDA		
3163	2420		FDA		
3164	2047		FDA		
3165	3279		FDA		
3166	3301		FDA		
3168	3179		FDA		
3169	1379		FDA		
3170	3400		FDA		
3171	1763		FDA		
3172	974		FDA		
3173	585		FDA		
3174	629		FDA		
3175	593		FDA		
3176	1510		FDA		
3177	3174		FDA		
3178	3083		FDA		
3179	681		FDA		
3180	3617		FDA		
3181	3572		FDA		
3182	3016	2020-03-09	FDA	BAUSCH	
3183	3630		FDA		
3184	2372		FDA		
3185	494		FDA		
3186	2056		FDA		
3187	859		FDA		
3188	43		FDA		
3189	3592		FDA		
3190	3332		FDA		
3191	3017		FDA		
3192	2092		FDA		
3193	1457		FDA		
3194	3018		FDA		
3195	2451		FDA		
3196	941		FDA		
3197	2690		FDA		
3198	345		FDA		
3199	3417		FDA		
3200	3184		FDA		
3201	2227		FDA		
3202	3014		FDA		
3203	3031		FDA		
3204	3957		FDA		
3205	1445		FDA		
3206	1325		FDA		
3207	4434		FDA		
3208	4125		FDA		
3209	4127		FDA		
3210	4128		FDA		
3211	4129		FDA		
3212	4138		FDA		
3213	4140		FDA		
3214	4144		FDA		
3215	4145		FDA		
3216	4148		FDA		
3217	4248		FDA		
3218	4251		FDA		
3219	4254		FDA		
3220	4255		FDA		
3221	4256		FDA		
3222	4258		FDA		
3223	4259		FDA		
3224	4262		FDA		
3225	4263		FDA		
3226	4266		FDA		
3227	4267		FDA		
3228	4268		FDA		
3229	4270		FDA		
3230	4271		FDA		
3231	4272		FDA		
3232	4273		FDA		
3233	4277		FDA		
3234	4278		FDA		
3235	4279		FDA		
3236	4280		FDA		
3237	4281		FDA		
3238	4284		FDA		
3239	4289		FDA		
3240	4291		FDA		
3241	4292		FDA		
3242	4307		FDA		
3243	4625		FDA		
3244	4626		FDA		
3245	4341		FDA		
3246	4343		FDA		
3247	4346		FDA		
3248	4348		FDA		
3250	4404		FDA		
3251	4418		FDA		
3252	4420		FDA		
3253	4436		FDA		
3254	4439		FDA		
3255	4441		FDA		
3256	4442		FDA		
3257	4443		FDA		
3258	4444		FDA		
3259	4445		FDA		
3260	4446		FDA		
3261	4448		FDA		
3262	4453		FDA		
3263	4457		FDA		
3264	4460		FDA		
3265	4461		FDA		
3266	4474		FDA		
3267	4475		FDA		
3268	4479		FDA		
3269	4481		FDA		
3270	4486		FDA		
3271	4492		FDA		
3272	4495		FDA		
3273	4499		FDA		
3274	4500		FDA		
3275	4502		FDA		
3276	4508		FDA		
3277	4510		FDA		
3278	4511		FDA		
3279	4520		FDA		
3280	4529		FDA		
3281	4575	2022-07-08	FDA	PROVEPHARM SAS	
3282	4600		FDA		
3283	4601		FDA		
3284	4602		FDA		
3285	4603		FDA		
3286	4604		FDA		
3287	4607		FDA		
3288	4610		FDA		
3289	4611		FDA		
3290	4612		FDA		
3291	4613		FDA		
3292	4615		FDA		
3293	4617		FDA		
3294	4618		FDA		
3295	4619		FDA		
3296	4620		FDA		
3297	4630		FDA		
3298	4632		FDA		
3299	4636		FDA		
3300	4637		FDA		
3301	4648		FDA		
3302	4649		FDA		
3303	4650		FDA		
3304	4638		FDA		
3305	4639		FDA		
3306	4640		FDA		
3307	4641		FDA		
3308	4642		FDA		
3309	4644		FDA		
3310	4645		FDA		
3311	4664		FDA		
3312	4665		FDA		
3314	4668		FDA		
3315	4694		FDA		
3316	4732		FDA		
3317	4790		FDA		
3319	3887	1988-12-30	FDA	GE HEALTHCARE	
3320	5126	2014-05-05	FDA	ASTRAZENECA PHARMS	
3321	5127	1996-06-28	FDA	IMMUNOMEDICS	
3322	5128	2013-07-25	FDA	LUITPOLD	
3323	5129	1991-04-05	FDA	GENZYME	
3324	5130		FDA		
3325	5131	1982-11-10	FDA	CHART MEDCL	
3048	5082	1994-02-01	FDA	SIGMA TAU	
3049	5080	2016-01-28	FDA	MERCK SHARP DOHME	
3050	5081	2016-01-28	FDA	MERCK SHARP DOHME	
3052	4161	2007-11-19	EMA	Pfizer Limited	t
3053	371	2002-03-08	EMA		
3054	5062	2016-02-02	EMA	AstraZeneca AB	
3055	2816	2000-07-27	EMA		
3057	5068	2016-02-18	FDA	UCB INC	
3060	5075	2016-02-18	EMA	AstraZeneca AB	
3061	5086	2010-01-11	EMA	CIS bio international	
3062	1132	1995-06-30	PMDA		
3063	5087	1999-02-05	FDA	EISAI INC	
3064	5088	2003-01-30	FDA	ASTELLAS	
3065	5089	2005-12-23	FDA	BRISTOL MYERS SQUIBB	
3047	4318	2013-09-25	EMA		
3027	5066	2000-06-02	FDA	GENENTECH	
3028	5067	2015-11-20	FDA	MILLENNIUM PHARMS	
3029	5048	2016-03-31	EMA	Bioprojet Pharma	t
3030	5068	2016-01-14	EMA	UCB Pharma SA	
3031	5063	2015-11-16	FDA	JANSSEN BIOTECH	
3032	5069	2015-11-11	EMA	Baxalta Innovations GmbH	
3033	5070	1994-02-01	FDA	MERCK	
3034	5071	2015-11-24	FDA	ELI LILLY CO	
3035	5072	2015-11-30	FDA	BRISTOL MYERS SQUIBB	t
3036	5012	2015-11-19	EMA		
3037	4915	2015-11-23	EMA	Amgen Europe B.V.	t
3038	5028	2015-12-08	FDA	ALEXION PHARM	
3039	4937	2015-12-11	FDA	HOFFMAN-LA ROCHE	
3040	4233	2015-12-15	FDA	ORGANON USA INC	
3041	4745	2015-11-27	EMA	Horizon Pharma Ireland Limited	t
3042	5077	2015-12-21	FDA	ACTELION PHARMS LTD	
3043	5075	2015-12-22	FDA	ARDEA BIOSCIENCES INC	
3044	5078	2013-07-04	Korean Food and Drug Administration (KFDA)	Chong Kun Dang	
3045	3706	1961-04-22	YEAR INTRODUCED	BOOTS PURE DRUG CO. LTD	
3001	5046	2015-11-20	EMA		
3002	5047	2013-06-26	CDSCO (INDIA)	CADILA HEALTHCARE	
3003	5049	2015-08-28	EMA	Alexion Europe SAS	t
3004	5051	1965-06-04	FDA	ADVANCE BIOFACTURES	
3005	4960	2015-09-25	FDA	NOVO NORDISK INC	
3006	4365	2010-09-01	EMA	Cardiome UK Limited	
3007	3580	2005-04-11	PMDA		
3008	1807	2002-11-20	EMA		t
3009	5052	2015-10-05	FDA	ALKERMES	
3010	5054	2015-09-28	PMDA	MSD K.K.	
3011	4633	2015-09-04	PMDA		
3012	5055	2015-10-16	FDA	BOEHRINGER INGELHEIM	
3013	5056	2015-10-21	FDA	RELYPSA INC	
3014	4633	2015-10-23	FDA	JANSSEN PRODS	
3015	5049	2015-10-23	FDA	ALEXION PHARM	
3016	5057	2004-04-16	FDA	SANOFI AVENTIS US	
3017	5057	2004-09-27	EMA		
3018	5058	2015-09-28	PMDA	Maruho Co., Ltd.	
3019	5059	2015-09-28	PMDA		
3022	5061	2015-11-04	FDA	GLAXOSMITHKLINE LLC	t
3023	4944	2015-11-05	FDA	GILEAD SCIENCES INC	
3024	5046	2015-11-10	FDA	GENENTECH INC	t
3025	5062	2015-11-13	FDA	ASTRAZENECA PHARMS	
3026	676		FDA	ROCHE	
2967	4194	2011-10-27	EMA	Sigma-Tau Industrie Farmaceutiche Riunite S.p.A	
2968	4193	2011-10-27	EMA	Sigma-Tau Industrie Farmaceutiche Riunite S.p.A	
2969	5022	2015-08-18	FDA	SPROUT PHARMACEUTICALS INC	
2971	5024	2002-09-09	EMA	Medtronic BioPharma B.V.	
2972	2845	1994-08-20	PMDA		
2973	4815	2013-02-01	EMA	Sanofi-Aventis Groupe	
2974	2112	2000-12-22	PMDA	Sumitomo Dainippon	
2976	4900	2010-02-09	PMDA	Santen Pharmaceutical	
2977	5025	1991-03-05	FDA	BERLEX LABS	
2978	5026	1997-11-25	FDA	WYETH PHARMS INC	
2979	5000	2015-08-28	FDA	REPATHA	
2980	5027	2015-09-01	FDA	TESARO INC	
2981	4310	2008-08-29	EMA		
2982	5028	2015-08-28	EMA		t
2983	5030	2006-04-28	FDA	GENZYME	
2984	5030	2006-03-29	EMA		t
2986	5031	2012-03-30	PMDA	Kyowa Hakko Kirin Co., Ltd.	t
2987	5029	2015-09-04	FDA	WELLSTAT THERAPEUTICS CORP	
2988	5032		FDA	LILLY	
2989	5033	1950-03-22	FDA	BAXTER HLTHCARE	
2990	5034	1969-08-13	FDA	LILLY	
2991	5035	1953-11-05	FDA	NOVARTIS	
2992	5036	1959-03-04	FDA	MALLINCKRODT	
2993	5037	2015-09-17	FDA	FOREST LABS LLC	
2994	5038	1957-05-02	FDA	BRACCO	
2995	5040	1959-07-08	FDA	ALCON	
2996	5041	1996-08-20	FDA	BOEHRINGER INGELHEIM	
2997	5042	1985-10-17	FDA	GENENTECH	
2998	5043	1998-04-09	FDA	QOL MEDCL	t
2999	4893	2015-09-22	FDA	TAIHO ONCOLOGY INC	
3000	5044	1996-10-30	FDA	EKR THERAP	
2946	2960	2009-03-06	EMA	Takeda France SAS	t
2947	361	2001-03-29	EMA		
2948	5016	2015-07-23	EMA		
2949	4947	2015-07-23	EMA		
2950	5008	2015-07-24	FDA	NOVARTIS PHARMS CORP	
2951	5016	2015-07-24	FDA	SANOFI AVENTIS	
2952	5017	2001-11-14	FDA	BIOVITRUM AB	
2953	5017	2002-03-08	EMA		
2954	4875	2015-07-24	FDA	BRISTOL MYERS SQUIBB	
2955	5018	2003-04-24	FDA	GENZYME	
2956	4634	2013-08-26	EMA		
2957	4924	2015-07-17	EMA	Merck Sharp & Dohme Limited	
2958	1563	2000-09-29	EMA		
2959	5019	2013-11-13	EMA	Novo Nordisk A/S	
2960	4147	2007-07-23	EMA		
2961	4357	2007-09-20	EMA		
2962	2588	2001-10-24	EMA		
2963	2371	2007-05-24	EMA		
2964	4903	2015-07-03	PMDA	Boehringer Ingelheim	t
2965	5020	2015-07-03	PMDA		
2966	5021	2001-08-03	EMA		
2938	5012	2015-07-07	FDA	NOVARTIS PHARMS CORP	
2939	5013	2015-03-26	PMDA	Takeda	
2940	784	2004-10-22	EMA	Merus Labs Luxco S.a R.L.	
2941	5014	2015-07-10	FDA	OTSUKA PHARM CO LTD	
2942	4186	2008-07-11	EMA	Shire Pharmaceuticals Ireland Limited	t
2943	4897	2015-06-19	EMA	Daiichi Sankyo Europe GmbH	
2944	5015	2003-03-25	FDA	PHARMACIA AND UPJOHN	t
2945	5015	2002-11-13	EMA		
2458	4988	2015-04-29	FDA	KYTHERA BIOPHARMS	
2459	4678	2015-03-19	EMA		
2460	4989	2010-02-26	FDA	SHIRE HUMAN GENETIC	t
2461	4989	2010-08-26	EMA		t
2462	4990	2013-02-22	FDA	GENENTECH	
2463	4990	2013-11-15	EMA		
2464	4987	2008-09-15	EMA		
2465	4991	2013-07-25	EMA	Sicor Biotech UAB	
2466	1499	1956-03-09	FDA		
2467	1885	1978-10-30	FDA	ALCON	
2468	305	1959-12-07	FDA		
2469	878	1978-07-14	FDA	SEBELA IRELAND LTD	
2470	1721	1954-09-29	FDA		
2471	4981	1999-09-07	EMA	NovoRapid	
2472	4993	2014-12-26	PMDA		
2473	4929	2004-10-08	FDA	EMD SERONO	
2474	4994	2002-07-12	FDA	SANOFI SYNTHELABO	
2475	4994	2001-02-23	EMA		
2476	4889	2014-07-04	PMDA		
2479	1575	1999-03-25	FDA	OAK PHARMS INC	
2480	2989	1978-04-17	FDA	SANOFI AVENTIS US	
2481	768	1997-06-23	EMA		
2482	727	1973-08-03	FDA	BRISTOL MYERS	
2483	316	1983-12-29	FDA		
2484	277	1982-09-03	FDA	BAYER PHARMACEUTICALS CORP	
2485	4181	2011-03-28	EMA		
2486	789	1975-05-21	FDA		
2487	1394	1969-07-16	FDA	PHARMICS	
2488	1398	1953-12-22	FDA	SANOFI AVENTIS US	
2489	1560		FDA	ROCHE	
2490	1573	1962-03-21	FDA	LILLY	
2491	1574	1953-01-08	FDA	VALEANT PHARM INTL	
2492	1771	1959-05-18	FDA	PHARMACIA AND UPJOHN	
2495	2533	1974-05-24	FDA	ABBVIE	
2496	1549	1973-02-28	FDA	PHARMACIA AND UPJOHN	
2497	4918	2007-01-08	EMA	Shire Human Genetic Therapies AB	t
2498	2392	1998-05-12	EMA		
2499	2237	2007-03-15	PMDA		
2500	1003	2003-10-24	EMA		
2501	4995	1989-06-01	FDA	AMGEN	
2502	2600		FDA		
2503	4996	2008-08-22	FDA	AMGEN	
2504	4996	2009-02-04	EMA		
2505	4399	2010-03-11	EMA		
2506	4997	2003-04-30	FDA	BIOMARIN	
2507	4997	2003-06-10	EMA		
2508	1331	1962-08-22	FDA	WYETH AYERST	
2509	4999	2014-02-14	FDA	BIOMARIN PHARM	
2510	4999	2014-04-28	EMA		t
2515	5000	2015-05-21	EMA		
2516	2500	1941-08-11	FDA	LEDERLE	
2517	2527	1945-09-12	FDA	ORTHO MCNEIL PHARM	
2518	2497	1945-09-12	FDA	ORTHO MCNEIL PHARM	
2519	3558	1945-09-12	FDA	ORTHO MCNEIL PHARM	
2520	870	1947-01-09	FDA	ORTHO MCNEIL PHARM	
2521	281	1948-07-29	FDA	PHARMACIA AND UPJOHN	
2522	4459	1948-04-26	FDA	KING PHARMS	
2523	2502	1949-08-16	FDA	LEDERLE	
2524	2510	1949-08-16	FDA	LEDERLE	
2525	616	1950-08-15	FDA	BAYER HEALTHCARE LLC	
2526	589	1950-12-08	FDA	PARKEDALE	
2527	2029	1950-04-12	FDA	ENDO PHARMS	
2528	873	1950-11-13	FDA	LEDERLE	
2529	2050	1950-03-08	FDA	CONSOLIDATED MIDLAND	t
2530	2286	1951-03-29	FDA	DELCOR ASSET CORP	
2531	2114	1951-06-28	FDA	ABBVIE	
2532	4213	1951-12-21	FDA	MERCK	
2533	4274	1951-05-17	FDA	CHATTEM	
2534	1694	1951-12-29	FDA	BAXTER HLTHCARE CORP	
2535	1497	1952-09-29	FDA	SANDOZ	
2536	725	1952-01-21	FDA	ANI PHARMS	
2537	2266	1952-01-23	FDA	SANOFI AVENTIS US	
2538	2146	1952-01-21	FDA	ANI PHARMS	
2539	1388	1952-08-05	FDA	MERCK	
2540	4347	1952-06-27	FDA	KING PHARMS	
2541	2152	1953-01-06	FDA	PARKE DAVIS	
2542	2188	1954-07-12	FDA	BLULINE	
2543	1533		FDA		
2544	357		FDA	LILLY	
2545	52	1968-11-07	FDA	POLYMEDICA	
2546	2326	1963-10-18	FDA	SCHERING PLOUGH	
2547	4308	2009-02-24	EMA	Dr. Friedrich Eberth Arzneimittel GmbH	
2549	5001	2015-05-27	FDA	FURIEX PHARMA INC	
2550	5002	1996-06-14	FDA	LILLY	
2551	5003	1982-10-28	FDA	LILLY	
2552	2082	1947-02-06	FDA	PFIZER	
2553	463	1948-11-26	FDA	NOVARTIS	t
2554	74	1950-04-12	FDA	ENDO PHARMS	
2555	1767	1955-12-05	FDA	NOVARTIS	
2556	4458	1953-12-04	FDA	ROCHE	
2558	4930	1953-05-26	FDA	SANOFI AVENTIS US	
2559	2271	1954-07-01	FDA	LEDERLE	
2560	404	1954-04-28	FDA	FOREST LABS	
2561	195	1955-09-09	FDA	UCB INC	
2562	841	1955-09-09	FDA	UCB INC	
2563	4456	1955-04-27	FDA	PHARMACIA AND UPJOHN	
2564	1649	1957-02-14	FDA	CITRON PHARMA LLC	
2565	4247	1957-03-26	FDA	MONARCH PHARMS	
2566	1257	1958-01-20	FDA	SHIRE	
2567	626	1958-08-15	FDA	JANSSEN R AND D	
2568	1741	1959-01-26	FDA	LEDERLE	
2569	2034	1959-04-02	FDA	ENDO PHARMS	t
2570	2726	1960-01-04	FDA	APOTHECON	
2571	332	1960-10-14	FDA	AH ROBINS INC	
2572	918	1960-09-15	FDA	GD SEARLE LLC	
2573	260	1960-09-15	FDA	GD SEARLE LLC	
2574	924	1961-12-06	FDA	BOEHRINGER INGELHEIM	
2575	2041	1964-09-08	FDA	PFIZER	
2576	1582	1964-12-29	FDA	PHARMACIA AND UPJOHN	
2577	2011	1964-07-21	FDA	CREALTA PHARMS LLC	
2578	830	1963-10-18	FDA	SCHERING PLOUGH	
2579	4218	1962-12-20	FDA	MERCK	
2580	223	1962-11-23	FDA	ENDO PHARMS	
2581	1962	1962-05-21	FDA	ORTHO MCNEIL PHARM	
2582	1491	1979-10-23	FDA	ROXANE	
2583	2247	1955-05-22	FDA	SCHERING	
2584	1390	1955-05-10	FDA	PHARMACIA AND UPJOHN	
2585	2369	1956-10-31	FDA	PFIZER	
2586	2251	1956-07-25	FDA	MERCK	
2587	2138	1957-12-30	FDA	ORGANON USA INC	
2588	1494	1957-04-02	FDA	MERCK	
2589	1500	1957-10-09	FDA	GLAXOSMITHKLINE	
2590	4246	1957-03-26	FDA	MONARCH PHARMS	
2591	2083	1958-01-13	FDA	WYETH AYERST	
2592	1659	1959-06-18	FDA	PHARMACIA AND UPJOHN	
2593	2727	1959-03-12	FDA	SANDOZ	
2594	3920	1959-09-02	FDA	MERCK	
2595	4482	1960-01-06	FDA	EASTMAN KODAK	
2596	802	1960-01-14	FDA	LEDERLE	
2597	1700	1960-01-06	FDA	EASTMAN KODAK	
2598	1078	1961-05-10	FDA	ABBVIE	
2599	1791	1961-12-04	FDA	HRA PHARMA	
2600	2630	1961-07-18	FDA	NOVARTIS	
2601	1965	1961-03-09	FDA	GD SEARLE LLC	
2602	4425	1962-05-17	FDA	PAR STERILE PRODUCTS	
2603	1974	1964-09-04	FDA	PHARMACIA AND UPJOHN	
2604	1869	1965-10-11	FDA	WYETH AYERST	
2605	614	1965-06-14	FDA	PHARMACIA AND UPJOHN	
2607	846	1967-04-14	FDA	ABBVIE	
2608	623	1967-06-19	FDA	ROCHE	
2609	961	1967-12-05	FDA	PFIZER	
2610	1214	1967-03-15	FDA	APOTHECON	
2611	3344	1967-07-05	FDA	CNTY LINE PHARMS	
2612	1164	1968-02-19	FDA	AKORN	
2613	144	1968-02-14	FDA	ENDO PHARMS	
2614	866	1968-04-22	FDA	WYETH AYERST	
2615	4794	1968-07-03	FDA	MONARCH PHARMS	
2616	1572	1968-04-16	FDA	WYETH PHARMS	
2617	1624	1969-01-24	FDA	MYLAN INSTITUTIONAL	t
2618	2769	1969-05-27	FDA	PFIZER	
2619	678	1970-02-22	FDA	PHARMACIA AND UPJOHN	
2620	572	1970-06-12	FDA	LILLY	
2621	731	1970-06-04	FDA	PAR STERILE PRODUCTS	
2622	4265	1970-06-19	FDA	SCHERING	
2623	2529	1971-06-07	FDA	ALRA	
2624	2006	1971-04-08	FDA	SANDOZ	
2625	3369	1971-06-07	FDA	NOVARTIS	
2626	2468	1971-06-30	FDA	PFIZER	
2627	1813	1971-06-30	FDA	TRIAX PHARMS	
2628	571	1971-01-04	FDA	SHIONOGI INC	
2629	198	1965-12-17	FDA	WYETH AYERST	
2630	1667	1971-08-18	FDA	BRISTOL MYERS SQUIBB	t
2631	3063	1971-06-02	FDA	AKORN	
2632	2607	1972-07-13	FDA	ACTIENT PHARMS	
2633	4384	2008-03-07	FDA	SPECTRUM PHARMS	t
2634	4243	1997-07-11	FDA	COLGATE PALMOLIVE	
2635	508	1972-10-26	FDA	PFIZER	
2636	901	1972-05-31	FDA	ALRA	
2637	2033	1972-01-18	FDA	MEDA PHARMS	
2638	1208	1972-01-12	FDA	ALLERGAN	
2639	4488	1972-02-24	FDA	GE HEALTHCARE	
2640	1213	1972-06-20	FDA	BRISTOL MYERS SQUIBB	
2641	3909	1972-10-02	FDA	PHARMACIA AND UPJOHN	
2642	875	1973-05-30	FDA	TABLICAPS	
2643	2755	1973-07-30	FDA	MUTUAL PHARM	
2644	2095	1973-09-19	FDA	OAK PHARMS	
2645	2331	1973-08-07	FDA	IMPAX LABS	
2646	3356	1973-12-03	FDA	VALEANT PHARM INTL	
2647	530	1973-10-04	FDA	GLAXOSMITHKLINE	
2649	1519	1973-02-13	FDA	APOTHECON	
2650	826	1973-09-06	FDA	MERCK	
2651	4451	1973-12-19	FDA	NOVARTIS	
2652	1963	1973-04-30	FDA	WARNER CHILCOTT LLC	
2653	4142	1973-11-26	FDA	KING PHARMS	
2654	1583	1974-12-19	FDA	REED AND CARNRICK	
2655	574	1974-12-18	FDA	LILLY	
2656	704	1974-09-03	FDA	BOEHRINGER INGELHEIM	t
2657	1115	2008-08-28	EMA		
2658	720	1974-09-17	FDA	GLAXOSMITHKLINE	
2659	4146	1974-05-02	FDA	WATSON LABS	
2660	575	1974-03-12	FDA	APOTHECON	
2661	576	1974-08-19	FDA	APOTHECON	
2662	757	1974-07-31	FDA	ALCON LABS INC	
2663	1501	1974-01-30	FDA	ALCON	
2664	1057	1975-07-23	FDA	BRISTOL MYERS SQUIBB	
2665	353	1975-01-29	FDA	SCHERING	
2666	496	1975-05-02	FDA	MERCK SHARP DOHME	
2667	4189	1975-10-03	FDA	ACTAVIS LABS UT INC	
2668	2279	1976-02-04	FDA	ALZA	
2669	597	1976-09-17	FDA	MOLNLYCKE HLTH	
2670	1313	1976-10-28	FDA	SANDOZ	
2671	3487	1976-08-13	FDA	SEBELA IRELAND LTD	
2672	335	1976-09-02	FDA	LANNETT	
2673	2122	1976-07-28	FDA	TG UNITED LABS	
2674	4998	1976-04-30	FDA	BAYER PHARMS	
2675	4504	1978-03-17	FDA	RANBAXY	
2676	4454	1978-06-23	FDA	WATSON LABS	
2677	782	1979-07-03	FDA	JACOBUS	
2678	4296	1979-11-09	FDA	MEDPOINTE PHARM HLC	
2679	3591	1979-11-30	FDA	FOUGERA PHARMS	
2680	3188	1979-02-21	FDA	WATSON LABS	
2681	2424	1979-12-31	FDA	NOVARTIS	
2682	1059	1979-08-15	FDA	PHARMACIA AND UPJOHN	
2683	2145	1980-01-10	FDA	SANDOZ	
2684	657	1980-06-13	FDA	LILLY	
2685	2042	1980-04-17	FDA	NOVARTIS	
2686	922	1980-05-02	FDA	ALLERGAN	
2687	4512	1980-12-23	FDA	ROXANE	
2688	1952	1981-05-28	FDA	FOUGERA	
2689	4631	1974-05-10	FDA	ROCHE	
2690	157	1981-01-22	FDA	APOTHECON	
2691	2503	1981-10-28	FDA	ROCHE	
2692	4390	1981-11-05	FDA	WARNER CHILCOTT LLC	
2693	4290	1981-10-06	FDA	BAXTER HLTHCARE	
2694	741	1982-05-28	FDA	KING PHARMS	
2695	4330	2012-05-10	EMA		
2696	4922	2014-12-19	FDA	CUBIST PHARMS	
2699	4	1999-08-05	FDA	PURDUE PHARMA LP	
2700	67	1975-04-24	FDA	NOVARTIS	
2701	168	2004-07-27	FDA	GALDERMA LABS LP	
2702	192	1974-12-09	FDA	APOTHECON	
2703	197	1964-11-12	FDA	APOTHECON	
2704	224	1990-04-30	FDA	NOVARTIS	
2705	228	2004-04-20	FDA	US WORLDMEDS	t
2706	328	1984-10-26	FDA	VALEANT INTL	
2707	373	1953-02-20	FDA	HOSPIRA	
2708	375	2004-05-10	FDA	BRAINTREE	
2709	394	1986-03-06	FDA	INTL MEDICATION	
2710	401	2005-03-24	FDA	BAUSCH AND LOMB INC	
2711	441	1976-05-04	FDA	ACTAVIS LABS UT INC	
2712	450	1995-12-21	FDA	BAYER	
2713	499	1974-12-27	FDA	MCNEIL	
2714	566	1987-12-28	FDA	GLAXOSMITHKLINE	
2715	621	1957-09-18	FDA	GLAXOSMITHKLINE	
2716	632	1979-09-13	FDA	WYETH AYERST	
2717	666	1982-06-22	FDA	BAXTER HLTHCARE	
2718	669	1984-08-06	FDA	DR REDDYS LABS INC	
2719	679	1986-04-07	FDA	PHARMACIA AND UPJOHN	
2720	726	1961-07-27	FDA	MERCK	t
2721	730	1990-08-02	FDA	GLAXOSMITHKLINE	
2722	761	1982-06-08	FDA	PHARMACIA AND UPJOHN	
2723	769	1986-10-22	FDA	HOSPIRA	
2724	838	1953-02-20	FDA	HOSPIRA	
2727	845	1946-01-17	FDA	B BRAUN	
2728	886	1958-07-07	FDA	CARACO	
2729	912	1976-05-18	FDA	PHARMACIA AND UPJOHN	
2730	915	1976-05-17	FDA	SCHERING	
2732	935	1964-06-08	FDA	BAXTER HLTHCARE	
2733	1006	1988-02-09	FDA	BIOVAIL LABS INTL	
2734	1064	1954-07-15	FDA	PAR STERILE PRODUCTS	
2735	1076	1946-01-17	FDA	B BRAUN	
2736	1216	1982-12-07	FDA	PHARMACIA AND UPJOHN	
2737	1217	1963-03-19	FDA	AQUA PHARMS	
2738	1231	1946-08-13	FDA	LEDERLE	
2739	1280	2003-03-28	FDA	ALLERGAN	
2740	1316	1982-05-06	FDA	B BRAUN	
2741	1318	2014-08-25	FDA	FRESENIUS KABI USA	
2742	1319	1976-05-25	FDA	HOSPIRA	
2743	1336	2002-07-12	FDA	RECKITT BENCKISER	
2744	1349	1990-12-17	FDA	RANBAXY	
2745	1393	1984-01-11	FDA	PURDUE PHARM PRODS	
2746	1413	2012-07-26	FDA	AMARIN PHARMS	
2747	1447	1940-04-30	FDA	ISO TEX	
2748	1452	1978-07-25	FDA	BRACCO	
2749	1505	1968-01-16	FDA	ASTRAZENECA	
2750	1566	2007-05-25	FDA	UCB INC	
2751	1569	1996-12-20	FDA	JANSSEN PHARMS	
2752	1611	1998-03-09	FDA	BAUSCH AND LOMB	
2753	1702	1978-01-26	FDA	SCHERING	
2754	1704	1955-04-28	FDA	MEDPOINTE PHARM HLC	
2755	1728	1947-08-13	FDA	ROXANE	
2757	1800	1974-01-08	FDA	INSIGHT PHARMS	
2758	1832	1987-04-30	FDA	MERCK SHARP DOHME	
2759	1845		FDA		
2760	1860	2004-02-27	FDA	NOVARTIS	
2761	1881	1962-10-05	FDA	ASPEN GLOBAL INC	
2762	1897	2013-05-31	FDA	ECLAT PHARMS LLC	
2763	1906	1953-02-20	FDA	HOSPIRA	
2765	1920	1991-11-07	FDA	SANOFI AVENTIS US	
2766	1968	1989-12-29	FDA	JANSSEN PHARMS	
2767	1977	1964-07-08	FDA	DELCOR ASSET CORP	
2768	2055	1993-12-29	FDA	HOSPIRA	
2769	2120	2001-06-26	FDA	ABLE	
2770	2132	1994-06-08	FDA	ALCON	
2772	2149	2000-09-29	FDA	ALPHARMA US PHARMS	
2773	2243	1991-09-23	FDA	VALEANT PHARMS NORTH	
2774	2282	2000-07-14	FDA	GLAXOSMITHKLINE	
2775	2358	1977-08-29	FDA	SANDOZ	
2776	2370	1955-10-12	FDA	LANNETT	
2777	2374	1953-02-20	FDA	HOSPIRA	
2778	2390	1991-01-22	FDA	HOSPIRA	
2779	2462	1971-08-20	FDA	HOSPIRA	
2780	2492	1986-12-31	FDA	PFIZER	
2781	2521	1965-06-05	FDA	MEDA PHARMS	
2782	2523	1974-04-02	FDA	PURDUE FREDERICK	
2783	2546	1988-12-23	FDA	ALCON	
2784	2548	2002-04-04	FDA	CHIRHOCLIN	t
2785	2566	1985-08-07	FDA	MALLINCKRODT INC	
2786	2592	2009-11-05	FDA	HETERO DRUGS LTD	
2787	2608	2014-03-05	FDA	ENDO PHARMS INC	
2788	2610	2005-06-23	FDA	GALEN SPECIALTY	
2789	2646	2000-08-21	FDA	STEVENS J	
2790	2763	1983-05-17	FDA	SANDOZ	
2791	2798	1995-06-23	FDA	GLAXOSMITHKLINE	
2793	2831	1953-02-20	FDA	HOSPIRA	
2795	2832	1993-12-29	FDA	HOSPIRA	
2796	2834	1953-02-20	FDA	HOSPIRA	
2797	2835	1957-07-24	FDA	MEDPOINTE PHARM HLC	
2799	2836	1993-12-29	FDA	HOSPIRA	
2800	2840	2000-05-18	FDA	SANDOZ	
2802	2843	2000-05-18	FDA	SANDOZ	
2803	2854	1987-03-26	FDA	LYNE	
2804	3064	2009-11-16	FDA	ACORDA	
2805	3152	1997-06-26	FDA	MCNEIL	
2806	3282	2002-01-18	FDA	GALDERMA LABS LP	
2807	3395	2006-07-21	FDA	LOREAL USA	
2808	3412	1992-12-07	FDA	BAYER HEALTHCARE LLC	
2809	3481	1990-12-13	FDA	ACTAVIS LABS UT INC	
2810	3534	2008-11-14	FDA	EISAI INC	
2811	3613	1953-02-20	FDA	HOSPIRA	
2812	3631	1997-07-11	FDA	COLGATE PALMOLIVE	
2813	3959	1982-03-31	FDA	PRECISION DERMAT	
2814	3966	1981-08-14	FDA	BRACCO	
2817	4151	2008-10-08	FDA	ACTAVIS LABS UT INC	
2818	4195	2000-05-18	FDA	SANDOZ	
2819	4198	1965-12-16	FDA	HOSPIRA	
2820	4199	1965-12-16	FDA	HOSPIRA	
2821	4200	1975-08-13	FDA	HOSPIRA	
2822	4201	1971-03-22	FDA	BAXTER HLTHCARE	
2823	4202	1971-03-22	FDA	BAXTER HLTHCARE	
2825	4203	1983-05-04	FDA	HOSPIRA	
2826	4205	1981-10-28	FDA	ALCON	
2827	4206	1975-12-03	FDA	HOSPIRA	
2828	4208	1955-08-02	FDA	BRACCO	
2829	4211	1960-05-17	FDA	HI TECH PHARMA	
2831	4212	1986-04-30	FDA	HOSPIRA	
2832	4214	1975-08-13	FDA	HOSPIRA	
2833	4215		FDA		
2834	4217	1971-09-24	FDA	B BRAUN	
2838	4237	2006-10-05	FDA	LOREAL USA	
2839	4239	2000-10-16	FDA	MCNEIL CONS	
2840	4240	2006-02-16	FDA	DELCOR ASSET	
2841	4242	1992-12-07	FDA	BAYER HEALTHCARE LLC	
2842	4244	2000-10-16	FDA	MCNEIL CONS	
2843	4245	2008-02-20	FDA	HISAMITSU PHARM CO	
2844	4249	1985-11-29	FDA	BECTON DICKINSON	
2845	4250	1983-12-09	FDA	SANOFI AVENTIS US	
2846	4252	1986-08-06	FDA	CHESEBROUGH PONDS	
2847	4253	1984-07-13	FDA	BRAINTREE	
2848	4257	1996-08-15	FDA	PROMETHEUS LABS	
2849	4261	1986-07-18	FDA	GD SEARLE LLC	
2850	4264	1966-10-05	FDA	HOSPIRA	
2851	4269	1980-02-22	FDA	ARMOUR PHARM	
2852	4275	1987-05-05	FDA	ABRAXIS PHARM	
2853	4276	2000-03-07	FDA	BAYER HEALTHCARE LLC	
2854	4282	1987-05-05	FDA	ABRAXIS PHARM	
2855	4287	1982-05-06	FDA	B BRAUN	
2856	4288	1990-10-02	FDA	UNITED GUARDIAN	
2857	4293	1982-06-22	FDA	BAXTER HLTHCARE	
2858	4295	2000-09-21	FDA	SALIX PHARMS	
2859	4304	2014-01-08	FDA	ASTRAZENECA AB	
2860	4309	1978-08-16	FDA	WATSON LABS	
2861	4323	1996-09-17	FDA	OTSUKA AMERICA	
2862	4331	2007-10-19	FDA	GENZYME	
2863	4344	1986-06-26	FDA	HOSPIRA	
2864	4350	1978-10-13	FDA	B BRAUN	
2865	4433	1972-12-04	FDA	ABBOTT	
2866	4455	1994-08-19	FDA	DOWNSTATE CLINCL	
2867	4476	1985-04-24	FDA	RANBAXY	
2868	4477	1980-10-03	FDA	B BRAUN	
2869	4478	1971-09-24	FDA	B BRAUN	
2870	4480	1979-02-02	FDA	BAXTER HLTHCARE	
2872	4489	1979-02-01	FDA	BAXTER HLTHCARE	
2873	4491	1999-02-18	FDA	SANOFI AVENTIS US	
2874	4496	1986-01-14	FDA	JANSSEN PHARMS	
2875	4505	2008-12-15	FDA	ABBVIE	
2876	4513	1983-12-09	FDA	SANOFI AVENTIS US	
2877	4518	1992-02-14	FDA	US ARMY	t
2878	4519	1985-08-30	FDA	MISSION PHARMA	
2880	4521	1997-12-19	FDA	BRACCO	
2881	4523	2005-08-12	FDA	MUTUAL PHARM CO INC	
2882	4528	1946-08-13	FDA	LEDERLE	
2883	4530	1986-06-26	FDA	HOSPIRA	
2884	4538	2014-09-05	FDA	KERYX BIOPHARMS	
2885	4605	1962-05-17	FDA	PAR STERILE PRODUCTS	
2886	4621	2010-09-24	FDA	BAYER HLTHCARE	
2887	4624	1987-12-23	FDA	B BRAUN	
2888	4695	1986-05-08	FDA	HOSPIRA	
2889	4721	2012-12-21	FDA	AEGERION	t
2890	4738	1990-08-02	FDA	GLAXOSMITHKLINE	
2891	4741	2012-12-28	FDA	JANSSEN THERAP	t
2892	4755	2013-03-13	FDA	NAVIDEA BIOPHARMS	
2893	4779	2012-07-16	FDA	FERRING PHARMS AS	
2894	4785	2006-10-31	FDA	MEDIGENE AG	
2895	4797	2011-01-14	FDA	HOPE PHARMS	
2896	4839	1993-12-29	FDA	BAYER HLTHCARE	
2897	4847	1968-06-21	FDA	MALLINCKRODT	
2898	4909	2001-05-07	FDA	GENZYME	
2899	4924	2014-09-04	FDA	MERCK SHARP DOHME	
2900	1455	1954-04-27	FDA	BRACCO	
2901	1474	1962-03-15	FDA	BRACCO	
2902	1469	1963-09-30	FDA	MALLINCKRODT	
2903	1789	1973-11-17	FDA	GE HEALTHCARE	
2904	4219	1983-05-10	FDA	HOSPIRA	
2905	167	2010-05-28	FDA	PHOTOCURE ASA	
2906	842	1957-12-03	FDA	ANI PHARMS	
2907	2990	2003-04-04	FDA	MARATHON PHARMS LLC	
2908	1944	2005-02-21	EMA	Swedish Orphan Biovitrum International AB	
2909	4533	1998-02-05	EMA		
2910	4533	1997-03-28	FDA	LANTHEUS MEDICAL	
2911	5004	2012-10-17	FDA	THROMBOGENICS, INC	
2912	5004	2013-03-13	EMA		
2914	283	2001-12-31	Korean Food and Drug Administration (KFDA)	CHOONGWAE	
2915	1286	2002-12-27	Korean Food and Drug Administration (KFDA)		
2916	3961	2008-10-28	Korean Food and Drug Administration (KFDA)		
2917	3525	2005-09-15	Korean Food and Drug Administration (KFDA)		
2918	5005	2007-07-18	Korean Food and Drug Administration (KFDA)		
2919	4514	2002-11-26	FDA	LILLY	
2920	4224	2008-09-16	PMDA		
2921	2706	2007-07-01	PMDA		
2922	4801	2013-08-26	EMA	Novartis Europharm Limited	
2923	4234	2012-03-27	FDA	TAKEDA PHARMS USA	
2924	5006	2015-06-22	FDA	MEDICINES CO	
2925	5006	2015-03-23	EMA		
2926	2046	2005-03-22	EMA		
2928	4298	2011-05-18	EMA		
2930	5007	2009-10-29	EMA		
2931	1416	2015-09-08	EMA		t
2932	5008	2015-06-25	EMA		
2933	4682	2015-08-28	EMA		t
2934	5009	2005-08-30	FDA	IPSEN INC	t
2935	5010	2015-07-02	FDA	VERTEX PHARMS INC	
2936	5009	2007-03-08	EMA		
2937	5011	1992-05-05	FDA	CHIRON	
2451	242	2004-06-04	EMA		
2452	4986	2002-01-31	FDA	AMGEN	
2453	4986	2002-08-22	EMA	Amgen Europe B.V.	
2454	4987	1991-02-20	FDA	AMGEN	
2457	2873	2004-12-15	FDA	SUNOVION PHARMS INC	
2412	249	1988-12-31	FDA		
2413	3312	2015-04-15	FDA	AMGEN INC	
2415	1782	1979-02-07	FDA	BAXTER HLTHCARE CORP	
2416	4976	1969-07-29	FDA	SANDOZ	
2418	4977	2014-04-23	FDA	JANSSEN BIOTECH	
2419	4977	2014-05-22	EMA		t
2420	4164	2009-06-30	EMA		
2421	4904	2003-09-08	EMA	AbbVie Deutschland GmbH Co. KG	
2422	4978	1998-11-02	FDA	IMMUNEX	
2423	4978	2000-02-03	EMA		
2424	4961	2014-10-15	EMA		
2425	4955	2007-12-03	EMA	Amgen Europe B.V.	
2426	812	1964-11-20	FDA	SANOFI AVENTIS US	
2427	765	1961-10-17	FDA		
2428	966	1970-06-11	FDA	AKORN INC	
2429	4137	2007-06-25	EMA		
2430	4979	1998-09-25	FDA	GENENTECH	
2431	2611	1953-11-19	FDA		
2432	4151	2010-01-29	EMA		
2433	4141	2005-12-31	Korean Food and Drug Administration (KFDA)		
2435	4980	2000-05-17	FDA	WYETH PHARMS INC	t
2437	4981	2000-06-07	FDA	NOVO NORDISK INC	
2438	354	1967-09-02	FDA	SCHERING	
2439	4982	2014-05-20	FDA	TAKEDA PHARMS USA	
2440	4982	2014-05-22	EMA		
2441	4983	2013-11-01	FDA	GENENTECH	
2442	4983	2014-07-23	EMA		t
2443	4972	2005-10-25	EMA	Novartis Europharm Ltd	
2444	4984	2002-02-19	FDA	SPECTRUM PHARMS	
2445	4984	2004-01-16	EMA		
2446	3642	2007-09-26	EMA		
2447	4833	2012-06-27	Korean Food and Drug Administration (KFDA)		
2448	4985	2005-06-16	FDA	NOVO NORDISK INC	
2449	4985	2004-06-01	EMA		
2450	3502	2009-10-15	EMA		
2315	2228	1961-09-26	FDA	PFIZER	
2316	4220	2007-04-24	EMA		
2317	254	2004-03-02	EMA		
2318	4941	2015-02-03	FDA	PFIZER INC	
2319	4718	2012-08-30	EMA	NPS Pharma Holdings Limited	t
2320	4166	2009-05-15	EMA		
2321	4118	2010-06-14	EMA		
2322	4942	2015-02-13	FDA	EISAI INC	t
2323	2612	2008-12-02	EMA		t
2324	4943	2006-10-06	FDA	SUNOVION	
2325	4944	2014-02-20	EMA		
2326	4192	2011-11-16	EMA		t
2327	4682	2015-02-23	FDA	NOVARTIS PHARMS CORP	
2328	4946	2015-02-25	FDA	CEREXA INC	
2329	4866	2015-02-26	EMA		
2330	1137	2015-02-26	EMA		
2331	4110	2015-02-26	EMA		
2332	3312	2005-10-25	EMA	Les Laboratoires Servier	
2333	4812	2014-05-14	EMA		
2334	647	2004-10-22	EMA		
2335	2716	2001-11-27	EMA		
2336	2352	2007-12-20	EMA		
2337	4187	2012-10-23	EMA		
2338	4053	2007-05-30	PMDA		
2339	4224	2011-02-28	EMA	Roche Registration Limited	t
2340	4173	2011-09-19	EMA	Janssen-Cilag International N.V.	
2341	1770	1959-05-27	FDA	PHARMACIA AND UPJOHN	
2342	4947	2015-03-06	FDA	ASTELLAS	
2343	4948	2015-03-10	FDA	UNITED THERAP	t
2344	4305	2013-06-21	EMA		
2345	4633	2007-09-17	EMA	Pharma Mar S.A.	t
2348	4949	2011-07-13	EMA	Glaxo Group Ltd.	
2349	4949	2011-03-09	FDA	HUMAN GENOME SCIENCES INC.	
2350	4304	2012-11-12	EMA		
2351	1225	1990-12-14	FDA	FOUGERA PHARMS	
2352	1191	1955-08-18	FDA		
2353	4950	1993-12-16	FDA	CENTOCOR INC	
2354	4951	2009-10-26	FDA	GLAXO GRP LTD	
2358	1118	2011-09-02	EMA		
2359	4952	2009-06-17	FDA	NOVARTIS PHARMS	
2360	4952	2009-10-23	EMA		
2361	3096	2015-03-17	FDA	RTRX	t
2362	4953	1997-12-10	FDA	HOFFMAN-LA ROCHE	
2363	4953	1999-02-26	EMA		
2364	4954	2004-02-12	FDA	IMCLONE	
2365	4954	2004-06-29	EMA		
2366	1048	1964-06-24	FDA	ARBOR PHARMS LLC	
2367	2696	1961-06-22	FDA		
2368	1053	2002-08-14	FDA	FOREST LABS	
2370	4955	2006-09-27	FDA	AMGEN	
2371	4956	2004-02-26	FDA	GENENTECH	
2372	4956	2005-12-01	EMA	Roche Registration Limited	
2373	4957	2012-06-08	FDA	GENENTECH	
2375	4957	2013-03-04	EMA		
2376	4958	2011-03-25	FDA	BRISTOL MYERS SQUIBB	t
2377	4958	2011-07-13	EMA		
2378	4959	2003-10-27	FDA	GENENTECH	
2379	4959	2004-09-20	EMA		
2380	4960	2013-01-21	EMA		
2381	4961	2012-12-14	FDA	HUMAN GENOME SCIENCES INC.	
2382	1429	1998-09-18	EMA		
2383	4916	2012-11-22	EMA	Bayer AG	
2384	4942	2015-05-28	EMA	Eisai Europe Ltd	t
2385	4873	2015-03-23	EMA	Merck Sharp & Dohme Ltd	
2386	4964	2011-08-19	FDA	SEATTLE GENETICS	t
2387	4965	2010-06-01	FDA	AMGEN	
2388	4966	2009-09-25	FDA	CENTOCOR ORTHO BIOTECH INC	
2389	4967	2009-04-24	FDA	CENTOCOR ORTHO BIOTECH INC	
2390	4967	2009-10-01	EMA		
2391	4966	2009-01-01	EMA		
2392	4965	2010-05-26	EMA	Amgen Europe B.V.	
2393	1548	2008-06-10	EMA		
2394	4968	2008-04-22	FDA	UCB INC	
2395	4968	2009-10-01	EMA		
2396	4969	2007-03-16	FDA	ALEXION PHARM	
2397	4969	2007-06-20	EMA		
2398	4227	2013-07-12	EMA	Roche Registration Ltd	
2399	4970	2004-11-23	FDA	BIOGEN IDEC	
2400	4971	2006-06-30	FDA	GENENTECH	
2401	4971	2007-01-22	EMA	Novartis Europharm Limited	
2402	4972	2003-06-20	FDA	GENENTECH	
2403	4970	2006-06-27	EMA	Biogen Netherlands B.V.	
2404	4143	2007-02-12	EMA	Janssen-Cilag International NV	
2405	2255	2004-07-06	EMA		
2406	4973	2014-12-23	China Food and Drug Administration (CFDA)		
2407	1511	1990-12-20	FDA	SMITHKLINE BEECHAM	
2408	4974	1998-08-24	FDA	CENTOCOR INC	
2409	4974	1999-08-13	EMA		
2410	4975	1997-11-26	FDA	GENENTECH	
2411	4975	1998-06-02	EMA	Roche Registration GmbH	
2240	2166	1974-07-29	FDA		t
2241	4918	2006-07-24	FDA	SHIRE	
2242	4501	2007-06-05	FDA	CEPHALON	
2243	4920	2014-12-17	FDA	ALCON RES LTD	
2244	4921	2014-12-18	EMA	Zambon SpA	
2245	777	2014-12-18	EMA		
2246	4907	2014-12-19	FDA	ASTRAZENECA PHARMS	
2247	4913	2014-12-19	FDA	ABBVIE INC	
2248	4912	2014-12-19	FDA	ABBVIE INC	
2249	4914	2014-12-19	FDA	ABBVIE INC	
2251	4885	2014-11-22	EMA		
2252	836	2001-11-13	FDA	NOVARTIS	
2253	3548	2006-08-10	EMA	Pfizer Ltd	
2254	4823	2014-12-19	FDA	BIOCRYST	
2255	4923	2014-12-22	FDA	BRISTOL MYERS SQUIBB	t
2256	4878	2014-07-25	EMA		
2258	4673	2009-01-21	PMDA		
2259	1255	2004-03-10	EMA		
2260	4171	2011-03-17	EMA		
2261	3531	2011-02-28	EMA		
2262	1571	1997-01-07	EMA		
2264	4616	2008-07-02	EMA		
2267	4872	2014-07-31	EMA	PTC Therapeutics International Limited	t
2268	4150	2006-06-19	EMA		
2269	2063	2002-03-22	EMA		
2270	3096	2013-09-12	EMA	Laboratoires CTRS	t
2271	4323	1997-08-14	EMA		
2272	34	1999-07-08	EMA		
2273	4176	2011-09-05	EMA	Janssen-Cilag International N.V.	
2274	4484	2012-07-20	EMA		
2275	88	2003-03-06	EMA		
2276	200	2000-10-20	EMA		
2277	708	1998-07-15	EMA		
2278	2868	2001-03-20	EMA		
2279	701	1989-12-29	FDA	MALLINCKRODT LLC	
2280	4897	2015-01-08	FDA	DAIICHI SANKYO	
2281	1818	2011-04-22	PMDA		
2282	2032	1986-05-30	FDA	BAYER HEALTHCARE LLC	
2283	2360	2011-09-26	PMDA		
2284	4809	2013-12-20	EMA		
2285	4925	1997-12-16	FDA	OMJ PHARMACEUTICALS	
2286	408	1957-08-23	FDA		
2287	2232	2004-10-22	PMDA		
2288	4927	2014-04-15	FDA	GLAXOSMITHKLINE LLC	
2289	4928	1986-09-18	FDA	SERONO	t
2291	4931	1950-07-03	FDA	SANOFI AVENTIS US	
2292	4932	1997-11-17	EMA	Genzyme Europe B.V.	
2293	4932	1994-05-23	FDA	GENZYME	t
2294	4933	2009-01-16	EMA	Chugai Pharmaceutical Co., Ltd	
2295	4933	2010-01-08	FDA	GENENTECH	
2296	4933	2008-03-06	PMDA	Chugai Pharmaceutical Co., Ltd	
2297	4934	2015-01-21	FDA	NOVARTIS PHARMS CORP	
2298	4498	2009-07-31	FDA	JANSSEN PHARMS	
2299	4654	2013-08-26	EMA		
2300	4917	2014-12-19	EMA	Eli Lilly Nederland B.V.	
2301	4935	1999-08-13	EMA		
2302	4935	1998-06-19	FDA	MEDIMMUNE	
2303	4936	2015-01-23	FDA	NPS PHARMS INC	
2304	2544	2006-07-19	EMA	Pfizer Limited	
2305	4758	2014-07-04	PMDA	MITSUBISHI TANABE PHARMA CORPORATION	
2306	4874	2014-07-04	PMDA		
2307	4819	2014-07-04	PMDA		
2308	4937	2014-07-04	PMDA	Chugai Pharmaceutical Co., Ltd	t
2309	4938	2014-09-26	PMDA	Kowa Company, Ltd	
2310	4939	2014-09-26	PMDA		
2311	4336	2009-12-23	EMA	BioMarin Europe Ltd	t
2312	4810	2014-10-21	EMA		
2313	4940	1998-05-12	FDA	NOVARTIS	
2314	4940	1998-10-09	EMA		
1	4836	2014-12-12	EMA	Clinuvel UK Limited	t
2	4898	2014-10-10	FDA	HELSINN HLTHCARE	
3	4899	2014-10-10	FDA	GILEAD SCIENCES INC	
4	4903	2014-10-15	FDA	BOEHRINGER INGELHEIM	t
5	4885	2014-09-18	FDA	ELI LILLY AND CO	
6	4884	1998-07-01	FDA	ONY	t
7	4880	1996-12-20	FDA	TEVA PHARMS USA	t
8	4881	2014-08-13	FDA	MERCK SHARP DOHME	
9	4873	2014-06-20	FDA	CUBIST PHARMS INC	
10	4874	2014-06-06	FDA	DOW PHARM	
11	4876	2014-07-03	FDA	SPECTRUM PHARMS	
12	4877	2014-07-07	FDA	ANACOR PHARMS INC	
13	4878	2014-07-23	FDA	GILEAD SCIENCES INC	
14	4866	2014-04-29	FDA	NOVARTIS PHARMS CORP	
15	4832	2014-09-16	FDA	ASTRAZENECA PHARMS	
16	4834	2014-08-19	FDA	GENZYME CORP	
17	4829	2014-03-21	FDA	CELGENE CORP	
18	4830	2014-08-01	FDA	BOEHRINGER INGELHEIM	
19	4818	2014-03-19	FDA	PIRAMAL IMAGING	
20	4820	2014-01-31	FDA	VANDA PHARMS INC	t
21	4813	2013-11-14	FDA	MEDICIS	
22	4814	2014-07-31	FDA	BOEHRINGER INGELHEIM	
23	4816	2013-12-18	FDA	GLAXOSMITHKLINE	
24	4806	2013-09-30	FDA	TAKEDA PHARMS USA	
25	4807	2013-10-08	FDA	BAYER HLTHCARE	t
26	4809	2013-10-18	FDA	ACTELION PHARMS LTD	t
27	4810	2013-11-13	FDA	PHARMACYCLICS INC	t
28	4811	2013-12-06	FDA	GILEAD SCIENCES INC	
29	4812	2013-11-22	FDA	JANSSEN PRODS	
30	4805	2013-08-12	FDA	VIIV HLTHCARE	
32	4757	2013-03-27	FDA	BIOGEN IDEC INC	
33	4758	2013-03-29	FDA	JANSSEN PHARMS	
34	4745	2013-02-01	FDA	HYPERION THERAP INC	t
35	4746	2013-02-08	FDA	CELGENE	t
36	4749	2013-02-26	FDA	SHIONOGI INC	
37	4750	1990-08-02	FDA	GLAXOSMITHKLINE	t
38	4751	1998-08-26	FDA	NOVARTIS	
39	4752	2000-02-23	FDA	ALCON PHARMS LTD	
40	4753	2004-08-11	FDA	HAMELN PHARMA PLUS	t
41	4754	2004-08-11	FDA	HAMELN PHARMA PLUS	t
42	4654	2012-09-27	FDA	BAYER HLTHCARE	
43	4236	1992-12-07	FDA		
44	4229	2012-02-10	FDA	OAK PHARMS INC	
45	4230	2011-01-14	FDA	GE HLTHCARE INC	
46	4220	2006-10-25	FDA	NOVARTIS	
47	4221	1999-12-10	FDA		
48	4223	2011-01-21	FDA	FOREST LABS LLC	
49	4224	2014-10-15	FDA	GENENTECH INC	
50	4225	2012-01-27	FDA	PFIZER	
51	4226	2012-01-23	FDA	LEO PHARMA AS	
52	4186	2011-08-25	FDA	SHIRE ORPHAN THERAP	t
53	4187	2011-08-26	FDA	PF PRISM CV	t
54	4188	2011-10-14	FDA	APOPHARMA INC	t
55	1948	1999-12-23	FDA	INO	t
56	1344	1939-10-02	FDA	MERCK SHARP DOHME	
57	58	1983-05-31	FDA	MISSION PHARMA	
58	1399	1967-12-07	FDA	BRISTOL MYERS SQUIBB	
59	768	1994-08-15	FDA	MYLAN	t
60	906	1978-04-04	FDA	MYLAN INSTITUTIONAL	
61	1233	1997-12-04	FDA	PALADIN LABS	t
62	759	1964-06-29	FDA	PURDUE GMP	
63	334	2009-04-09	FDA	SHIONOGI INC	
64	1375	1939-04-25	FDA	LILLY	
65	1745	1950-06-21	FDA		
66	347	1996-10-25	FDA	RARE DIS THERAP	t
67	2771	1965-12-16	FDA	HOSPIRA	
68	2328	1971-06-03	FDA	DAVA PHARMS INC	
69	3150	1946-05-06	FDA	AKORN	
70	1241	1991-09-27	FDA	CLINIGEN HLTHCARE	
71	1188	1971-11-26	FDA	VALEANT	
72	2819	2009-08-21	FDA	LUNDBECK LLC	
73	1725	1995-03-03	FDA	BRISTOL MYERS SQUIBB	
74	26	1962-04-25	FDA	SPECTRUM PHARMS	t
75	166	1999-12-03	FDA	DUSA	
76	163	1964-06-03	FDA	CLOVER PHARMS	
77	2715	1961-02-21	FDA	COVIS PHARMA	
78	124	1966-08-19	FDA	PROMETHEUS LABS	
79	2123	1961-06-09	FDA	PARKE DAVIS	
81	2231	1964-03-11	FDA	BAXTER HLTHCARE CORP	
82	1243	1996-12-19	FDA	ZAMBON SPA	
83	1087	1960-11-02	FDA	PARKE DAVIS	
84	1711	1988-12-30	FDA	BAXTER HLTHCARE	t
85	2751	1946-01-25	FDA	ABBVIE	
86	2803	1978-02-28	FDA	ABBVIE	
87	1311	2004-06-10	FDA	EMMAUS MEDCL	t
88	65	1973-10-09	FDA		
89	2738	1985-11-08	FDA	ATON	t
90	488	1972-09-28	FDA	ALCON	
91	2081	1970-12-04	FDA	ATON	
92	2140	1959-05-04	FDA		
93	1732	1943-12-31	FDA	RECORDATI RARE	
94	1708	1953-09-11	FDA	STASON PHARMS	
95	1710	1987-12-24	FDA	MEDA PHARMS	
96	947	1974-02-25	FDA		
97	1647	1949-03-15	FDA	RECORDATI RARE	
98	2059	1949-06-15	FDA		
99	2713	1986-12-30	FDA	PHARMACIA AND UPJOHN	t
100	2255	2004-12-30	FDA	PF PRISM CV	
101	2065	1961-01-01	FDA		
102	1384	1953-01-15	FDA		
103	2695	1948-03-17	FDA	NOVARTIS	
104	1726	1986-10-31	FDA	METHAPHARM	
105	358	1948-10-12	FDA		
106	513	1985-12-27	FDA	SIGMA TAU	t
107	2676	1988-08-11	FDA	MISSION PHARMA	t
108	66	1963-09-14	FDA	APOTHECON	t
109	24	1996-04-30	FDA	HYPERION THERAPS INC	t
110	988	1951-05-03	FDA		
111	1083	1965-04-30	FDA	WYETH PHARMS INC	
112	2632	1966-01-18	FDA	ASPEN GLOBAL INC	
113	1646	1956-03-01	FDA		
114	811	1992-09-18	FDA	BAXTER HLTHCARE	
115	1960	1950-07-13	FDA	HOSPIRA	
116	1563	1999-11-30	FDA	UCB INC	
117	2308	1947-07-28	FDA	DAVA PHARMS INC	
118	1790	1963-07-18	FDA	GD SEARLE LLC	
119	1264	1993-12-30	FDA	PFIZER PHARMS	t
120	3521	2006-05-16	FDA	TEVA	
121	2075	1975-01-27	FDA		
122	2302	1989-10-02	FDA	FRESENIUS KABI USA	
123	1794	1985-12-30	FDA		
124	2383	1993-09-17	FDA	CARACO	
125	1679	2003-10-16	FDA	FOREST LABS LLC	
126	2620	1940-04-19	FDA	GD SEARLE LLC	
127	38	2004-07-29	FDA	FOREST LABS	
128	2330	1955-04-06	FDA	VALEANT PHARMS LLC	
129	990	1990-11-28	FDA		
130	773	1975-05-27	FDA	BAYER HLTHCARE	
131	2486	1991-01-30	FDA	RECORDATI RARE	t
132	1028	1948-11-19	FDA		
133	1493	1979-12-18	FDA	BAXTER HLTHCARE	
134	1009	1972-08-28	FDA	BAXTER HLTHCARE	
135	201	1984-07-31	FDA	SANOFI AVENTIS US	
136	2429	1989-06-05	FDA	SOMERSET	t
137	2104	2001-07-31	FDA	LANTHEUS MEDCL	
138	270	1995-09-13	FDA	ALLERGAN	
139	2638	1959-03-09	FDA		t
140	728	1977-04-04	FDA	PHARMACIA AND UPJOHN	
141	3068	2010-03-18	FDA	ORPHAN EUROPE	t
142	1506	1991-12-30	FDA		
143	2686	1984-11-09	FDA		
144	2589	1999-08-11	FDA	MERCK SHARP DOHME	t
145	165	1944-12-30	FDA	MERCK	
146	1792	1979-10-03	FDA	ATON PHARMA VPNA	
147	1567	1970-06-04	FDA		
148	1356	1958-03-12	FDA		
149	244	2000-09-25	FDA	CEPHALON	t
150	1950	1945-10-04	FDA	SHIRE	
151	2551	1993-09-09	FDA		
152	1342	1960-07-05	FDA		
153	584	2000-01-11	FDA	DAIICHI SANKYO	
154	2439	1995-06-07	FDA	ABBVIE	
155	1834	1952-11-10	FDA		
156	835	1999-12-17	FDA	HOSPIRA	
157	2621	1967-04-07	FDA		
158	1758	1957-02-08	FDA	PARKE DAVIS	
159	744	1949-07-06	FDA	RANBAXY	
160	1088	1957-04-22	FDA	RECORDATI RARE	
161	1561	1990-06-18	FDA		
162	1073	1967-11-06	FDA	STI PHARMA LLC	
163	874	1959-08-06	FDA	ACTAVIS LABS UT INC	
164	1098	1977-09-01	FDA	PROCTER AND GAMBLE	
165	1407	1974-09-19	FDA		
166	1806	1996-12-18	FDA	PHARMACIA AND UPJOHN	
167	636	1982-12-30	FDA	MEDIMETRIKS PHARMS	
168	1814	1979-10-18	FDA		
169	141	1990-12-26	FDA	EISAI INC	t
170	1762	1962-12-20	FDA		
171	2856	1992-06-19	FDA	ROCHE	t
172	1809	1987-12-31	FDA	SANOFI AVENTIS US	
173	1720	1973-07-31	FDA		
174	2808	2006-05-10	FDA	PFIZER INC	
175	2233	1997-07-01	FDA	BOEHRINGER INGELHEIM	
176	2872	2000-03-27	FDA	EISAI INC	
177	439	1939-06-05	FDA	MEDA PHARMS	
178	971	2014-02-18	FDA	LUNDBECK NA LTD	t
179	1339	1982-12-29	FDA	PHARMACIA AND UPJOHN	
180	282	1977-11-22	FDA		t
181	611	1976-10-19	FDA		
182	512	1977-03-07	FDA	EMCURE PHARMS LTD	
183	156	1995-12-08	FDA	CLINIGEN HLTHCARE	t
184	30	1954-12-03	FDA	VALEANT PHARM INTL	
185	484	1981-04-06	FDA	PAR PHARM	
187	2267	1954-03-08	FDA	VALEANT	
188	1695	1946-10-23	FDA	NOVARTIS	
189	1807	2003-07-31	FDA	ACTELION PHARMS LTD	t
190	2265	1965-11-18	FDA		
191	1722	1962-08-13	FDA	KING PHARMS	
192	2272	1969-07-22	FDA	SIGMA TAU	
193	56	1953-07-27	FDA	TEVA BRANDED PHARM	
194	2478	1994-06-24	FDA	BRISTOL MYERS SQUIBB	
195	85	1982-03-29	FDA	VALEANT BERMUDA	
196	2598	1974-03-25	FDA		
197	790	2006-05-02	FDA	Astex Pharmaceuticals, Inc.	t
198	2074	1999-09-24	FDA		
199	2759	1964-07-24	FDA		
200	1863	1991-12-24	FDA		
201	1539	1995-11-17	FDA	VIIV HLTHCARE	
202	158	1981-10-05	FDA	PADDOCK LLC	
203	1883	1976-03-11	FDA	ROCHE PALO	
204	854	1973-01-22	FDA		
205	3952	1982-09-07	FDA		
206	1490	1959-07-01	FDA	VALIDUS PHARMS INC	
207	1875	1964-03-06	FDA		
208	164	1980-10-29	FDA	NOVARTIS	
209	1596	1976-08-04	FDA	CORDEN PHARMA	
210	2382	1995-12-12	FDA	COVIS PHARMA SARL	t
211	3364	1985-10-29	FDA		
212	1579	1948-11-19	FDA	FRESENIUS KABI USA	
213	2048	1991-10-31	FDA		
214	2270	1950-06-02	FDA		
215	869	1991-10-09	FDA	BRISTOL MYERS SQUIBB	
216	489	1968-03-11	FDA	NOVARTIS	
217	2862	1996-12-09	FDA	CHIESI USA INC	
218	1523	1970-02-19	FDA	PAR STERILE PRODUCTS	
219	1949	1953-02-06	FDA		
221	1140	1993-07-29	FDA	MEDA PHARMS	t
222	2428	1950-07-19	FDA		
223	105	1981-05-01	FDA	SCHERING	
224	329	1960-10-26	FDA	PHARMACIA AND UPJOHN	
225	435	1985-12-30	FDA	GLAXOSMITHKLINE	
226	2199	1986-12-30	FDA		
227	1429	1997-02-27	FDA	MEDICIS	
228	1747	1957-07-16	FDA	AUXILIUM PHARMS LLC	
229	2612	2007-12-13	FDA	BIOMARIN PHARM	
230	1663	1967-03-28	FDA	SHIONOGI INC	
231	1154	1976-03-16	FDA	XSPIRE	
232	694	1967-02-08	FDA		
233	770	1969-06-17	FDA		
234	1251	2001-11-08	FDA	ENDO PHARMS	
235	2373	1985-12-31	FDA	VALEANT PHARM INTL	t
236	25	2004-05-19	FDA	CELGENE	t
237	1219	1986-12-31	FDA	ALLERGAN	
238	1109	1982-09-07	FDA	HOSPIRA	
239	229	1987-12-31	FDA	ALCON	
240	1343	1986-10-27	FDA	PROMIUS PHARMA	
241	1184	1970-12-18	FDA		
242	438	1954-06-26	FDA	ASPEN GLOBAL	t
243	1808	2009-01-14	FDA	CYPRESS BIOSCIENCE	
244	1003	2003-07-02	FDA	GILEAD	
245	2671	2004-05-17	FDA	MISSION PHARMA	t
246	1690	1942-11-10	FDA	SANOFI AVENTIS US	
247	2176	1982-09-03	FDA		
248	2332	1953-01-23	FDA	AMEDRA PHARMS	
249	112	1995-09-29	FDA	MERCK AND CO INC	
250	2524	1939-03-09	FDA	LILLY	
251	1027	2003-10-16	FDA	ALLERGAN	
252	880	1982-04-19	FDA		
253	1285	1981-12-21	FDA	PFIZER PHARMS	
254	2392	2000-04-21	FDA	NOVARTIS	
255	2795	1962-09-13	FDA		
256	222	1957-04-05	FDA	SCHERING	
257	2017	2000-01-14	FDA	NOVARTIS	
258	645	1977-08-16	FDA		
259	2079	1996-09-24	FDA	DENCO ASSET	
260	2728	1964-08-10	FDA	CONCORDIA PHARMS INC	
261	2514	1973-07-30	FDA	MONARCH PHARMS	
262	2683	1996-11-27	FDA	ACORDA	t
263	976	1951-03-07	FDA		
264	1528	1986-01-09	FDA		
265	1803	1996-09-06	FDA		
266	1899	2005-08-19	FDA	ALCON PHARMS LTD	
267	1277	1989-06-23	FDA	ROCHE PALO	t
268	1529	1989-11-30	FDA		
269	916	1946-03-04	FDA	MCNEIL CONS	
270	256	2002-11-26	FDA	LILLY	
271	2762	1948-02-19	FDA	NOVARTIS	
272	209	1997-03-14	FDA	SHIRE LLC	t
273	1540	1994-12-27	FDA	GLAXOSMITHKLINE LLC	t
274	982	1960-06-27	FDA	WYETH PHARMS INC	
275	2699	1976-03-24	FDA		
276	2616	1998-07-16	FDA	CELGENE	t
277	3317	2005-12-27	FDA	CELGENE	t
278	2355	2005-07-22	FDA	TAKEDA PHARMS USA	
279	2303	1967-11-13	FDA	BAXTER HLTHCARE CORP	t
280	509	1959-04-09	FDA	MEDA PHARMS	
281	2402	1997-09-19	FDA	GLAXOSMITHKLINE LLC	
282	1421	1988-12-30	FDA	BAXTER HLTHCARE	t
283	758	1959-11-16	FDA	BAXTER HLTHCARE	
284	1748	1960-06-27	FDA	PAR STERILE PRODUCTS	
285	1283	1996-05-15	FDA	LILLY	
286	2711	1995-03-03	FDA	JANSSEN PHARMS	
287	2320	1967-09-27	FDA		
288	1971	1964-11-06	FDA		
289	2657	1991-10-31	FDA		
290	2483	1982-05-07	FDA	TEVA PHARMS USA	
291	103	1996-06-11	FDA	AMEDRA PHARMS	t
292	1816	1996-06-14	FDA	ORGANON USA INC	
293	1904	1996-06-21	FDA	BOEHRINGER INGELHEIM	
294	255	1981-08-19	FDA	ALVOGEN IPCO SARL	
295	2861	1987-03-19	FDA	VIIV HLTHCARE	t
296	2818	1976-11-26	FDA		
297	90	1989-10-30	FDA	ASTELLAS	
298	1786	1978-08-07	FDA	US PHARMS HOLDINGS I	
299	2098	1991-10-11	FDA	HOSPIRA INC	t
300	839	1995-05-26	FDA	PHARMACIA AND UPJOHN	t
301	2393	1998-06-29	FDA	MERCK	
302	1999	1957-05-10	FDA		
303	1552	1998-09-10	FDA	SANOFI AVENTIS US	
304	2512	1953-10-28	FDA		
305	962	1948-04-07	FDA	SANOFI AVENTIS US	
306	605	1955-03-11	FDA	FRESENIUS KABI USA	
307	2868	2001-08-20	FDA	NOVARTIS	t
308	2464	1992-10-30	FDA	COVIS PHARMA SARL	t
309	2697	1998-01-29	FDA	VALEANT PHARMS LLC	
310	1826	1998-12-24	FDA	CEPHALON	t
311	518	1987-12-31	FDA	ROCHE	
312	603	1960-05-20	FDA		
313	2403	1996-09-24	FDA	FRESENIUS KABI USA	
314	751	1977-08-26	FDA		
315	1223	1989-01-27	FDA		
316	1830	1974-01-18	FDA		
317	1097	1976-08-30	FDA		
318	622	1958-10-28	FDA	PFIZER	
319	269	1968-03-20	FDA	PROMETHEUS LABS	
320	1019	2005-03-29	FDA	BRISTOL MYERS SQUIBB	
321	2813	1993-12-28	FDA	WYETH PHARMS INC	
322	1634	1980-12-01	FDA		
323	180	1961-04-07	FDA	ASTRAZENECA	
324	2099	1984-08-30	FDA		
325	639	1996-06-26	FDA	GILEAD SCIENCES INC	
326	2009	1980-07-23	FDA		
327	956	1969-09-23	FDA		
328	2440	1997-11-22	FDA		
329	2511	1966-07-01	FDA		
330	1427	1959-04-16	FDA		
331	2142	1952-01-30	FDA	NOVARTIS	
332	4086	1988-12-22	FDA	QOL MEDCL	t
333	2387	1998-03-27	FDA	WARNER CHILCOTT LLC	
334	2774	1960-02-23	FDA		
335	3070	2000-04-03	FDA		
336	2284	1956-04-13	FDA		
337	1640	1973-06-14	FDA		
338	852	1963-11-15	FDA	ROCHE	
339	1556	1997-07-25	FDA	NOVARTIS PHARMS	
340	2268	1951-04-26	FDA		
341	3424	1967-07-24	FDA	HOSPIRA	
342	667	1993-02-26	FDA		t
343	4115	2009-08-13	FDA	FOREST LABS INC	
344	34	1998-12-17	FDA	VIIV HLTHCARE	
345	2015	1965-06-04	FDA		
346	1272	2001-02-28	FDA	JANSSEN PHARMS	
347	1103	1991-01-31	FDA	WYETH PHARMS INC	
348	2869	1997-11-25	FDA	IPR	
349	1872	1988-02-29	FDA	MERZ PHARMS	
350	2276	1955-07-27	FDA		
351	3249	2008-12-12	FDA		
352	432	1972-10-03	FDA	HOSPIRA	
353	1094	1964-05-28	FDA		
355	2343	1963-04-10	FDA		
356	1380	1943-03-23	FDA	ENDO PHARMS	
357	2489	1952-08-20	FDA	SANDOZ	
358	268	1977-03-29	FDA		
359	431	1985-12-19	FDA	ALLERGAN	
360	2078	1987-12-30	FDA		
361	2597	1992-12-30	FDA		
362	395	1996-09-06	FDA		
363	987	1953-07-16	FDA	MEDICIS	
364	520	1988-12-28	FDA		
365	2013	1992-10-29	FDA	GD SEARLE	
366	1992	1991-01-04	FDA	NOVARTIS PHARMS CORP	
367	210	1995-12-27	FDA	ASTRAZENECA	
368	2499	1975-09-12	FDA		
369	129	2000-02-09	FDA	PROMETHEUS LABS	
370	2294	1953-07-01	FDA		
371	2758	1979-06-12	FDA	ODYSSEY PHARMS	
372	3550	1946-08-13	FDA	ELKINS SINN	t
373	1056	1990-12-26	FDA	ABBOTT	
374	1641	1974-06-28	FDA		t
375	1054	1986-12-31	FDA	BAXTER HLTHCARE	
376	2543	1992-12-28	FDA	GLAXOSMITHKLINE	
377	609	1958-09-04	FDA	OAK PHARMS AKORN	
378	1650	1980-06-25	FDA		
379	865	1988-07-28	FDA		
380	2743	1980-04-10	FDA	MONARCH PHARMS	
381	1122	1999-10-21	FDA	PHARMACIA AND UPJOHN	t
382	1082	1943-06-25	FDA	SCHERING	
383	2046	2003-07-25	FDA	HELSINN HLTHCARE	
384	928	1951-08-28	FDA		
385	1892	2005-10-28	FDA	NOVARTIS PHARMS CORP	t
386	972	2004-08-03	FDA	LILLY	
387	1385	1959-02-12	FDA		
388	182	1996-12-17	FDA	ULURU	
389	245	2009-04-07	FDA		
390	1426	1985-11-26	FDA		
391	1386	1943-03-23	FDA	ENDO PHARMS	
392	594	1960-02-24	FDA	VALEANT PHARM INTL	
393	2572	1993-10-22	FDA		
394	2606	1969-06-03	FDA		
395	3862	1999-02-02	FDA	EISAI INC	t
396	2722	1971-10-20	FDA	VALEANT INTL	
397	1508	1982-05-07	FDA		
398	1095	1966-03-23	FDA		
399	2585	1981-02-27	FDA	MALLINCKRODT INC	
400	682	2011-10-21	FDA	LUNDBECK LLC	t
401	937	1978-07-18	FDA		
402	2579	2002-07-24	FDA		
403	2745	1949-05-13	FDA		
404	1988	1990-07-31	FDA	MEDA PHARMS	
405	1637	1992-09-04	FDA		
406	999	1997-12-29	FDA	ALCON	
407	1071	1967-01-10	FDA	ATON	
408	1195	1991-12-20	FDA		
409	691	2004-12-28	FDA	GENZYME	t
410	2136	1953-01-26	FDA	COVIS PHARMA SARL	
411	588	1957-03-18	FDA	ASPEN GLOBAL INC	
412	864	1958-07-22	FDA		t
413	1678	1964-01-17	FDA	GLAXOSMITHKLINE	t
414	1018	1999-10-19	FDA	ORION PHARMA	
415	2857	1999-08-13	FDA	PFIZER	
416	1153	1997-09-23	FDA	HOSPIRA	
417	2436	1991-12-30	FDA	PFIZER	
418	1187	1990-01-29	FDA	PFIZER	
419	1943	2002-11-22	FDA	ROMARK	t
420	2870	1992-12-16	FDA	SANOFI AVENTIS US	
421	356	1985-08-30	FDA	ALCON	
422	333	1954-03-05	FDA		
423	2847	1954-06-08	FDA	BRISTOL MYERS SQUIBB	
424	136	1981-10-16	FDA	PHARMACIA AND UPJOHN	
425	1209	1987-12-29	FDA	ELI LILLY AND CO	
426	1865	1979-12-10	FDA	KING PHARMS	
427	1779	1989-12-29	FDA	BAUSCH AND LOMB	
428	1530	1999-07-02	FDA		
430	313	1967-04-05	FDA		
431	868	1950-05-11	FDA	FOREST LABS INC	
432	1714	1961-03-09	FDA		
433	818	1992-12-10	FDA	ORGANON USA INC	
434	814	2001-12-21	FDA	MERCK SHARP DOHME	
435	2694	1966-07-18	FDA		
436	871	2010-05-06	FDA		
437	374	1959-09-08	FDA	ABBVIE	
438	3325	1993-09-23	FDA	ALCON	t
439	2001	1999-10-27	FDA	ROCHE	
440	2241	1982-12-29	FDA	BAYER HLTHCARE	
441	1329	1993-12-29	FDA	ROCHE	
442	1982	1996-09-30	FDA	LILLY	
443	191	1980-09-22	FDA	LEDERLE	
444	780	1974-01-15	FDA	PAR STERILE PRODUCTS	
445	2397	1999-05-20	FDA		
446	2799	2001-11-16	FDA		
448	4109	1985-05-31	FDA	ABBVIE	t
449	2105	1988-12-30	FDA		
450	711	1972-06-23	FDA	RECORDATI RARE	
451	4114	2009-07-31	FDA	ASTRAZENECA AB	
452	2407	2007-05-09	FDA	UCB INC	
453	989	1998-09-17	FDA	BRISTOL MYERS SQUIBB	
454	703	1975-06-04	FDA	ROCHE	
455	1137	2009-02-13	FDA	TAKEDA PHARMS USA	
456	4061	1978-08-17	FDA	ATON	
457	1933	1996-09-19	FDA	CONCORDIA PHARMS INC	
458	237	1997-09-12	FDA		
459	2609	2008-08-15	FDA	VALEANT PHARMS NORTH	t
460	1886	2000-12-22	FDA	NOVARTIS	
461	444	1996-10-18	FDA	MYLAN	
462	1230	1994-12-05	FDA		
463	1757	1953-04-09	FDA	FOUGERA PHARMS	
464	2737	1954-09-15	FDA		
465	2666	1997-03-07	FDA		
467	1404	2003-05-16	FDA	HOFFMANN LA ROCHE	
468	1967	1986-10-31	FDA		
469	607	1949-10-31	FDA	SANOFI AVENTIS US	
470	1820	1970-07-08	FDA	BRISTOL MYERS SQUIBB	
471	1013	1991-12-31	FDA		
472	1606	1977-09-30	FDA	VALEANT INTL	
473	1128	1994-06-29	FDA	NOVARTIS	
474	708	1997-11-17	FDA	SANOFI AVENTIS US	
475	3931	1997-09-11	FDA	SANOFI AVENTIS US	
476	2036	1960-12-21	FDA		
477	663	1998-07-17	FDA	FOREST LABS	
478	57	1964-12-23	FDA	LILLY	
479	2346	1950-07-12	FDA	LILLY	
480	949	1994-12-09	FDA	MERCK	
481	1110	2001-10-03	FDA		
482	380	1992-07-31	FDA	TEVA WOMENS	
483	781	1990-12-31	FDA	FERA PHARMS	
484	2705	1998-03-25	FDA	PHARMACIA AND UPJOHN	
485	1802	1985-12-20	FDA		t
486	78	1996-10-28	FDA	STIEFEL LABS INC	
487	940	2000-07-25	FDA		
488	722	1989-09-26	FDA	NOVARTIS	
489	1878	1971-04-13	FDA	ADAPT	
490	1959	2001-11-20	FDA		
491	454	1978-08-22	FDA		
492	1613	1975-02-25	FDA		
493	1531	1984-08-01	FDA	CNTY LINE PHARMS	
494	2477	1962-01-09	FDA		
495	1944	2002-01-18	FDA	SWEDISH ORPHAN	t
496	2068	1992-12-29	FDA	APOTEX TECHNOLOGIES	
497	1626	1982-08-02	FDA	TARO PHARMS NORTH	
498	1258	1966-07-01	FDA	SANOFI AVENTIS US	
499	1392	1959-07-22	FDA	SHIRE LLC	
500	659	1987-10-22	FDA	BAYER HLTHCARE	
501	2210	1982-04-06	FDA	PFIZER	
502	1955	1988-04-12	FDA		
503	1207	2020-03-09	FDA	BAUSCH	
504	2859	1999-07-26	FDA	GLAXOSMITHKLINE	
505	1475	1986-12-29	FDA		
506	1819	1981-08-24	FDA		
507	1884	1998-02-10	FDA	GLAXOSMITHKLINE LLC	
508	128	2001-05-07	FDA	JANSSEN PHARMS	
509	1395	1955-04-18	FDA	SANOFI AVENTIS US	
510	867	1944-07-31	FDA	ABBVIE	
511	40	1984-12-28	FDA	PROMIUS PHARMA	
512	1210	1956-10-15	FDA		
513	1584	2000-04-18	FDA	PHARMACIA AND UPJOHN	
514	1986	1996-12-18	FDA	ALCON	
515	1129	1986-10-15	FDA	VALEANT PHARMS NORTH	
516	779	1976-06-21	FDA		
517	3429	2002-05-31	FDA		
518	625	1960-04-07	FDA		
519	2706	1996-12-24	FDA	JANSSEN PHARMS	
520	1876	1995-04-17	FDA	EUROHLTH INTL SARL	
521	1764	1946-11-19	FDA	EDISON THERAPS LLC	
522	844	1957-08-16	FDA		
523	926	1977-09-01	FDA	GD SEARLE LLC	
524	2090	1984-10-16	FDA	FRESENIUS KABI USA	t
525	1736	1951-07-03	FDA	SHIRE	
526	1689	1956-11-14	FDA	SANOFI AVENTIS US	
527	2298	1960-12-05	FDA	HIKMA MAPLE	
528	1765	1984-11-20	FDA	TEVA WOMENS	t
530	2291	1989-11-27	FDA	GLAXOSMITHKLINE LLC	
531	1536	1976-03-25	FDA		
532	2729	1982-11-15	FDA	PHARMACIA AND UPJOHN	
533	671	1977-02-25	FDA		
534	1239	2001-02-16	FDA	NOVARTIS	
535	1662	1969-11-28	FDA	ALLERGAN	
536	719	1975-02-03	FDA		
537	1990	1989-09-14	FDA	ASTRAZENECA PHARMS	
538	1055	2001-02-20	FDA	ASTRAZENECA PHARMS	
539	1922	1981-12-31	FDA	PFIZER	
540	2708	1993-08-23	FDA	MEDA PHARMS	
541	82	1994-03-25	FDA	AUXILIUM PHARMS INC	
542	361	1999-12-29	FDA	VALEANT LUXEMBOURG	t
543	2846	2002-05-24	FDA	PF PRISM CV	
545	1603	1991-12-31	FDA		
546	1594	1992-02-21	FDA		
547	1676	2000-04-13	FDA	BOEHRINGER INGELHEIM	t
548	2571	1997-06-13	FDA	ALLERGAN	
549	2742	1957-09-16	FDA		
550	1034	1995-09-20	FDA	GLAXOSMITHKLINE LLC	t
551	913	1977-08-23	FDA	PHARMACIA AND UPJOHN	
552	1348	1981-09-24	FDA	SCHERING	
553	1775	1962-02-12	FDA		
554	1571	1993-07-09	FDA	ROXANE	t
555	1417	1963-06-11	FDA	ALLERGAN	
556	2801	2001-03-29	FDA	HOFFMANN LA ROCHE	
557	138	1981-10-16	FDA	PHARMACIA AND UPJOHN	
558	1116	1986-09-30	FDA		
559	2192	1966-07-01	FDA		
560	2534	1978-09-27	FDA	MERCK	
561	2179	1999-07-15	FDA	TAKEDA PHARMS USA	
563	284	2000-07-18	FDA	SALIX PHARMS	
564	647	2004-03-08	FDA	AMGEN	t
565	2405	1999-05-25	FDA	SB PHARMCO	
566	1874	1979-05-15	FDA		
567	2028	1975-07-16	FDA		
568	1440	1965-06-10	FDA		
569	302	2008-03-20	FDA	CEPHALON	t
570	2253	1955-02-21	FDA		
571	640	1985-11-26	FDA	MERCK	
572	480	1998-04-30	FDA	HOFFMANN LA ROCHE	
573	1330	1997-11-06	FDA	OTSUKA	
574	2350	1999-08-19	FDA	EISAI INC	
575	1759	1960-10-21	FDA		
576	2245	1955-06-21	FDA		
577	734	1950-06-13	FDA		
578	1422	2004-12-29	FDA	ACTELION PHARMS LTD	t
579	1152	1993-12-31	FDA	ABBVIE	
580	1981	1990-12-28	FDA		t
581	1247	1996-08-05	FDA	PARKE DAVIS	t
582	2316	1976-11-05	FDA		
583	2457	2004-11-19	FDA	ASTELLAS	
584	526	1978-02-17	FDA		
585	427	1983-02-28	FDA		
586	1189	1991-04-18	FDA		t
588	1783	1973-11-27	FDA	UCB INC	
589	1433	1983-07-06	FDA		
590	968	2019-05-23	FDA	EXELTIS USA INC	
591	342	1990-12-28	FDA		
592	258	1992-11-25	FDA		t
593	525	1979-04-04	FDA		
594	2108	1993-12-30	FDA	SYMPLMED PHARMS LLC	
595	2293	1953-04-02	FDA		
596	502	1979-01-09	FDA	PHARMACIA AND UPJOHN	
597	1547	1995-05-10	FDA	TAKEDA PHARMS USA	
598	2757	1993-12-17	FDA		
599	644	1999-01-15	FDA	OTSUKA	
600	2384	1994-12-30	FDA	ALCON	
601	2637	1962-03-15	FDA		
602	1889	1992-12-30	FDA	KING PHARMS	
603	2561	1977-12-30	FDA		
604	2717	1981-12-24	FDA		
605	821	1939-08-17	FDA	ORGANON USA INC	
606	1862	1985-12-26	FDA	MEDA PHARMS	
607	1171	1992-06-19	FDA	MERCK	
608	3128	2005-11-02	FDA	NOVARTIS	t
609	4113	2009-07-10	FDA	ELI LILLY AND CO	
610	2274	1956-10-23	FDA	GLAXOSMITHKLINE	
611	1768	1957-10-24	FDA	PHARMACIA AND UPJOHN	
612	1400	1956-04-12	FDA	PFIZER	
613	2648	1997-09-30	FDA	CEPHALON	
614	1353	1967-04-12	FDA	ORTHO MCNEIL	
615	2363	1996-07-12	FDA	MYLAN INSTITUTIONAL	
616	1005	1985-12-24	FDA	VALEANT PHARMS NORTH	
617	819	1977-02-28	FDA	TARO PHARMS NORTH	
618	1665	1989-05-02	FDA		
619	953	1965-06-23	FDA	HIKMA MAPLE	
620	946	1996-11-25	FDA	EISAI INC	
621	2733	1960-03-09	FDA		
622	568	1998-12-31	FDA	GD SEARLE	
623	983	1982-12-23	FDA		
624	271	1996-11-01	FDA	MEDA PHARMS	
625	995	2002-12-26	FDA	PFIZER IRELAND	
626	1817	1988-12-27	FDA	GD SEARLE LLC	
627	1605	1993-04-12	FDA	BAYER HEALTHCARE LLC	
628	2054	2000-02-02	FDA	WYETH PHARMS INC	
629	563	1983-09-15	FDA		
630	1709	1996-06-21	FDA	ASTRAZENECA	
631	2337	1997-09-26	FDA	ASTRAZENECA	
632	396	1998-04-01	FDA	ALCON PHARMS LTD	
633	391	2003-05-13	FDA	MILLENNIUM PHARMS	t
634	1142	1991-07-25	FDA	ASTRAZENECA	
635	2656	1976-11-09	FDA		
636	1412	1995-12-28	FDA	PHARMACIA AND UPJOHN	
637	437	1986-09-29	FDA		
638	2491	1984-05-04	FDA	AKORN	
639	1712	1970-02-27	FDA		
640	3584	1987-08-07	FDA		
641	2675	1983-02-18	FDA		
642	1218	1970-04-07	FDA		
643	1942	1995-02-02	FDA	SHIONOGI INC	
644	1068	2004-12-15	FDA	SUNOVION PHARMS INC	
645	581	1995-12-08	FDA	J AND J CONSUMER INC	
646	341	2009-09-08	FDA	BAUSCH AND LOMB INC	
647	1286	2003-04-04	FDA	LG LIFE SCIENCES	
648	2553	2003-11-21	FDA	LILLY	
649	556	1991-12-23	FDA		
650	115	2003-06-12	FDA	COVIS PHARMA SARL	
651	2362	2008-04-10	FDA	ASTELLAS	
652	2720	2002-05-21	FDA	UNITED THERAP	t
653	1175	1970-01-15	FDA		
654	2466	1996-12-19	FDA		
655	824	1958-10-30	FDA		t
656	348	1961-04-17	FDA		
657	2776	2004-05-28	FDA	ALLERGAN	
658	2677	2004-01-30	FDA	BOEHRINGER INGELHEIM	
659	2797	1987-12-31	FDA	ACTAVIS LABS UT INC	t
660	1045	2004-11-18	FDA	OSI PHARMS	
661	4111	2009-05-28	FDA	BAUSCH AND LOMB	
662	2725	1957-12-03	FDA		
663	533	1997-12-04	FDA		
664	2838	1941-01-11	FDA	SANOFI AVENTIS US	
665	2495	1985-08-30	FDA	RANBAXY	
666	2525	1950-06-20	FDA	PHARMACIA AND UPJOHN	
667	2544	2006-01-26	FDA	CPPI CV	
669	464	1980-08-05	FDA		
670	1854	1999-12-10	FDA	BAYER HLTHCARE	
671	3531	2011-02-28	FDA	ASTRAZENECA PHARMS	
672	2113	1957-02-27	FDA		
673	1267	2013-03-20	FDA	GUERBET	
674	1268	1992-11-16	FDA	BRACCO	
675	2528	1959-05-13	FDA		
676	331	1974-03-12	FDA		
677	1612	1987-08-31	FDA	MERCK	
678	1887	2007-12-17	FDA	FOREST LABS	
679	1587	1987-12-29	FDA	MERCK	
680	2709	1997-05-29	FDA	PROSTRAKAN INC	t
681	700	1967-02-01	FDA	SANOFI AVENTIS US	
682	522	1995-09-14	FDA	SMITHKLINE BEECHAM	
683	1882	1959-10-30	FDA	ORGANON USA INC	
684	1364	1949-04-19	FDA	SANOFI AVENTIS US	
685	2448	2006-10-16	FDA	MERCK SHARP DOHME	
686	2740	1959-04-16	FDA		
687	2562	1997-04-15	FDA	BOEHRINGER INGELHEIM	
688	1810	2014-03-19	FDA	KNIGHT THERAPS	t
689	183	1992-07-31	FDA	PFIZER	
690	294	1976-05-12	FDA		
691	1125	2002-10-25	FDA	MSD INTL GMBH	
692	562	1995-12-20	FDA	PERNIX THERAP	
693	2389	1993-12-29	FDA	JANSSEN PHARMS	
694	2186	1969-02-03	FDA		
695	1229	1993-12-31	FDA	NOVARTIS	
696	59	1961-04-05	FDA	SCHERING	
697	87	1996-05-31	FDA	GALDERMA LABS LP	
698	465	1993-12-29	FDA		
699	957	1999-06-09	FDA	GENZYME CORP	
700	2865	2001-02-05	FDA	PFIZER	
701	1176	1985-10-31	FDA		
702	1032	2002-09-27	FDA	GD SEARLE LLC	
703	897	1982-11-05	FDA	VALEANT INTL	
704	2419	1994-02-04	FDA		
705	371	2001-03-16	FDA		
707	2777	1997-12-18	FDA		
708	3135	1972-01-04	FDA	PERRIGO NEW YORK	
709	2356	1991-01-28	FDA	KING PHARMS	
710	114	1986-12-29	FDA	AKORN	
711	2475	1960-01-21	FDA	GD SEARLE LLC	
712	2066	1998-04-17	FDA	ABBVIE	t
713	466	1978-08-17	FDA	VALIDUS PHARMS	
714	1937	1988-12-28	FDA		t
715	2445	1991-12-23	FDA	MERCK	
716	1564	1993-11-10	FDA	NOVARTIS	
717	2707	1996-05-28	FDA	NOVARTIS PHARMS CORP	
718	2214	2009-08-03	FDA	KOWA CO	
719	732	2005-12-29	FDA	CUMBERLAND PHARMS	
720	1610	1995-04-14	FDA	MERCK SHARP DOHME	
721	565	1983-10-19	FDA	COVIS INJECTABLES	
722	299	1991-06-25	FDA	US PHARMS HOLDINGS I	
723	1037	1997-12-22	FDA	ABBVIE	
724	2239	1991-10-31	FDA	BRISTOL MYERS SQUIBB	
725	143	2008-05-20	FDA	CUBIST PHARMS	
726	2794	2000-08-03	FDA	SUCAMPO PHARMA LLC	
727	3294	2009-05-06	FDA	VANDA PHARMS INC	
728	784	2004-12-22	FDA	WARNER CHILCOTT LLC	
729	2073	2004-02-04	FDA	LILLY	t
730	550	1978-10-18	FDA		
731	1842	1990-06-19	FDA		
732	2359	2006-01-27	FDA	GILEAD	
733	1481	1997-09-30	FDA	SANOFI AVENTIS US	
734	3408	1988-12-30	FDA	FOUGERA PHARMS	
735	1805	2000-09-28	FDA	DANCO LABS LLC	t
736	367	1995-10-04	FDA	ASTRAZENECA	
737	419	1994-02-14	FDA		
738	2712	1996-04-26	FDA	ABBVIE	
739	1551	1996-06-05	FDA	PHARMACIA AND UPJOHN	
740	1859	1995-05-03	FDA	ROCHE PALO	
741	1201	1981-09-24	FDA		
742	349	1965-03-03	FDA		
743	1115	2008-01-18	FDA	JANSSEN R AND D	
744	279	1986-12-31	FDA	BRISTOL MYERS SQUIBB	t
745	2806	1996-12-23	FDA		
747	4118	2009-10-19	FDA	NOVARTIS PHARMS CORP	
748	1212	1959-09-09	FDA		
749	2434	2003-12-10	FDA	VALEANT LUXEMBOURG	
750	2340	1991-11-19	FDA	PFIZER PHARMS	
751	2680	1998-05-14	FDA	MEDICURE	
753	2767	1997-01-29	FDA	PFIZER PHARMS	
754	942	1999-10-01	FDA	PFIZER	
755	2639	1967-07-24	FDA	PFIZER	
756	2352	2007-10-12	FDA	MERCK SHARP DOHME	
757	1821	1987-12-23	FDA		t
758	1301	1984-05-08	FDA	PFIZER	
759	1282	2003-05-05	FDA		t
760	242	2002-11-15	FDA	OTSUKA	t
761	4110	2009-05-19	FDA	OTSUKA AMERICA PHARM	
762	954	1990-11-02	FDA	PFIZER	
763	460	1996-12-23	FDA		
764	1204	1963-02-15	FDA	MEDIMETRIKS PHARMS	
765	2366	1997-12-22	FDA	NOVO NORDISK INC	
766	537	1989-04-28	FDA		
767	1751	1953-12-07	FDA	DAVA PHARMS INC	
768	2815	1981-08-12	FDA		
769	546	1981-03-11	FDA	SANOFI AVENTIS US	
770	674	2008-08-01	FDA	MEDICINES CO	
771	799	1997-04-04	FDA	VIIV HLTHCARE	
772	577	1997-06-26	FDA	BAYER PHARMS	
773	2172	1984-07-31	FDA	TEVA	
774	384	1984-12-28	FDA	SANOFI AVENTIS US	
775	2459	2005-12-20	FDA	BAYER HLTHCARE	t
776	280	1980-12-22	FDA		
777	660	1993-07-29	FDA		
778	2474	1994-12-29	FDA		
779	2684	1975-06-11	FDA		
780	434	1981-12-29	FDA	RECKITT BENCKISER	
781	1890	1994-12-22	FDA	BRISTOL MYERS SQUIBB	
782	539	1989-12-11	FDA		
783	692	1986-12-15	FDA	NOVARTIS	t
784	1232	1952-06-20	FDA		t
785	2351	1997-12-09	FDA	LILLY	t
786	2441	1998-03-27	FDA	PFIZER IRELAND	
787	1046	2001-11-21	FDA	MERCK SHARP DOHME	
788	1903	1983-02-28	FDA		
789	1387	1956-10-15	FDA	PFIZER	
790	1599	1976-12-28	FDA	MCNEIL CONS	
791	4117	2009-09-24	FDA	ALLOS	t
792	624	1950-01-23	FDA		
793	1909	1988-12-21	FDA	CHIESI USA INC	
795	535	1996-01-18	FDA	HOSPIRA INC	
796	785	2006-06-28	FDA	BRISTOL MYERS SQUIBB	t
797	2809	2003-08-19	FDA	BAYER HLTHCARE	
798	528	1978-09-27	FDA	LILLY	
799	1300	1995-11-30	FDA	SANOFI AVENTIS US	
800	1423	2001-05-10	FDA	NOVARTIS	t
801	1314	1984-05-01	FDA	SANOFI AVENTIS US	
802	1205	1971-06-30	FDA		
803	1797	1997-08-01	FDA		
804	1996	1999-04-23	FDA	HOFFMANN LA ROCHE	
805	1414	1990-09-27	FDA		
806	1827	1995-04-19	FDA	UCB INC	
807	2102	1993-08-13	FDA		
808	1350	1992-07-24	FDA	GLAXOSMITHKLINE	t
809	2716	2001-03-16	FDA		
810	1857	1987-12-31	FDA	GLAXOSMITHKLINE	
811	88	2002-09-20	FDA	GILEAD	
812	1170	1996-07-25	FDA	SANOFI AVENTIS US	
813	150	1979-10-18	FDA	ASTELLAS	
814	4105	2002-12-20	FDA	BAXTER HLTHCARE	t
815	200	1999-04-15	FDA	GLAXOSMITHKLINE	
816	1517	2007-10-16	FDA	BRISTOL MYERS SQUIBB	
817	3142	2008-06-23	FDA	ALCON PHARMS LTD	
818	239	2000-06-30	FDA	PFIZER	
819	538	1987-12-30	FDA		
820	1635	2007-08-06	FDA	VIIV HLTHCARE	
821	2583	1998-11-10	FDA	BOEHRINGER INGELHEIM	
822	2269	1977-02-01	FDA		
823	2187	1981-12-29	FDA		
824	2371	2007-04-12	FDA	GLAXO GRP LTD	
825	2593	2001-10-26	FDA	GILEAD SCIENCES INC	
826	544	1984-05-24	FDA		
827	1066	1981-12-24	FDA	PHARMACIA AND UPJOHN	
828	786	1979-12-19	FDA		
829	973	2001-11-20	FDA	GLAXOSMITHKLINE	
830	1617	2009-04-07	FDA	NOVARTIS	t
831	1932	2007-10-29	FDA	NOVARTIS	t
832	2396	1994-03-17	FDA	ORGANON USA INC	
833	1527	1981-06-12	FDA	JANSSEN PHARMS	t
834	2599	1987-12-31	FDA	JANSSEN PHARMS	
835	230	2003-03-27	FDA	MERCK	
836	146	1956-05-01	FDA	SANOFI AVENTIS US	
837	1795	1981-09-21	FDA		
838	633	2006-10-20	FDA	TAKEDA GMBH	
839	4119	2009-11-05	FDA	CELGENE	t
840	1030	1999-09-15	FDA	PFIZER INC	t
841	960	1974-08-07	FDA		
842	559	1985-07-19	FDA	COVIS INJECTABLES	
843	392	2001-11-20	FDA	ACTELION PHARMS LTD	t
844	119	2007-03-05	FDA	NOVARTIS	
845	564	1984-12-21	FDA		
846	4112	2009-07-01	FDA	SANOFI AVENTIS US	
847	801	1959-08-05	FDA		
848	555	1992-08-07	FDA		
849	2811	1984-04-30	FDA	ORGANON USA INC	
850	102	1997-12-18	FDA	PFIZER	
851	1985	2002-04-25	FDA	DAIICHI SANKYO	
852	257	1996-12-17	FDA	PFIZER	
853	792	1968-04-01	FDA	NOVARTIS	
854	3171	2006-07-21	FDA		
855	1245	1991-05-16	FDA		
856	1893	1997-03-14	FDA	AGOURON	
857	1465	1951-07-16	FDA		
858	2052	1972-10-24	FDA		
859	547	1985-12-27	FDA		
860	2855	1996-09-26	FDA	PAR PHARM INC	
861	810	1957-04-19	FDA		
862	1548	2007-03-13	FDA	NOVARTIS PHARMS CORP	
863	2481	1946-02-18	FDA	PFIZER	
864	1043	1948-11-26	FDA		
865	4021	1995-12-27	FDA	CONCORDIA LABS INC	t
866	888	1946-04-12	FDA	VALEANT	
867	1240	2003-10-20	FDA	VIIV HLTHCARE	
868	2661	2005-06-15	FDA	PF PRISM CV	
869	1836	1998-02-20	FDA	MERCK	
870	1482	1996-06-14	FDA	PFIZER INC	
871	1112	1983-11-10	FDA		
872	3520	1999-08-18	FDA	ORGANON USA INC	
874	2097	1996-09-26	FDA	JANSSEN PHARMS	t
875	3609	2005-06-22	FDA	BOEHRINGER INGELHEIM	
876	2183	1990-06-26	FDA		
877	326	1958-02-10	FDA	PFIZER	
878	1255	2002-04-25	FDA	ASTRAZENECA	
880	2781	1945-02-20	FDA	BRISTOL MYERS SQUIBB	
881	475	1998-06-04	FDA	ASTRAZENECA	
882	552	1989-01-31	FDA		
883	1437	1996-03-13	FDA	MERCK SHARP DOHME	
884	851	1954-11-26	FDA		
885	2067	1969-03-24	FDA		
886	534	2001-08-29	FDA	VANSEN PHARMA	
887	776	2010-10-19	FDA	BOEHRINGER INGELHEIM	
888	1601	2000-09-15	FDA		
889	2785	1969-10-24	FDA		
890	176	1985-12-24	FDA	WYETH PHARMS INC	
891	39	1995-09-06	FDA	BAYER HLTHCARE	
892	543	1982-11-18	FDA		
893	1585	1956-05-08	FDA	KING PHARMS R AND D	
894	403	1978-06-28	FDA	US PHARMS HOLDINGS I	
895	2590	1992-07-14	FDA	HQ SPECLT PHARMA	t
896	3944	1996-05-17	FDA	BRISTOL MYERS SQUIBB	
897	2422	1995-12-06	FDA	HOFFMANN LA ROCHE	
898	778	1999-09-21	FDA		
899	3483	2006-09-15	FDA	SCHERING	
900	254	2003-06-20	FDA	BRISTOL MYERS SQUIBB	
901	1513	1992-09-11	FDA	JANSSEN PHARMS	
902	2816	2000-04-12	FDA	VALEANT LUXEMBOURG	
903	2391	1996-03-01	FDA	ABBVIE	
904	2805	1998-09-25	FDA	ENDO PHARM	t
905	3258	2008-12-22	FDA	LANTHEUS MEDCL	
906	668	1991-10-31	FDA	ABBVIE	
907	276	1991-11-01	FDA		
908	3300	1959-02-09	FDA	AKORN	
909	2088	1974-07-26	FDA		
910	1464	1985-12-31	FDA	BRACCO	
911	2827	1994-12-23	FDA	PIERRE FABRE	
912	882	1975-10-24	FDA	EUROHLTH INTL SARL	
913	3482	1957-04-17	FDA		
914	2379	2004-05-25	FDA	SALIX PHARMS	t
915	1788	1978-08-23	FDA		
916	1473	1995-12-21	FDA	GUERBET	
917	1468	1995-05-10	FDA	BAYER HLTHCARE	
918	2552	1994-04-08	FDA	ASTELLAS	t
919	1471	1988-12-30	FDA	LIEBEL-FLARSHEIM	
920	939	1996-05-14	FDA	SANOFI AVENTIS US	
921	2168	2001-12-13	FDA	VALEANT BERMUDA	
922	2823	1965-11-05	FDA		
923	2581	2004-04-01	FDA	SANOFI AVENTIS US	
924	1461	1985-12-26	FDA	GE HEALTHCARE	
925	2377	1971-05-21	FDA	SANOFI AVENTIS US	
926	2825	1963-07-10	FDA		
927	1040	1998-05-18	FDA	SCHERING	
928	925	1995-06-19	FDA		
929	2376	1992-12-23	FDA	PHARMACIA AND UPJOHN	t
930	2044	1992-12-29	FDA	HQ SPCLT PHARMA	t
931	3972	1996-11-22	FDA	MERCK SHARP DOHME	
932	2378	1998-06-22	FDA	SANOFI AVENTIS US	t
933	2446	1999-09-15	FDA	PF PRISM CV	t
936	661	1995-12-15	FDA	ABBVIE	
937	259	1983-11-23	FDA		
938	1118	2009-03-30	FDA	NOVARTIS	
939	4106	1981-10-30	FDA	FOREST LABS INC	
940	1980	1988-10-21	FDA	NOVARTIS	t
941	2349	1999-09-21	FDA		
942	1822	1992-01-22	FDA	ABBVIE	
943	2974	1991-03-07	FDA		
944	817	1978-02-21	FDA	FERRING PHARMS INC	
945	2223	1970-05-05	FDA		
946	1546	2007-08-30	FDA	IPSEN PHARMA	t
947	2977	2001-01-26	FDA	MERCK	
948	1358	1939-02-09	FDA	ORGANON USA INC	
950	2958	1982-09-30	FDA		
951	760	1983-11-14	FDA	NOVARTIS	t
952	1559	1985-04-09	FDA		
953	774	1964-12-10	FDA	RECORDATI RARE	
954	1472	1985-07-26	FDA		
955	1327	1989-12-29	FDA	ASTRAZENECA	
956	1798	2005-03-16	FDA	FUJISAWA HLTHCARE	
957	2968	2000-06-15	FDA	ACTAVIS LABS UT INC	
958	1868	1990-02-13	FDA	GD SEARLE LLC	
959	2975	1991-12-24	FDA		
960	35	2003-11-25	FDA	SPECIALITY EUROPEAN	
962	583	2000-08-11	FDA	EMD SERONO INC	
963	1236	2001-12-07	FDA	MYLAN IRELAND LTD	
964	3302	1996-03-22	FDA	GE HEALTHCARE	
965	1279	1999-07-29	FDA	ORGANON USA INC	
966	783	2003-09-12	FDA	CUBIST	
967	4116	2009-09-11	FDA	THERAVANCE BIOPHARMA	
968	777	2014-05-23	FDA	DURATA THERAPS INTL	
969	385	2000-12-15	FDA	MEDICINES CO	
970	2878	2004-12-28	FDA	JAZZ PHARMS INTL	
971	2433	1990-12-28	FDA		
972	1901	2001-08-10	FDA	SCIOS LLC	
973	2994	1960-11-14	FDA		
974	4190	2011-11-16	FDA	INCYTE CORP	t
975	4191	2008-10-31	FDA	PFIZER	
976	2236	2005-03-16	FDA	ASTRAZENECA AB	
977	1123	2005-04-28	FDA	ASTRAZENECA AB	
978	1010	2003-03-13	FDA	ROCHE	
979	4196	1949-09-15	FDA		
980	4197	1949-05-18	FDA	HOSPIRA	
981	4207	1970-04-06	FDA		
982	4209	1976-06-23	FDA	PFIZER	
983	4210	2002-08-09	FDA		
984	2995	1998-03-06	FDA		
985	4122	1985-05-24	FDA	PROMETHEUS LABS	
986	4123	2006-01-31	FDA	SUCAMPO PHARMA LLC	
987	4124	2006-10-06	FDA	MERCK	t
988	4133	1989-03-03	FDA		
989	4135	2007-02-23	FDA	SHIRE DEVELOPMENT	
990	4137	2006-12-19	FDA	JANSSEN PHARMS	
991	4143	2006-06-23	FDA	JANSSEN PRODS	
992	4147	1999-12-08	FDA	LIEBEL-FLARSHEIM	
993	4149	2007-10-12	FDA	SHIONOGI INC	
995	4152	1986-03-31	FDA		
996	4153	2010-06-17	FDA	SANOFI AVENTIS US	
997	4161	2007-05-30	FDA	PF PRISM CV	
998	4163	2010-01-22	FDA	ACORDA	t
999	4164	2010-01-25	FDA	NOVO NORDISK INC	
1000	4165	2010-07-28	FDA	ALLERGAN	
1001	4166	2010-08-13	FDA	LAB HRA PHARMA	
1002	4167	2010-09-21	FDA	NOVARTIS	
1003	4168	2010-10-28	FDA	SUNOVION PHARMS INC	
1004	4169	2010-10-29	FDA	CEREXA	
1005	4170	2010-11-10	FDA	THERATECHNOLOGIES	
1006	4171	2010-11-15	FDA	EISAI INC	
1007	4172	2011-05-13	FDA	MERCK SHARP DOHME	
1008	4173	2011-05-23	FDA	VERTEX PHARMS	
1009	4174	2011-05-20	FDA	JANSSEN PRODS	
1010	4175	2011-05-02	FDA	BOEHRINGER INGELHEIM	
1011	4176	2011-04-28	FDA	JANSSEN BIOTECH	
1012	4177	2011-04-06	FDA	XENOPORT INC	
1013	4178	2011-04-06	FDA	IPR PHARMS INC	t
1014	4179	2011-03-14	FDA	BAYER HLTHCARE	
1015	4180	2011-05-27	FDA	CUBIST PHARMS	
1016	4181	2011-06-10	FDA	GLAXOSMITHKLINE	
1017	4182	2011-07-01	FDA	JANSSEN PHARMS	
1018	4183	2011-07-01	FDA	NOVARTIS	
1019	4184	2011-07-20	FDA	ASTRAZENECA LP	
1020	4185	2011-08-17	FDA	HOFFMANN LA ROCHE	t
1021	4227	2012-01-30	FDA	GENENTECH	
1022	4228	2012-01-31	FDA	VERTEX PHARMS	t
1023	4232	2012-03-06	FDA	DISCOVERY LABS	
1024	4260	1940-09-17	FDA	POYTHRESS	
1025	4283	2008-11-20	FDA	JANSSEN PHARMS	
1026	4285	2012-04-06	FDA	AVID RADIOPHARMS INC	
1027	4298	2012-12-28	FDA	BRISTOL MYERS SQUIBB	
1028	4299	2012-08-27	FDA	GILEAD SCIENCES INC	
1029	4300	2012-08-27	FDA	GILEAD SCIENCES INC	
1030	4301	2013-10-25	FDA	GE HEALTHCARE	
1031	4302	1961-08-11	FDA	SHIONOGI INC	
1032	4303	2013-11-08	FDA	SUNOVION PHARMS INC	
1033	4305	2012-04-27	FDA	VIVUS	
1034	4310	2008-10-28	FDA	UCB INC	
1035	4318	2013-07-12	FDA	BOEHRINGER INGELHEIM	t
1036	4322	2011-02-25	FDA	ARBOR PHARMS IRELAND	
1038	4324	1998-10-30	FDA		
1039	4329	2012-12-14	FDA	NOVARTIS	t
1040	4627	1976-07-21	FDA	BRACCO	
1041	4334	2013-10-03	FDA	WYETH PHARMS PFIZER	
1042	4337	2007-06-15	FDA	GILEAD	t
1043	4340	2013-01-25	FDA	TAKEDA PHARMS USA	
1044	4355	2006-09-28	FDA		
1045	4357	2006-02-17	FDA	VICURON	
1046	4359	2012-09-04	FDA	WYETH PHARMS INC	t
1047	4361	1983-07-28	FDA		
1048	4370	1982-10-01	FDA		
1049	4373	1987-12-23	FDA		
1050	4374	2012-06-27	FDA	EISAI INC	
1051	4379	2008-12-24	FDA	FERRING	
1052	4380	2008-02-29	FDA	WYETH PHARMS INC	
1053	4382	2012-06-28	FDA	APGDI	
1054	4392	1978-12-19	FDA	HQ SPCLT PHARMA	
1055	4399	2008-11-20	FDA	NOVARTIS PHARMS CORP	t
1056	4405	2000-05-26	FDA	DAIICHI SANKYO	
1057	4410	2008-12-15	FDA	GENZYME	t
1058	4411	1981-07-14	FDA		
1059	4452	1985-12-27	FDA	FOUGERA PHARMS	
1060	4470	2003-03-27	FDA		
1061	4471	2004-11-23	FDA	BRACCO	
1062	4472	2007-08-23	FDA	FEINSTEIN	
1063	4473	2012-07-16	FDA		
1064	4483	2012-07-20	FDA	ONYX PHARMS	t
1065	4484	2012-07-23	FDA	ASTRAZENECA PHARMS	
1066	4485	1977-09-14	FDA	PHARMACIA AND UPJOHN	
1067	4487	1958-06-05	FDA	CONCORDIA PHARMS INC	
1069	4493	1982-12-14	FDA		
1070	4494	1993-01-08	FDA	GE HEALTHCARE	
1072	4497	2003-03-20	FDA	WARNER IRELAND	
1073	4503	1981-07-29	FDA		
1075	4507	1974-11-27	FDA	RANBAXY	
1076	4516	1970-04-22	FDA	AMPHASTAR PHARMS INC	
1077	4532	1997-11-26	FDA		
1078	4554	2007-04-27	FDA	GLAXOSMITHKLINE	
1079	4558	1988-06-02	FDA	BAYER HLTHCARE	
1080	4566	2002-07-17	FDA	JAZZ PHARMS	t
1081	4569	1997-02-28	FDA	FOUGERA PHARMS	
1082	4585	2004-10-26	FDA	SHIRE LLC	
1083	4606	1977-08-22	FDA	PROMIUS PHARMA LLC	
1084	4608	2004-12-16	FDA	DORC	
1085	4609	1953-12-24	FDA	ENDO PHARMS	
1086	4614	2010-03-30	FDA	CHEMISCH FBRK KRSSLR	
1087	4616	2008-04-24	FDA	SALIX PHARMS	
1088	4622	2012-08-30	FDA	FOREST LABS LLC	
1089	4623	2011-01-18	FDA	PARAPRO LLC	
1090	4628	2012-08-31	FDA	ASTELLAS	
1091	4634	2012-09-12	FDA	SANOFI AVENTIS US	
1092	4635	2012-09-12	FDA	MCPRF	
1093	4646	2008-07-03	FDA	BAYER HLTHCARE	
1094	4647	1986-02-11	FDA	ALCON	
1095	4651	2002-05-31	FDA	IMCOR PHARMS CO	
1096	4653	1950-12-08	FDA	PARKEDALE	
1097	4667	1965-03-03	FDA	MERCK SHARP DOHME	
1098	4677	2012-10-26	FDA	IVAX INTL	t
1099	4678	2014-08-06	FDA	THE MEDICINES CO	
1100	4684	2012-10-22	FDA	EISAI INC	
1101	4698	1974-11-21	FDA	MALLINCKRODT	
1102	4713	2012-11-06	FDA	PF PRISM CV	
1103	4715	2012-11-29	FDA	EXELIXIS	t
1104	4716	2012-12-14	FDA	ARIAD	t
1105	4717	1974-07-25	FDA	ALLERQUEST	
1106	4718	2012-12-21	FDA	NPS PHARMS INC	t
1109	4742	1973-07-31	FDA	BRISTOL MYERS SQUIBB	
1110	4744	2012-12-31	FDA	SALIX PHARMS	
1111	4747	2013-01-29	FDA	GENZYME CORP	t
1112	4799	2013-05-10	FDA	GLAXO GRP LTD	
1113	4800	2013-05-15	FDA	BAYER HLTHCARE	
1114	4801	2013-05-29	FDA	NOVARTIS PHARMS CORP	t
1115	4802	2013-05-29	FDA	NOVARTIS PHARMS CORP	t
1117	4804	2004-12-15	FDA	BIOVITRUM AB	
1118	4821	1978-02-21	FDA	ARMOUR PHARM	
1119	4826	2014-02-24	FDA	AMYLIN PHARMS LLC	t
1120	4846	2009-11-27	FDA	DYAX CORP.	
1121	4870	2014-05-08	FDA	MERCK SHARP DOHME	
1122	4855	1942-05-08	FDA	WYETH PHARMS INC	
1123	4857	1977-05-19	FDA	PHARMACIA AND UPJOHN	
1124	4860	2003-10-02	FDA	HEYL CHEMISCH	t
1125	4864	2013-07-25	FDA	FOREST LABS INC	
1126	4879	1993-03-29	FDA	SANOFI AVENTIS US	
1127	4904	2002-12-31	FDA	ABBVIE INC	
1128	4905	2004-12-17	FDA	VALEANT PHARMS LLC	
1129	4906	2010-09-01	Korean Food and Drug Administration (KFDA)		
1130	4830	2014-03-20	EMA		
1132	4875	2014-06-27	EMA		
1133	4907	2014-10-23	EMA		
1134	4819	2013-11-22	EMA		
1136	4897	2011-04-22	PMDA	DAIICHI SANKYO COMPANY, Limited	
1137	4890	2014-01-17	PMDA		
1138	4888	2013-06-28	PMDA	Senwa Kegaku Kenkyushp	
1139	4894	2012-06-29	PMDA		
1140	4895	2012-06-29	PMDA		
1141	4887	2014-03-24	PMDA	Toyama Chemical Co., Ltd.	
1142	4891	2014-03-24	PMDA		
1143	4892	2014-03-24	PMDA		
1144	4886	2013-09-20	PMDA		
1145	4896	2012-09-28	PMDA		
1158	60	1993-01-01	YEAR INTRODUCED		
1160	74	1898-01-01	YEAR INTRODUCED		
1168	104	1999-02-01	EMA		
1170	107	1969-01-01	YEAR INTRODUCED		
1171	109	1963-01-01	YEAR INTRODUCED		
1176	120	1981-01-01	YEAR INTRODUCED		
1180	130	1978-01-01	YEAR INTRODUCED		
1181	133	1972-01-01	YEAR INTRODUCED		
1183	137	1966-01-01	YEAR INTRODUCED		
1188	147	1978-01-01	YEAR INTRODUCED		
1195	171	1964-01-01	YEAR INTRODUCED		
1197	179	1986-01-01	YEAR INTRODUCED		
1207	203	1987-01-01	YEAR INTRODUCED		
1210	213	1961-01-01	YEAR INTRODUCED		
1211	217	2006-01-01	YEAR INTRODUCED		
1212	219	1965-01-01	YEAR INTRODUCED		
1216	231	1996-01-01	YEAR INTRODUCED		
1228	266	1972-01-01	YEAR INTRODUCED		
1238	285	1990-01-01	YEAR INTRODUCED		
1244	312	1965-01-01	YEAR INTRODUCED		
1245	314	1990-01-01	YEAR INTRODUCED		
1253	343	1992-01-01	YEAR INTRODUCED		
1255	355	1993-01-01	YEAR INTRODUCED		
1258	360	1987-01-01	YEAR INTRODUCED		
1260	362	1978-01-01	YEAR INTRODUCED		
1261	365	2002-01-01	YEAR INTRODUCED		
1267	389	1985-01-01	YEAR INTRODUCED		
1273	398	1993-01-01	YEAR INTRODUCED		
1274	399	1974-01-01	YEAR INTRODUCED		
1278	406	1976-01-01	YEAR INTRODUCED		
1279	407	1973-01-01	YEAR INTRODUCED		
1280	409	1983-01-01	YEAR INTRODUCED		
1282	422	1976-01-01	YEAR INTRODUCED		
1288	436	1984-01-01	YEAR INTRODUCED		
1295	458	1951-01-01	YEAR INTRODUCED		
1297	461	1988-01-01	YEAR INTRODUCED		
1308	497	1959-01-01	YEAR INTRODUCED		
1313	521	1988-01-01	YEAR INTRODUCED		
1322	536	1992-01-01	YEAR INTRODUCED		
1326	541	1991-01-01	YEAR INTRODUCED		
1334	553	1983-01-01	YEAR INTRODUCED		
1337	558	1981-01-01	YEAR INTRODUCED		
1344	569	1982-01-01	YEAR INTRODUCED		
1352	586	1840-01-01	YEAR INTRODUCED		
1356	602	1981-01-01	YEAR INTRODUCED		
1364	630	1978-01-01	YEAR INTRODUCED		
1382	690	1986-01-01	YEAR INTRODUCED		
1384	695	1963-01-01	YEAR INTRODUCED		
1392	723	1860-01-01	YEAR INTRODUCED		
1404	766	1974-01-01	YEAR INTRODUCED		
1419	788	1965-01-01	YEAR INTRODUCED		
1423	809	1968-01-01	YEAR INTRODUCED		
1426	816	1961-01-01	YEAR INTRODUCED		
1432	832	1970-01-01	YEAR INTRODUCED		
1441	855	1979-01-01	YEAR INTRODUCED		
1442	861	1964-01-01	YEAR INTRODUCED		
1452	887	1975-01-01	YEAR INTRODUCED		
1454	894	1989-01-01	YEAR INTRODUCED		
1468	945	1982-01-01	YEAR INTRODUCED		
1471	948	1989-01-01	YEAR INTRODUCED		
1473	951	1962-01-01	YEAR INTRODUCED		
1477	958	1987-01-01	YEAR INTRODUCED		
1485	977	1990-01-01	YEAR INTRODUCED		
1486	986	1978-01-01	YEAR INTRODUCED		
1494	1007	1987-01-01	YEAR INTRODUCED		
1498	1014	1988-01-01	YEAR INTRODUCED		
1499	1016	1985-01-01	YEAR INTRODUCED		
1502	1021	1992-01-01	YEAR INTRODUCED		
1530	1101	1929-01-01	YEAR INTRODUCED		
1531	1102	1984-01-01	YEAR INTRODUCED		
1535	1113	1998-01-01	YEAR INTRODUCED		
1548	1155	1965-01-01	YEAR INTRODUCED		
1553	1177	1992-01-01	YEAR INTRODUCED		
1554	1183	1962-01-01	YEAR INTRODUCED		
1559	1193	1963-01-01	YEAR INTRODUCED		
1562	1202	1976-01-01	YEAR INTRODUCED		
1564	1211	1964-01-01	YEAR INTRODUCED		
1566	1215	1986-01-01	YEAR INTRODUCED		
1573	1238	1993-01-01	YEAR INTRODUCED		
1577	1242	2004-01-01	YEAR INTRODUCED		
1592	1298	1969-01-01	YEAR INTRODUCED		
1593	1299	1972-01-01	YEAR INTRODUCED		
1606	1369	1932-01-01	YEAR INTRODUCED		
1614	1402	1869-01-01	YEAR INTRODUCED		
1622	1424	1993-01-01	YEAR INTRODUCED		
1629	1439	1984-01-01	YEAR INTRODUCED		
1631	1443	1981-01-01	YEAR INTRODUCED		
1638	1486	1988-01-01	YEAR INTRODUCED		
1643	1509	1983-01-01	YEAR INTRODUCED		
1647	1524	1985-01-01	YEAR INTRODUCED		
1648	1526	1947-01-01	YEAR INTRODUCED		
1673	1592	1977-01-01	YEAR INTRODUCED		
1677	1602	1983-01-01	YEAR INTRODUCED		
1682	1621	1957-01-01	YEAR INTRODUCED		
1687	1643	1954-01-01	YEAR INTRODUCED		
1696	1677	1972-01-01	YEAR INTRODUCED		
1699	1696	1935-01-01	YEAR INTRODUCED		
1702	1706	1983-01-01	YEAR INTRODUCED		
1708	1739	1965-01-01	YEAR INTRODUCED		
1716	1796	1976-01-01	YEAR INTRODUCED		
1733	1825	1990-01-01	YEAR INTRODUCED		
1741	1848	1998-01-01	YEAR INTRODUCED		
1744	1856	1991-01-01	YEAR INTRODUCED		
1761	1891	1978-01-01	YEAR INTRODUCED		
1768	1919	1984-01-01	YEAR INTRODUCED		
1770	1929	1967-01-01	YEAR INTRODUCED		
1773	1934	1992-01-01	YEAR INTRODUCED		
1774	1935	1985-01-01	YEAR INTRODUCED		
1779	1947	1985-01-01	YEAR INTRODUCED		
1801	2004	1865-01-01	YEAR INTRODUCED		
1803	2014	1981-01-01	YEAR INTRODUCED		
1815	2071	1985-01-01	YEAR INTRODUCED		
1825	2115	1887-01-01	YEAR INTRODUCED		
1828	2134	1912-01-01	YEAR INTRODUCED		
1831	2159	1875-01-01	YEAR INTRODUCED		
1834	2171	1994-01-01	YEAR INTRODUCED		
1840	2197	1972-01-01	YEAR INTRODUCED		
1841	2201	1980-01-01	YEAR INTRODUCED		
1842	2207	1994-01-01	YEAR INTRODUCED		
1844	2213	1982-01-01	YEAR INTRODUCED		
1852	2258	1980-01-01	YEAR INTRODUCED		
1859	2278	1985-01-01	YEAR INTRODUCED		
1865	2299	1980-01-01	YEAR INTRODUCED		
1868	2313	1967-01-01	YEAR INTRODUCED		
1875	2338	1933-01-01	YEAR INTRODUCED		
1881	2353	1996-01-01	YEAR INTRODUCED		
1886	2361	1997-01-01	YEAR INTRODUCED		
1889	2365	1990-01-01	YEAR INTRODUCED		
1909	2408	1986-01-01	YEAR INTRODUCED		
1910	2410	1987-01-01	YEAR INTRODUCED		
1911	2416	1898-01-01	YEAR INTRODUCED		
1922	2447	1977-01-01	YEAR INTRODUCED		
1930	2470	1969-01-01	YEAR INTRODUCED		
1939	2515	1960-01-01	YEAR INTRODUCED		
1944	2537	1972-01-01	YEAR INTRODUCED		
1954	2580	1988-01-01	YEAR INTRODUCED		
1957	2586	1994-01-01	YEAR INTRODUCED		
1958	2587	1984-01-01	YEAR INTRODUCED		
1961	2595	1987-01-01	YEAR INTRODUCED		
1975	2655	1988-01-01	YEAR INTRODUCED		
1979	2663	1970-01-01	YEAR INTRODUCED		
1987	2698	1976-01-01	YEAR INTRODUCED		
1988	2704	1989-01-01	YEAR INTRODUCED		
2004	2734	1990-01-01	YEAR INTRODUCED		
2007	2750	1978-01-01	YEAR INTRODUCED		
2013	2775	1992-01-01	YEAR INTRODUCED		
2016	2796	1981-01-01	YEAR INTRODUCED		
2033	2826	1979-01-01	YEAR INTRODUCED		
2039	2852	2004-01-01	YEAR INTRODUCED		
2056	2999	1974-01-01	YEAR INTRODUCED		
2069	3874	1986-01-01	YEAR INTRODUCED		
2070	3880	1991-01-01	YEAR INTRODUCED		
2144	4349	1927-01-01	YEAR INTRODUCED		
2156	4576	1981-01-01	YEAR INTRODUCED		
2165	4706	1992-01-01	YEAR INTRODUCED		
2170	4719	1964-01-01	YEAR INTRODUCED		
2204	4902	2007-04-18	PMDA		
2205	4893	2014-03-24	PMDA	Taiho Pharmaceutical Co., Ltd.	
2206	4901	2000-04-20	FDA	SANOFI AVENTIS US	
2207	4882	2013-03-15	PMDA		
2208	4848	1976-07-30	FDA	SERONO	
2210	4162	2009-01-30	FDA	TAKEDA PHARMS USA	
2211	2807	1964-11-06	FDA		
2212	2357	1996-07-10	PMDA	Astellas	
2213	2658	1979-05-02	FDA		
2214	4908	2013-03-25	PMDA	Zeria	
2215	101	1981-04-06	FDA	PAR PHARM	
2217	4004	2006-07-26	PMDA	Otsuka Pharmaceutical Co., Ltd.	
2218	388	2008-01-25	PMDA	Dainippon Sumitomo Pharma Co., Ltd.	
2219	4834	2014-11-20	EMA	Genzyme Europe BV	
2220	4870	2014-11-20	EMA	Merck Sharp & Dohme Limited	
2221	4749	2014-11-20	EMA	Shionogi Limited	
2222	4903	2014-11-20	EMA	Boehringer Ingelheim International GmbH	t
2223	4074	2011-07-11	PMDA		
2224	4912	2014-11-20	EMA	AbbVie Ltd	
2225	4829	2014-11-20	EMA		
2226	4913	2014-11-20	EMA		
2227	4914	2014-11-20	EMA	AbbVie Ltd	
2228	2336	1985-12-27	FDA	SCIECURE PHARMA INC	
2230	1987	1996-04-01	PMDA		
2231	4915	2014-12-03	FDA	AMGEN	
2234	2754	1974-07-12	FDA	PAR STERILE PRODUCTS	
2235	4899	2014-12-04	EMA		
2236	4916	2011-11-18	FDA	REGENERON PHARMACEUTICALS	
2237	99	2009-02-19	EMA	Les Laboratoires Servier	
2238	4917	2014-04-21	FDA	ELI LILLY AND CO	
2239	4832	2014-09-25	EMA		
4138	5019	2014-01-17	PMDA	Novo Nordisk Pharma Ltd.	
4139	5374	2019-06-20	EMA	Novo Nordisk A/S	
4140	5374	2019-09-20	PMDA	Novo Nordisk Pharma Ltd.	
4784	1225	2020-06-29	PMDA	Kyorin Pharmaceutical Co., Ltd.	
4785	1239	2019-06-18	PMDA	AstraZeneca K.K.	
4786	4183	2020-06-29	PMDA	Novartis Pharma K.K.	
4787	1832	2020-06-29	PMDA	Novartis Pharma K.K.	
4788	4302	2019-06-18	PMDA	AstraZeneca K.K.	
4789	4816	2014-07-04	PMDA	GLAXOSMITHKLINE K.K.	
4790	4979	2001-04-04	PMDA	ROCHE JAPAN	
4791	396	2002-10-08	PMDA	ALCON JAPAN	
4792	4805	2014-03-24	PMDA	ViiV Healthcare K.K.	t
4793	1539	2020-01-14	PMDA	ViiV Healthcare K.K.	t
4794	3317	2010-06-25	PMDA	Celgene K.K.	
4795	4960	2012-09-28	PMDA	Novo Nordisk Pharma Ltd	
4796	5243	2017-09-27	PMDA	AbbVie GK	
4797	5244	2017-09-27	PMDA	AbbVie GK	
4798	4922	2019-01-08	PMDA	MSD K.K.	
4799	4300	2013-03-25	PMDA	Japan Tobacco Inc.	t
4800	4299	2013-03-25	PMDA	Japan Tobacco Inc.	t
4801	1003	2005-03-23	PMDA	Japan Tobacco Inc.	t
4802	2592	2004-03-25	PMDA	Japan Tobacco Inc.	t
4803	4143	2007-11-22	PMDA	Janssen Pharmaceutical K.K.	t
4804	419	2019-06-18	PMDA	AstraZeneca K.K.	
4805	4972	2009-01-21	PMDA	Novartis Pharma K.K.	
4806	4968	2012-12-25	PMDA	UCB Japan Co., Ltd.	
4807	2743	2014-03-24	PMDA	Taiho Pharmaceutical Co., Ltd.	t
4808	4964	2014-01-17	PMDA	Takeda Pharmaceutical Company Limited	t
4809	1125	2007-04-18	PMDA	Schering-Plough K.K	
4810	2406	2005-01-19	PMDA	AstraZeneca K.K.	
4811	4811	2015-03-26	PMDA	Gilead Sciences K.K.	
4812	5154	2019-01-08	PMDA	Gilead Sciences K.K.	
4813	4379	2012-06-26	PMDA	Astellas Pharma Inc.	
4814	5274	2019-03-26	PMDA	Gilead Sciences K.K.	t
4815	4253	2018-09-21	PMDA	EA Pharma Co., Ltd.	
4816	1536	2018-09-21	PMDA	Sanwa Kagaku Kenkyusho Co., Ltd.	
4817	2872	2005-03-10	EMA		
4818	2872	2008-12-04	PMDA	Dainippon Sumitomo Pharma Co., Ltd.	
4819	5016	2016-07-04	PMDA	Sanofi K.K.	
4820	835	2001-01-29	PMDA	Abbott Japan, Maruishi Pharmaceutical	
4821	1572	2018-07-02	PMDA	Nobelpharma Co., Ltd.	
4822	1082	2010-07-23	PMDA	Bayer Yakuhin	
4823	4952	2011-09-26	PMDA	Novartis Pharma K.K.	t
4824	4830	2014-12-26	PMDA	Nippon Boehringer Ingelheim Co., Ltd	
4825	4175	2011-07-01	PMDA	Nippon Boehringer Ingelheim Co., Ltd	
4826	3300	2018-07-02	PMDA	Daiichi Sankyo Company, Limited	
4827	4801	2016-03-28	PMDA	Novartis Pharma K.K.	t
4828	4802	2016-03-28	PMDA	Novartis Pharma K.K.	t
4829	4810	2016-03-28	PMDA	Janssen Pharmaceutical	t
4830	4210	2005-03-18	PMDA	Yakult Honsha	
4831	26	2018-09-21	PMDA	Kyowa Hakko Kirin Co., Ltd.	
4832	4384	2018-09-21	PMDA	Pfizer Japan Inc.	
4833	4957	2013-06-28	PMDA	Chugai Pharmaceutical	
4834	4944	2016-12-19	PMDA	Gilead Sciences	t
4835	4974	2002-01-17	PMDA	Tanabe Seiyaku	t
4836	5018	2004-01-29	PMDA	Genzyme Japan	
4837	5492	2021-01-22	PMDA	CLINIGEN K.K.	t
4838	1800	1985-12-30	PMDA		
4839	5493	2022-01-01	FDA	IDORSIA PHARMACEUTICALS LTD	
4840	5494	2021-10-07	FDA	CHEMOCENTRYX	t
4841	5495	2021-10-29	FDA	NOVARTIS	t
4842	5495	2020-03-24	EMA	Novartis Europharm Limited	t
4843	5480	2021-11-19	FDA	BIOMARIN PHARM	t
4844	5496	2021-11-23	FDA	TAKEDA PHARMS USA	
4845	5496	2013-06-07	EMA	Takeda Pharmaceuticals International AG Ireland Branch	t
4846	5497	2021-11-29	FDA	ON TARGET LABROTORIES, INC	t
4944	5498	2020-12-09	EMA	Novartis Europharm Limited	
4945	5498	2021-12-22	FDA	NOVARTIS PHARMS CORP	
4946	5499	2021-12-12	FDA	ARGENX BV	t
4947	5499	2018-03-21	EMA	Argenx	t
4948	5500	2021-12-17	FDA	ASTRAZENECA AB	
4949	5338	2021-11-12	FDA	PHARMA ESSENTIA CORPORATION	t
4950	5479	2021-12-27	FDA	LEO PHARMA AS	
4951	5501	2021-11-12	EMA	CELLTRION HEALTHCARE HUNGARY KFT.	
4952	5502	2021-11-15	EMA	BIOGEN NETHERLANDS B.V.	
4953	5502	2019-10-29	FDA	BIOGEN INC	
4954	5503	2021-09-27	PMDA	OTSUKA PHARMACEUTICAL Co., Ltd	
4955	5455	2021-11-12	EMA	ROCHE REGISTRATION GMBH	
4956	5456	2021-11-12	EMA	ROCHE REGISTRATION GMBH	
4957	4182	2008-09-30	EMA	BAYER PHARMA AG	
4958	4233	2008-07-25	EMA	MERCK SHARP & DOHME LIMITED	
4959	5394	2021-11-18	EMA	DECIPHERA PHARMACEUTICALS (NETHERLANDS) B.V.	t
4960	5412	2021-11-18	EMA	ROCHE REGISTRATION GMBH	
4961	5391	2021-11-22	EMA	GILEAD SCIENCES IRELAND UC	
4962	5353	2021-11-22	EMA	BEIGENE IRELAND LTD	
4963	5457	2021-12-13	EMA	SWEDISH ORPHAN BIOVITRUM AB (PUBL)	t
4964	247	2021-11-22	EMA	AMIVAS IRELAND LTD	t
4965	5463	2021-09-12	EMA	Janssen-Cilag International N.V.	
4966	2446	2014-07-04	PMDA	NOBELPHARMA CO., LTD	t
4967	2446	2001-03-13	EMA	Pfizer Europe MA EEIG	t
4968	5475	2021-09-27	PMDA	SANOFI K.K.	t
4969	4322	2011-12-07	EMA	Takeda Pharma A/S	
4970	4322	2001-01-18	PMDA	TAKEDA PHARMACEUTICAL COMPANY LIMITED	
4971	4347	2010-12-01	PMDA	MDKKK	
4972	5393	2021-09-27	PMDA	ELI LILLY JAPAN K.K.	t
4973	5504	2021-09-27	PMDA	PFIZER JAPAN INC.	
4974	5504	2021-12-09	EMA	PFIZER EUROPE MA EEIG	
4975	5474	2021-09-27	PMDA	ASTRAZENECA K.K.	
4977	5494	2021-09-27	PMDA	KISSEI PHARMACEUTICAL CO., LTD.	t
4978	5494	2022-01-11	EMA	Vifor Fresenius Medical Care Renal Pharma France	t
4979	4577	1994-03-25	FDA	PHARMALUCENCE	
4980	4577	2021-09-27	PMDA	FUJIFILM TOYAMA CHEMICAL CO., LTD.	t
4981	5012	2020-06-29	PMDA	NOVARTIS PHARMA K.K.	
4982	2806	2015-11-19	EMA	Novartis Europharm Limited	
4983	2279	2021-09-27	PMDA	FUJI PHARMA CO., LTD.	
4984	5366	2021-09-27	PMDA	ASTELLAS PHARMA INC.	
4985	5138	2021-09-27	PMDA	OHARA PHARMACEUTICAL CO., LTD	t
4986	5505	2021-09-27	PMDA	GLAXOSMITHKLINE K.K.	
4987	5505	2021-12-17	EMA	GLAXOSMITHKLINE TRADING SERVICES LIMITED	
4988	5504	2022-01-14	FDA	PFIZER Inc	
4989	5506	2022-02-17	FDA	AGIOS PHARMACEUTICALS INC	t
4990	5507	2022-03-18	FDA	MARINUS PHARMA INC	t
4991	5508	2022-03-18	FDA	MARINUS PHARMA INC	
4992	5509	2022-03-23	FDA	AAA USA NOVARTIS	
4993	5510	2022-04-26	FDA	MYCOVIA PHARMACEUTICALS INC	
4994	5511	2022-04-28	FDA	MYOKARDIA INC	t
4995	5512	2022-02-04	FDA	BIOVERATIV THERAPEUTICS INC	t
4996	5513	2022-01-25	FDA	IMMUNOCORE LTD	t
4997	5514	2022-03-18	FDA	BRISTOL MYERS SQUIBB	t
4998	5515	2022-01-28	FDA	GENENTECH INC	
4999	5516	2022-05-13	FDA	ELI LILLY CO	
5000	5517	2022-02-14	EMA	PFIZER EUROPE MA EEIG	t
5001	5517	2022-01-20	PMDA	PFIZER JAPAN INC.	
5002	5518	2022-01-20	PMDA	IDORSIA PHARMACEUTICALS JAPAN LTD	
5003	5519	2022-01-20	PMDA	MSD K.K.	
5004	5520	2023-05-25	FDA	Pfizer, Inc.	
5005	5520	2022-01-28	EMA	Pfizer Europe MA EEIG	
5006	5520	2022-02-10	PMDA	PFIZER JAPAN INC	
5007	5521	2022-05-23	FDA	DERMAVANT SCIENCES INC	
5008	5461	2022-01-06	EMA	Amgen Europe BV	
5009	5291	2022-01-06	EMA	SIGA TECHNOLOGIES NETHERLANDS B.V.	
5010	1239	2014-04-28	EMA	Teva Pharma B.V.	
5011	4302	2012-09-28	EMA	Novartis Europharm Limited	
5012	419	2018-08-01	EMA	Dr. Falk Pharma GmbH	t
5013	5138	2022-01-11	EMA	SERB SAS	t
5014	5476	2022-01-11	EMA	ASCENDIS PHARMA ENDOCRINOLOGY DIVISION A/S	t
5015	5386	2022-01-24	EMA	H. LUNDBECK A/S	
5016	2391	1996-08-25	EMA	AbbVie Deutschland GmbH Co. KG	
5017	5474	2022-02-14	EMA	ASTRA ZENECA AB	
5018	2389	2022-02-14	EMA	LABORATORIOS FARMACEUTICOS ROVI, S.A.	
5019	5356	2022-02-14	EMA	GLOBAL BLOOD THERAPEUTICS NETHERLANDS B. V.	t
5020	1725	2006-07-28	EMA	CHEPLAPHARM Arzneimittel GmbH	
5021	5465	2022-02-16	EMA	BAYER AG	
5022	785	2006-11-20	EMA	BRISTOL-MYERS SQUIBB PHARMA EEIG	
5024	1232	2021-11-25	PMDA	PFIZER JAPAN INC	
5025	4113	2014-03-24	PMDA	DAIICHI SANKYO COMPANY, LIMITED	
5026	5377	2021-12-24	PMDA	MSD K.K.	
5027	5264	2022-01-20	PMDA	AMICUS THERAPEUTICS, INC.	t
5028	5351	2022-01-20	PMDA	ELI LILLY JAPAN K.K.	
5029	5499	2022-01-20	PMDA	Argenx Japan K.K.	t
5030	5478	2022-01-20	PMDA	UCB JAPAN CO., LTD.	
5031	5461	2022-01-20	PMDA	AMGEN K.K.	t
5032	2391	2022-02-10	PMDA	PFIZER JAPAN INC	
5033	5513	2022-04-01	EMA	IMMUNOCORE IRELAND LIMITED	t
5035	5522		FDA		
5036	863		FDA		
5037	5523		FDA		
5038	5524		FDA		
5039	5525		FDA		
5040	890		FDA		
5041	170		FDA		
5042	5526		FDA		
5043	5527		FDA		
5044	930		FDA		
5045	5528		FDA		
5046	173		FDA		
5047	5529		FDA		
5048	5530		FDA		
5049	5531		FDA		
5050	5532		FDA		
5051	5533		FDA		
5052	5534		FDA		
5053	5535		FDA		
5054	1058		FDA		
5055	3187		FDA		
5056	5536		FDA		
5057	3742		FDA		
5058	5537		FDA		
5059	5538		FDA		
5060	5539		FDA		
5061	4536		FDA		
5062	5540		FDA		
5063	5541		FDA		
5064	5542		FDA		
5065	5543		FDA		
5066	4548		FDA		
5067	5544		FDA		
5068	5545		FDA		
5069	5546		FDA		
5070	5547		FDA		
5071	5548		FDA		
5072	5549		FDA		
5073	5550		FDA		
5074	5551		FDA		
5075	5552		FDA		
5076	5553		FDA		
5077	5554		FDA		
5078	5555		FDA		
5079	1389		FDA		
5080	5556		FDA		
5081	5557		FDA		
5082	5558		FDA		
5083	5559		FDA		
5084	5560		FDA		
5085	5561		FDA		
5086	5562		FDA		
5087	4962		FDA		
5088	5563		FDA		
5089	5564		FDA		
5090	5565		FDA		
5091	73		FDA		
5092	5566		FDA		
5094	5568		FDA		
5095	5569		FDA		
5096	5570		FDA		
5097	5571		FDA		
5098	5572		FDA		
5099	5573		FDA		
5100	5574		FDA		
5101	1655		FDA		
5102	5575		FDA		
5103	5576		FDA		
5104	5577		FDA		
5105	5578		FDA		
5106	5579		FDA		
5107	5580		FDA		
5108	5581		FDA		
5109	5582		FDA		
5110	1877		FDA		
5111	5583		FDA		
5112	5584		FDA		
5113	5585		FDA		
5114	5586		FDA		
5115	5587		FDA		
5116	5588		FDA		
5117	5589		FDA		
5118	5590		FDA		
5119	5591		FDA		
5120	5592		FDA		
5121	5593		FDA		
5122	5594		FDA		
5123	5595		FDA		
5124	5596		FDA		
5125	5597		FDA		
5126	5598		FDA		
5127	5599		FDA		
5128	5600		FDA		
5129	5601		FDA		
5130	5602		FDA		
5131	5603		FDA		
5132	5604		FDA		
5133	5605		FDA		
5134	5606		FDA		
5135	2246		FDA		
5136	5607		FDA		
5137	5608		FDA		
5138	5609		FDA		
5139	5610		FDA		
5140	5611		FDA		
5141	5612		FDA		
5142	5613		FDA		
5143	5614		FDA		
5144	5615		FDA		
5145	5616		FDA		
5146	5617		FDA		
5147	5618		FDA		
5148	5619		FDA		
5149	2498		FDA		
5150	5620		FDA		
5151	2501		FDA		
5152	5621		FDA		
5153	5622		FDA		
5154	5623		FDA		
5155	5624		FDA		
5156	5625		FDA		
5157	5626		FDA		
5158	3595		FDA		
5159	5627		FDA		
5160	5628		FDA		
5161	5629		FDA		
5162	5630		FDA		
5163	5631		FDA		
5164	5632		FDA		
5165	5633		FDA		
5166	5634		FDA		
5167	5635		FDA		
5168	5636		FDA		
5169	5637		FDA		
5170	5638		FDA		
5171	1787		FDA		
5172	5639		FDA		
5173	5640		FDA		
5174	5641		FDA		
5175	5642		FDA		
5176	5643		FDA		
5177	4028		FDA		
5178	5644		FDA		
5179	3659		FDA		
5180	2860		FDA		
5181	5645		FDA		
5182	5646		FDA		
5183	5647		FDA		
5184	5648		FDA		
5185	4659		FDA		
5186	5649		FDA		
5187	5650		FDA		
5188	5651		FDA		
5189	5652		FDA		
5190	5653		FDA		
5191	3050		FDA		
5192	5654		FDA		
5193	5655		FDA		
5194	5656		FDA		
5195	486		FDA		
5196	5657		FDA		
5197	5658		FDA		
5198	5659		FDA		
5199	5660		FDA		
5200	5661		FDA		
5201	5662		FDA		
5202	5663		FDA		
5203	3088		FDA		
5204	3092		FDA		
5205	673		FDA		
5206	5664		FDA		
5207	5665		FDA		
5208	5666		FDA		
5209	5667		FDA		
5210	5668		FDA		
5211	5669		FDA		
5212	5670		FDA		
5213	5671		FDA		
5214	5672		FDA		
5215	5673		FDA		
5216	5674		FDA		
5217	5675		FDA		
5234	5676	2022-09-01	FDA	BOEHRINGER INGELHEIM PHARMACEUTICALS INC	t
5235	5677	2022-09-09	FDA	BRISTOL-MYERS SQUIBB	
5236	2967	2022-09-14	FDA	MALLINCKRODT	t
5237	5678	2022-09-09	FDA	SPECTRUM PHARMS	
5238	5312	2022-09-22	FDA	SANTEN	
5239	5679	2022-09-29	FDA	AMYLYX	t
5240	5680	2022-09-30	FDA	TAIHO ONCOLOGY	t
5241	5681	2022-09-21	FDA	GUERBET S.A.	
5244	5514	2022-09-15	EMA	BRISTOL-MYERS SQUIBB PHARMA EEIG	
5245	4366	2022-09-15	EMA	OTSUKA PHARMACEUTICAL NETHERLANDS B.V.	
5246	5682	2015-06-18	EMA	I.D.B. Radiopharmacy B.V.	
5247	5500	2022-09-19	EMA	ASTRAZENECA AB	
5248	5444	2022-09-15	EMA	COMHARSA LIFE SCIENCES LTD	t
5249	5515	2022-09-15	EMA	ROCHE REGISTRATION GMBH	
5250	2616	2008-04-16	EMA	Bristol-Myers Squibb Pharma EEIG	
5251	5351	2022-08-17	EMA	Eli Lilly Nederland B.V.	
5252	5683	2022-03-25	EMA	AstraZeneca AB	
5253	5683	2022-08-30	PMDA	AstraZeneca K.K.	
5254	5684	2022-03-25	EMA	AstraZeneca AB	
5255	5684	2022-08-30	PMDA	AstraZeneca K.K.	
5256	5516	2022-09-15	EMA	ELI LILLY NEDERLAND B.V.	
5257	5685	2022-06-20	PMDA	SOLASIA PHARMA K.K	
5258	5686	2022-06-20	PMDA	TAIHO PHARMACEUTICAL CO., LTD	
5259	5687	2022-03-28	PMDA	Nippon Shinyaku Co., Ltd	
5260	5687	2020-01-16	FDA	PHARMACOSMOS AS	
5261	5688	2022-03-28	PMDA	EA Pharma Co., Ltd.	
5263	5689	2022-03-28	PMDA	Maruho Co., Ltd.	
5264	5690	2022-10-21	FDA	ASTRAZENECA AB	t
5265	5691	2022-11-14	FDA	IMMUNOGEN INC	t
5266	5692	2022-11-17	FDA	PROVENTION BIO INC	
5267	5693	2022-12-01	FDA	RIGEL PHARMS INC	t
5268	5694	2022-12-12	FDA	MIRATI THERAPEUTICS, INC	t
5269	5695	2022-12-23	FDA	POLAREAN INC	
5270	5696	2022-12-28	FDA	MEDIWOUND, LTD	t
5271	5697	2022-12-28	FDA	TG THERAPEUTICS, INC	
5272	5698	2022-10-31	EMA	ASTRAZENECA AB	
5273	5699	2022-06-13	FDA	ALNYLAM PHARMS INC	t
5274	5699	2022-06-13	EMA	ALNYLAM NETHERLANDS B.V.	t
5275	5700	2022-06-03	EMA	Roche Registration GmbH	t
5276	5700	2022-12-22	FDA	GENENTECH INC	t
5277	5701	2022-06-14	EMA	OBSEVA IRELAND LTD	
5278	5702	2022-06-21	EMA	AMRYT PHARMACEUTICALS DAC	t
5279	5703	2022-06-24	EMA	GENZYME EUROPE BV	t
5280	5703	2022-08-31	FDA	GENZYME CORP	t
5281	5703	2022-03-28	PMDA	Sanofi K.K.	t
5282	5704	2022-08-17	EMA	GILEAD SCIENCES IRELAND UNLIMITED COMPANY	
5283	5704	2022-12-22	PMDA	GILEAD SCIENCES	
5284	5705	2022-08-24	EMA	BioMarin International Limited	t
5285	5706	2022-08-23	EMA	JANSSEN-CILAG INTERNATIONAL N.V.	
5286	5706	2022-10-25	FDA	JANSSEN BIOTECH	t
5287	5366	2022-04-13	EMA	ASTELLAS PHARMA EUROPE B.V.	
5288	5470	2022-04-25	EMA	VIFOR FRESENIUS MEDICAL CARE RENAL PHARMA FRANCE	
5289	5493	2022-04-29	EMA	IDORSIA PHARMACEUTICALS DEUTSCHLAND GMBH	
5290	5381	2022-04-25	EMA	BIOHAVEN PHARMACEUTICAL IRELAND DAC	
5291	5397	2022-04-25	EMA	Horizon Therapeutics Ireland DAC	
5292	4757	2014-01-30	EMA	BIOGEN NETHERLANDS B.V.	
5293	1559	2022-05-24	EMA	ACCORD HEALTHCARE S.L.U.	
5294	960	1996-06-20	EMA	BAXTER HOLDING B.V.	
5295	1279	2000-05-16	EMA	N.V. ORGANON	
5296	347	2007-02-14	EMA	Orphan Europe S.A.R.L.	
5297	5475	2022-06-24	EMA	GENZYME EUROPE BV	t
5298	5003	1997-02-21	EMA	Sanofi-Aventis Deutschland GmbH	
5299	5414	2022-07-18	EMA	EIGERBIO EUROPE LIMITED	t
5300	5445	2022-08-17	EMA	ONCOPEPTIDES AB	t
5301	4805	2014-01-16	EMA	VIIV HEALTHCARE BV	
5302	5392	2022-06-20	EMA	NOVARTIS EUROPHARM LIMITED	
5303	1790	2014-07-04	PMDA	Pfizer Japan Inc.	
5304	5440	2022-05-31	PMDA	ViiV Healthcare K.K	t
5305	5512	2022-06-20	PMDA	SANOFI K.K	t
5306	5480	2022-06-20	PMDA	BIOMARIN PHARMACEUTICAL K.K	t
5307	1413	2022-06-20	PMDA	MOCHIDA PHARMACEUTICAL CO., LTD	
5308	783	2011-07-01	PMDA	MSD K.K	
5309	5167	1991-12-01	PMDA	CHUGAI PHARMACEUTICAL CO., LTD.	
5310	1189	2007-01-26	PMDA	Nihon Schering K.K.	
5311	1992	2022-02-25	PMDA	Maruishi Pharmaceutical Co., Ltd	
5312	1329	2022-02-25	PMDA	Taiyo Pharma Co Ltd	
5508	1152	2011-04-14	EMA	LABORATOIRES SMB S.A.	f
5313	5283	2022-03-28	PMDA	Taiho Pharmaceutical Co., Ltd.	
5314	5336	2022-03-28	PMDA	Alexion Pharma G.K.	t
5315	5465	2022-03-28	PMDA	Bayer Yakuhin, Ltd.	
5316	1556	2006-01-23	PMDA	Novartis	
5317	436	2022-02-25	PMDA	Sanofi K.K.	
5318	700	2022-03-11	PMDA	Fuji Pharma Co., Ltd	
5319	1057	2011-11-25	PMDA	Shiseido Company, Limited	
5320	968	2010-07-23	PMDA	Bayer Yakuhin, Ltd.	
5321	5227	2022-03-28	PMDA	Mitsubishi Tanabe Pharma Corporation	
5322	5515	2022-03-28	PMDA	Chugai Pharmaceutical Co., Ltd	
5323	5309	2022-03-28	PMDA	Takeda Pharmaceutical Company Limited	t
5324	5190	2013-09-23	PMDA	Nobelpharma Co., Ltd.	t
5325	4986	2014-09-26	PMDA	Kyowa Hakko Kirin Co., Ltd.	
5326	5495	2022-03-28	PMDA	Novartis Pharma K.K.	t
5327	2363	2006-10-20	PMDA	Janssen Pharmaceutical K.K.	
5328	1868	2022-08-24	PMDA	Pfizer Japan Inc	
5329	5512	2022-11-15	EMA	GENZYME EUROPE BV	t
5330	1672	2007-06-29	EMA	RAD NEURIM PHARMACEUTICALS EEC SARL	
5331	2459	2006-07-19	EMA	BAYER AG	t
5332	5506	2022-11-09	EMA	AGIOS NETHERLANDS B.V.	t
5333	1980	2022-12-02	EMA	AMRYT PHARMACEUTICALS DAC	t
5334	5473	2022-12-09	EMA	MIRUM PHARMACEUTICALS INTERNATIONAL B.V.	t
5335	5509	2022-12-09	EMA	NOVARTIS EUROPHARM LIMITED	
5336	5429	2022-12-09	EMA	NOVARTIS EUROPHARM LIMITED	
5337	5424	2022-02-16	EMA	Merck Europe B.V.	
5338	975	1965-12-01	PMDA		
5418	5707	2022-08-17	EMA	PTC Therapeutics International Limited	t
5419	5708	2023-01-20	FDA	THERACOSBIO LLC	
5420	5709	2023-01-27	FDA	LOXO ONCOLOGY INC	t
5421	5710	2023-01-27	FDA	STEMLINE THERAPEUTICS INC	
5422	5711	2023-02-17	FDA	TRAVERE	t
5423	5712	2023-02-28	FDA	REATA PHARMACEUTICALS INC	t
5424	5713	2023-03-09	FDA	PFIZER INC	
5425	5714	2023-03-10	FDA	ACADIA PHARMS INC	t
5426	5715	2023-03-24	FDA	PHARMING	t
5427	5716	2023-03-22	FDA	CIDARA THERAPEUTICS, INC	t
5428	5717	2023-01-06	FDA	EISAI INC	
5429	5718	2023-02-16	FDA	CHIESI FARMACEUTICI SPA	t
5430	5718	2018-03-23	EMA	CHIESI FARMACEUTICI SPA	t
5431	5719	2023-03-22	FDA	INCYTE CORP	t
5432	5720	2023-05-04	EMA	CHIESI FARMACEUTICI S.P.A	
5433	5720	2023-05-09	FDA	CHIESI FARMACEUTICI S.P.A	
5434	5721	2023-03-20	EMA	AMICUS THERAPEUTICS EUROPE LIMITED	
5435	5722	2023-05-26	EMA	ELI LILLY NEDERLAND B.V.	
5436	5722	2023-03-27	PMDA	Eli Lilly Japan K.K.	
5437	5723	2022-09-26	PMDA	TAISHO PHARMACEUTICAL CO., LTD.	
5438	5724	2022-09-26	PMDA	DAIICHI SANKYO COMPANY, LIMITED	t
5439	5725	2022-12-23	PMDA	AbbVie GK	
5440	5726	2022-12-23	PMDA	AbbVie GK	
5441	5727	2022-11-22	PMDA	Shionogi & Co., Ltd.	
5442	5728	2023-06-23	FDA	PFIZER INC	
5443	5729	2023-05-12	FDA	ASTELLAS	
5444	5730	2023-05-18	FDA	BAUSCH AND LOMB INC	
5445	5731	2023-05-23	FDA	ENTASIS THERAP	
5446	5732	2023-05-25	FDA	BLUE EARTH	
5447	5339	2023-05-26	FDA	LEXICON PHARMS INC	
5448	5733	2023-04-25	FDA	BIOGEN MA	t
5449	5734	2023-05-19	FDA	GENMAB US, INC.	
5450	5735	2023-06-26	FDA	UCB INC	t
5451	5736	2023-06-15	FDA	GENENTECH INC	
5452	5736	2023-07-07	EMA	ROCHE REGISTRATION GMBH	t
5453	5421	2023-02-01	FDA	GLAXOSMITHKLINE	
5454	4666	1990-06-15	FDA	CURIUM	
5455	1878	2017-11-09	EMA	Mundipharma Corporation (Ireland) Limited	
5456	5457	2023-03-27	PMDA	Swedish Orphan Biovitrum Japan Co., Ltd.	
5457	5676	2022-12-09	EMA	BOEHRINGER INGELHEIM INTERNATIONAL GMBH	
5458	4410	2009-07-30	EMA	Sanofi B.V.	
5459	5452	2022-12-20	EMA	Swedish Orphan Biovitrum AB	t
5460	279	2009-09-21	EMA	GILEAD SCIENCES IRELAND UC	
5461	989	1999-05-28	EMA	Bristol-Myers Squibb Pharma EEIG	
5462	5690	2023-02-20	EMA	ASTRAZENECA AB	
5463	5690	2023-12-23	PMDA	AstraZeneca K.K.	
5464	5313	2018-08-27	EMA	ALNYLAM NETHERLANDS B.V.	t
5465	4758	2013-11-15	EMA	JANSSEN-CILAG INTERNATIONAL NV	
5466	5677	2023-03-24	EMA	BRISTOL-MYERS SQUIBB PHARMA EEIG	
5467	4190	2012-08-23	EMA	NOVARTIS EUROPHARM LIMITED	
5468	5018	2001-08-03	EMA	SANOFI B.V.	
5469	5737	2023-08-16	FDA	IPSEN BIOPHARMACEUTICALS INC	t
5470	5738	2023-08-04	FDA	SAGE THERAP	
5471	5739	2023-08-04	FDA	IVERIC BIO	
5472	5740	2023-08-18	FDA	REGENERON PHARMACEUTICALS	t
5473	5741	2023-08-14	FDA	PFIZER INC	t
5474	5742	2023-08-09	FDA	JANSSEN BIOTECH 	t
5475	5743	2023-07-21	FDA	VERRICA PHARMS	
5477	5567	2023-07-24	FDA	TARSUS	
5478	5341	2023-07-20	FDA	DAIICHI SANKYO INC 	t
5479	5698	2023-07-17	FDA	ASTRAZENECA AB	
5480	1150	2020-06-25	FDA	UCB INC	t
5481	1150	2022-09-26	PMDA	UCB JAPAN CO., LTD.	t
5482	1700	2022-12-23	PMDA	NIPPON SHIKA YAKUHIN CO., LTD.	
5483	960	1975-03-01	PMDA	SANDOZ PHARMA K.K.	
5484	52	2023-02-24	PMDA	AYUMI PHARMACEUTICAL CORPORATION	f
5485	66	2023-03-27	PMDA	Maruho Co., Ltd.	f
5486	119	2007-08-22	EMA	Noden Pharma DAC	f
5487	392	2002-05-14	EMA	Janssen-Cilag International N.V.	f
5488	395	2014-02-20	EMA	GALDERMA INTERNATIONAL	f
5489	396	2000-03-09	EMA	Novartis Europharm Limited	f
5490	460	1999-08-01	PMDA	PFIZER JAPAN INC.	f
5491	480	2012-11-19	EMA	medac Gesellschaft für klinische Spezialpräparate mbH	f
5492	496	2010-10-17	EMA	Orion Corporation	f
5493	583	1999-04-12	EMA	MERCK EUROPE B.V.	f
5494	583	2006-04-20	PMDA	NIPPON KAYAKU CO., LTD.	f
5495	760	2015-05-19	EMA	Santen Oy	f
5496	770	2001-07-11	EMA	PACIRA LIMITED	f
5497	776	2008-03-18	EMA	BOEHRINGER INGELHEIM INTERNATIONAL GMBH	f
5498	824	2010-07-26	EMA	AbbVie Deutschland GmbH & Co. KG	f
5499	835	2011-09-15	EMA	Orion Corporation	f
5500	939	1995-11-27	EMA	Sanofi Mature IP	f
5501	946	2022-12-23	PMDA	Teikoku Seiyaku Co., Ltd.	f
5502	1010	2023-05-27	EMA	ROCHE REGISTRATION GMBH	f
5503	1018	2011-02-18	EMA	Teva Pharma B.V.	f
5504	1019	2006-06-26	EMA	BRISTOL-MYERS SQUIBB PHARMA EEIG	f
5505	1040	1999-07-01	EMA	GLAXOSMITHKLINE (IRELAND) LIMITED	f
5506	1045	2005-09-19	EMA	ROCHE REGISTRATION GMBH	f
5507	1150	2020-12-18	EMA	UCB PHARMA S.A.	t
5509	1164	2006-01-24	EMA	Janssen-Cilag International NV	f
5510	1293	1999-03-01	PMDA	Taiho Pharmaceutical Co, Ltd	f
5511	1314	2018-05-24	EMA	Ammtek	t
5512	1329	2012-04-20	EMA	Kyowa Kirin Holdings B.V.	f
5513	1343	2015-09-17	EMA	Takeda Pharmaceuticals International AG Ireland Branch	f
5514	1404	1996-06-25	EMA	Atnahs Pharma Netherlands B.V.	f
5515	1481	1997-08-26	EMA	SANOFI WINTHROP INDUSTRIE	f
5516	1549	2019-07-25	EMA	Advanced Accelerator Applications	f
5517	1552	1999-09-02	EMA	Sanofi-aventis Deutschland GmbH	f
5518	1563	2010-07-23	PMDA	UCB Japan Co., Ltd	f
5519	1601	2001-03-19	EMA	ABBVIE DEUTSCHLAND GMBH CO. KG	f
5520	1622	2019-07-25	EMA	Advanced Accelerator Applications	f
5521	1679	2002-05-15	EMA	H. Lundbeck A/S	f
5522	1725	1961-01-01	PMDA		f
5523	1751	2016-08-18	EMA	Nordic Group B.V.	f
5524	1794	2018-12-18	EMA	Lupin Europe GmbH	t
5525	1798	2008-04-25	EMA	Astellas Pharma Europe B.V.	f
5526	1802	2011-09-04	EMA	Laboratorios Lesvi S.L.	f
5527	1819	2022-12-23	PMDA	Kyowa Kirin Co., Ltd.	f
5528	1820	2004-04-28	EMA	HRA Pharma Rare Diseases	f
5529	1832	2020-05-30	EMA	Novartis Europharm Limited	f
5530	1859	1998-02-14	EMA	Roche Registration GmbH	f
5531	1892	2007-08-22	EMA	Sandoz Pharmaceuticals d.d.	t
5532	1904	1998-02-04	EMA	Boehringer Ingelheim International GmbH	f
5533	1948	2001-08-01	EMA	LINDE HEALTHCARE AB	f
5534	1982	1996-09-27	EMA	Eli Lilly Nederland B.V.	f
5535	2001	2002-06-20	EMA	Roche Registration GmbH	f
5536	2002	1999-03-01	PMDA	Taiho Pharmaceutical Co, Ltd	f
5537	2028	2023-03-27	PMDA	Hisamitsu Pharmaceutical Co., Inc.	f
5538	2073	2007-01-04	PMDA	Eli Lilly Japan K.K.	f
5539	2214	2015-06-26	PMDA	Kowa Company, Ltd.	f
5540	2233	2008-09-12	EMA	KRKA, D.D., NOVO MESTO	f
5541	2351	1998-08-05	EMA	ELI LILLY NEDERLAND B.V.	f
5542	2422	1996-10-03	EMA	ROCHE REGISTRATION GMBH	f
5543	2441	1998-09-13	EMA	UPJOHN EESV	f
5544	2475	2023-05-26	EMA	Nova Laboratories Ireland Limited	f
5545	2491	2018-06-25	EMA	LABORATOIRE AGUETTANT	f
5546	2552	2002-02-27	EMA	LEO PHARMA A/S	f
5547	2572	2015-09-18	EMA	MERCK SHARP & DOHME B.V.	f
5548	2583	1998-11-12	EMA	KRKA, D.D., NOVO MESTO	f
5549	2589	1999-01-26	EMA	MERCK SHARP & DOHME B.V.	f
5550	2593	2002-02-04	EMA	Gilead Sciences Ireland UC	f
5551	2707	1996-11-12	EMA	SANDOZ PHARMACEUTICALS D.D.	f
5552	2720	2022-12-23	PMDA	Mochida Pharmaceutical Co., Ltd.	f
5553	2846	2002-03-19	EMA		f
5554	2846	2005-04-11	PMDA		f
5555	2861	1998-03-18	EMA	ViiV Healthcare BV	f
5556	3096	2023-03-27	PMDA	ReqMed Company, Ltd	t
5557	3465	2023-03-27	PMDA	PDRadiopharma Inc	f
5558	3521	2005-02-21	EMA	TEVA B.V.	f
5559	4114	2009-09-30	EMA	ASTRAZENECA AB	f
5560	4153	2011-03-17	EMA	Sanofi Winthrop Industrie	f
5561	4178	2012-02-16	EMA	GENZYME EUROPE BV	f
5562	4183	2009-11-29	EMA	Novartis Europharm Limited	f
5563	4191	2007-04-20	EMA	Pfizer Europe MA EEIG	f
5564	4191	2012-12-25	PMDA	PFIZER JAPAN INC.	f
5565	4299	2013-09-19	EMA	Gilead Sciences Ireland UC	f
5566	4300	2013-05-24	EMA	Gilead Sciences Ireland UC	f
5567	4301	2014-08-22	EMA	GE Healthcare AS	f
5568	4331	2009-06-09	EMA	GENZYME EUROPE BV	f
5569	4398	1999-03-01	PMDA	Taiho Pharmaceutical Co, Ltd	f
5570	4518	2023-05-26	EMA	Fennec Pharmaceuticals (EU) Limited	f
5571	4554	2008-01-11	EMA	GlaxoSmithKline (Ireland) Limited	f
5572	4684	2012-07-23	EMA	EISAI GMBH	f
5573	4713	2017-03-22	EMA	PFIZER EUROPE MA EEIG	f
5574	4799	2013-11-13	EMA	GlaxoSmithKline (Ireland) Limited	f
5575	4802	2014-06-30	EMA	NOVARTIS EUROPHARM LIMITED	f
5576	4806	2013-12-18	EMA		f
5577	4811	2014-01-16	EMA	GILEAD SCIENCES IRELAND UC	f
5578	4816	2017-03-20	EMA	GlaxoSmithKline Trading Services Limited	f
5579	4848	2006-04-12	EMA	SANDOZ GMBH	f
5580	4879	2016-09-15	EMA	Techdow Pharma Netherlands B.V.	f
5581	4898	2015-05-27	EMA	Helsinn Birex Pharmaceuticals Ltd	f
5582	4901	2000-06-09	EMA	sanofi-aventis Deutschland GmbH	f
5583	4922	2015-09-18	EMA	MERCK SHARP & DOHME B.V.	f
5584	4928	1996-05-02	EMA	N.V. Organon	f
5585	4930	2000-03-09	EMA	SANOFI B.V.	f
5586	4934	2015-01-14	EMA	NOVARTIS EUROPHARM LIMITED	f
5587	4936	2017-04-24	EMA	TAKEDA PHARMACEUTICALS INTERNATIONAL AG IRELAND BRANCH	t
5588	4947	2022-12-23	PMDA	Asahi Kasei Pharma Corporation	f
5589	4964	2012-10-25	EMA	Takeda Pharma A/S	t
5590	5002	1996-04-30	EMA	Eli Lilly Nederland B.V.	f
5591	5055	2015-11-20	EMA	Boehringer Ingelheim International GmbH	f
5592	5056	2017-07-19	EMA	VIFOR FRESENIUS MEDICAL CARE RENAL PHARMA FRANCE	f
5593	5066	2001-02-23	EMA	BOEHRINGER INGELHEIM INTERNATIONAL GMBH	f
5594	5139	1997-03-13	EMA	Biogen Netherlands B.V.	f
5595	5140	1995-11-30	EMA	Bayer AG	f
5596	5151	2017-09-20	EMA	Roche Registration GmbH	f
5597	5154	2016-07-06	EMA	GILEAD SCIENCES IRELAND UC	f
5598	5165	2007-07-20	EMA	Roche Registration GmbH	f
5599	5185	2016-12-08	EMA	Advanced Accelerator Applications	f
5600	5232	2022-12-12	EMA	Radius Health Ireland Ltd	f
5601	5242	2017-07-26	EMA	GILEAD SCIENCES IRELAND UC	f
5602	5260	2020-11-05	EMA	AstraZeneca AB	f
5603	5280	2022-12-23	PMDA	Kissei Pharmaceutical Co., Ltd.	t
5604	5285	2023-03-27	PMDA	Swedish Orphan Biovitrum Japan Co., Ltd.	f
5605	5292	2023-05-04	EMA	LES LABORATOIRES SERVIER	t
5606	5308	2022-09-26	PMDA	SANOFI K.K.	t
5607	5317	2022-12-23	PMDA	Sanofi K.K.	f
5608	5319	2018-07-06	EMA	Akcea Therapeutics Ireland Limited	t
5609	5328	2020-07-27	EMA	Novartis Europharm Limited	f
5610	5332	2020-05-18	EMA	Novartis Europharm Limited	t
5611	5338	2023-03-27	PMDA	PharmaEssence Japan K.K	f
5612	5340	2023-03-27	PMDA	BioMarin Pharmaceutical Japan K.K.	t
5613	5344	2020-07-31	EMA	MYLAN IRELAND LIMITED	t
5614	5362	2019-12-09	EMA	UCB PHARMA S.A.	f
5615	5365	2020-10-28	EMA	NOVARTIS EUROPHARM LIMITED	t
5616	5388	2021-06-17	EMA	ASTRAZENECA AB	t
5617	5388	2022-09-26	PMDA	ALEXION PHARMA GK	t
5618	5420	2023-04-24	EMA	AKEBIA EUROPE LIMITED	f
5619	5440	2020-12-17	EMA	ViiV Healthcare B.V.	f
5620	5458	2023-11-27	EMA	Curium Pet France	f
5621	5479	2022-12-23	PMDA	Leo Pharma K.K.	f
5622	5500	2022-09-26	PMDA	ASTRAZENECA K.K	f
5623	5508	2023-07-26	EMA	Marinus Pharmaceuticals Emerald Limited	t
5624	5511	2023-06-26	EMA	Bristol-Myers Squibb Pharma EEIG	f
5625	5516	2022-09-26	PMDA	ELI LILLY JAPAN K.K	f
5626	5517	2023-06-27	FDA	PFIZER IRELAND PHARMACEUTICALS	t
5627	5676	2022-09-26	PMDA	NIPPON BOEHRINGER INGELHEIM CO., LTD.	f
5628	5677	2022-09-26	PMDA	BRISTOL-MYERS SQUIBB K.K.	f
5629	5680	2023-07-04	EMA	TAIHO PHARMA NETHERLANDS B.V.	f
5630	5697	2023-05-31	EMA	PROPHARMA GROUP THE NETHERLANDS B.V.	f
5631	5699	2022-09-26	PMDA	ALNYLAM JAPAN, K.K	t
5684	5744	2023-09-08	FDA	BIOLINERX, LTD.	t
5685	5745	2023-09-15	FDA	GLAXOSMITHKLINE LLC	t
5686	4562	2023-09-22	FDA	FABRE-KRAMER PHARMACEUTICALS, INC.	
5687	5746	2023-09-29	FDA	NOVO NORDISK INC	t
5688	5747	2023-12-10	FDA	PFIZER INC	
5689	5748	2023-10-17	FDA	UCB INC	t
5690	5749	2023-10-26	FDA	Santhera Pharmaceuticals	t
5691	5750	2023-11-08	FDA	TAKEDA PHARMS USA	
5692	5751	2023-11-15	FDA	BRISTOL	t
5693	5752	2023-11-16	FDA	ASTRAZENECA	
5694	5753	2023-11-27	FDA	SPRINGWORKS	t
5695	5754	2023-12-05	FDA	NOVARTIS PHARMS CORP	t
5696	5755	2023-12-21	FDA	IONIS PHARMS INC	t
5697	5756	2023-11-16	FDA	EVIVE BIOTECHNOLOGY	
5698	5757	2023-10-27	FDA	COHERUS BIOSCIENCES INC	t
5699	5758	2023-09-15	EMA	NOVARTIS EUROPHARM LIMITED	
5700	5759	2023-11-16	EMA	ALMIRALL, S.A.	
5701	5760	2023-09-25	PMDA	Novo Nordisk Pharma	
5702	5721	2023-09-28	FDA	AMICUS THERAP US	t
5703	5702	2023-12-18	FDA	AMRYT	t
5704	5742	2023-08-21	EMA	JANSSEN-CILAG INTERNATIONAL N.V.	t
5705	5728	2023-09-15	EMA	PFIZER EUROPE MA EEIG	
5707	5728	2023-06-26	PMDA	Pfizer Japan Inc.	
5708	5472	2023-08-11	EMA	AbbVie Deutschland GmbH & Co. KG	
5709	5519	2023-09-15	EMA	Merck Sharp & Dohme B.V.	
5710	5710	2023-09-15	EMA	Stemline Therapeutics B.V.	
5711	5216	2023-09-15	EMA	Jazz Pharmaceuticals Ireland Limited	
5712	5734	2023-09-22	EMA	AbbVie Deutschland GmbH & Co. KG	
5713	4379	2023-09-29	EMA	ACCORD HEALTHCARE S.L.U.	
5714	5709	2023-10-30	EMA	ELI LILLY NEDERLAND B.V.	t
5715	5341	2023-11-06	EMA	DAIICHI SANKYO EUROPE GMBH	
5716	1005	2023-11-15	EMA	Proveca Pharma Limited	
5717	1805	2023-04-28	PMDA	Linepharma K.K.	
5718	1817	2023-04-28	PMDA	Linepharma K.K.	
5719	5413	2023-06-26	PMDA	Novo Nordisk Pharma Ltd.	
5720	1137	2011-01-21	PMDA	Teijin Pharma Limited	
5721	5082	2023-06-26	PMDA	Nihon Servier Co., Ltd.	
5722	5680	2023-06-26	PMDA	Taiho Pharmaceutical Co., Ltd.	
5723	4848	2009-06-22	PMDA	Sandoz K.K.	
5724	4190	2014-07-04	PMDA	Novartis Pharma K.K.	t
5725	4455	2005-07-05	PMDA	Nihon Medi-Physics Co., Ltd.	
5726	4285	2016-12-19	PMDA	Fujifilm RI Pharma	
5727	4993	2023-11-01	FDA	PHATHOM	
5728	5761	2025-01-13	EMA	InflaRx GmbH	f
5729	5762	2025-04-04	EMA	Daiichi Sankyo Europe GmbH	f
5730	5762	2025-01-01	FDA	Daiichi Sankyo (AstraZeneca)	f
5731	5762	2024-12-12	PMDA	Daiichi Sankyo Company, Limited	f
5732	5763	2025-01-30	FDA	Vertex Pharmaceuticals	f
5733	5764	2025-09-17	EMA	Deciphera Pharmaceuticals (Netherlands) B.V.	t
5734	5764	2025-02-14	FDA	Deciphera Pharmaceuticals	f
5735	5765	2025-03-25	FDA	GSK	
5736	5766	2025-03-28	FDA	Sanofi	t
5737	5767	2025-04-02	FDA	Novartis	t
5738	5768	2025-04-23	FDA	Akeso Biopharma Co., Ltd.	t
5739	5769	2025-11-28	EMA	Janssen Cilag International NV	t
5740	5769	2025-04-29	FDA	Johnson & Johnson	
5741	5769	2025-04-29	PMDA	Janssen Pharmaceutical K.K.	
5742	5770	2025-05-05	FDA	Verastem Oncology	f
5743	5771	2025-05-08	FDA	Verastem Oncology	
5744	5772	2025-05-14	FDA	AbbVie Inc	
5745	5773	2025-05-28	FDA	ALCON LABS INC	f
5746	5774	2026-04-15	EMA	Merck Sharp Dohme Limited	f
5747	5774	2025-06-09	FDA	Merck	f
5748	5775	2025-06-11	FDA	Nuvation Bio	t
5749	5775	2025-09-19	PMDA	Nippon Kayaku Co., Ltd.	t
5750	5776	2025-02-10	EMA	CSL Behring GmbH	t
5751	5776	2025-06-16	FDA	CSL Behring	t
5752	5776	2025-02-20	PMDA	CSL Behring K.K.	t
5753	5777	2025-04-23	EMA	Regeneron Ireland Designated Activity Company (DAC)	f
5754	5777	2025-07-02	FDA	RENGENERON PHARMACEUTICALS, INC.	t
5755	5778	2025-07-02	FDA	Dizal Pharmaceutical	f
5756	5779	2025-09-17	EMA	Kalvista Pharmaceuticals (Ireland) Limited	t
5758	5779	2025-07-03	FDA	KalVista Pharmaceuticals	t
5759	5779	2025-12-22	PMDA	KalVista Pharmaceuticals Ltd.	t
5760	5780	2025-08-06	FDA	CHIMERIX	t
5761	5781	2025-08-08	FDA	Boehringer Ingelheim	t
5762	5781	2025-09-19	PMDA	Nippon Boehringer Ingelheim Co., Ltd.	t
5763	5782	2025-09-25	PMDA	Taisho Pharmaceutical	
5764	5783	2025-09-25	FDA	ELI LILLY AND CO	
5766	5783	2026-01-09	EMA	Eli Lilly Nederland B.V.	
5768	5783	2026-12-22	PMDA	Eli Lilly Japan K.K.	
5769	5784	2026-04-23	EMA	Crinetics Pharmaceuticals Europe GmbH	t
5770	5784	2025-09-25	FDA	Crinetics Pharmaceuticals, Inc.	t
5771	5785	2025-10-07	FDA	Boehringer Ingelheim	t
5772	5786	2026-03-26	EMA	UCB Pharma	t
5773	5786	2025-11-11	FDA	UCB Inc	t
5774	5787	2026-03-26	EMA	UCB Pharma	t
5775	5787	2025-11-03	FDA	UCB Inc	t
5776	5788	2025-11-13	FDA	Kura Oncology	t
5777	5789	2025-11-18	FDA	Arrowhead Pharmaceuticals, Inc.	t
5778	5789	2026-06-19	EMA	Arrowhead Pharmaceuticals Ireland Limited	t
5779	5790	2025-11-01	FDA	Bayer HealthCare Pharmaceuticals Inc.	t
5780	5791	2025-11-18	EMA	Insmed Netherlands B.V.	
5781	5791	2025-08-12	FDA	Insmed Inc.	
5782	5792	2025-12-12	FDA	Milestone Pharmaceuticals 	f
5783	5793	2025-12-12	FDA	Entasis Therapeutics, Inc.	f
5784	5794	2025-12-12	FDA	LIB Therapeutics, Inc.	
5785	5795	2025-12-22	PMDA	Senju Pharmaceutical Co., Ltd.	
5786	5796	2025-08-21	FDA	 Ionis Pharmaceuticals, Inc.	t
5787	5796	2026-01-19	EMA	Otsuka Pharmaceutical Netherlands B.V.	t
5788	5797	2025-08-29	FDA	Genzyme Corporation	t
5789	5797	2025-12-12	EMA	Sanofi B.V.	t
5790	5798	2025-09-30	FDA	Novartis	
5791	5798	2026-04-23	EMA	Novartis Europharm Limited	
5792	5799	2025-12-16	FDA	GlaxoSmithKline LLC	
5793	5799	2025-12-22	PMDA	GlaxoSmithKline LLC	
5794	5799	2026-02-12	EMA	GlaxoSmithKline Trading Services Limited	
5795	5800	2026-02-12	EMA	Cytokinetics (Ireland) Limited	t
5796	5800	2025-12-19	FDA	Cytokinetics	t
5797	5801	2025-06-19	EMA	PTC Therapeutics International Limited	t
5798	5801	2025-07-28	FDA	PTC Therapeutics	t
5799	5801	2025-12-22	PMDA	PTC Therapeutics K.K.	t
5800	5802	2025-12-23	FDA	Omeros Corporation	t
5801	5803	2025-12-30	FDA	Vanda Pharmaceuticals	
5802	5804	2025-10-24	FDA	 Bayer HealthCare Pharmaceuticals Inc.	
5803	5804	2025-11-11	EMA	Bayer AG	
5804	5805	2025-08-25	PMDA	Santen Pharmaceutical Co., Ltd.	
5805	5806	2025-09-19	FDA	Stealth BioTherapeutics	t
5806	5807	2025-02-03	EMA	Accord Healthcare S.L.U.	t
5807	5808	2025-02-02	FDA	SpringWorks Therapeutics	t
5808	5808	2025-07-17	EMA	Merck Europe B.V.\n	t
5810	5809	2024-02-02	FDA	Allecra Therapeutics	
5811	5809	2024-03-21	EMA	Advanz Pharma Limited	
5812	5810	2024-02-29	FDA	Hugel Inc.	
5813	5811	2024-03-14	FDA	Madrigal Pharmaceuticals Inc.	
5814	5811	2025-08-18	EMA	Madrigal Pharmaceuticals EU Limited	
5815	5812	2024-03-19	FDA	Idorsia Pharmaceuticals US Inc.	
5816	5813	2024-03-21	FDA	Italfarmaco S.A. 	t
5817	5813	2025-06-06	EMA	Italfarmaco S.P.A.	t
5818	5814	2024-03-26	PMDA	Chugai Pharmaceutical Co., Ltd.\t	t
5819	5814	2024-06-20	FDA	Genentech, Inc.	t
5820	5814	2024-08-22	EMA	Roche Registration GmbH	t
5821	5815	2024-03-26	FDA	Merck Sharp & Dohme LLC	t
5822	5815	2024-08-22	EMA	Merck Sharp & Dohme B.V.	t
5823	5815	2025-06-24	PMDA	MSD K.K.	t
5824	5816	2024-03-30	FDA	Alexion Pharmaceuticals Inc.	t
5825	5816	2024-04-19	EMA	Alexion Europe SAS	t
5826	5816	2024-01-08	PMDA	Alexion Pharma GK	t
5827	5817	2024-12-04	FDA	Merus N.V.	t
5828	5818	2024-04-22	FDA	Altor BioScience, LLC - ImmunityBio, Inc.	
5829	5818	2026-02-16	EMA	Immunitybio Ireland Limited	
5830	5819	2024-04-23	FDA	Day One Biopharmaceuticals, Inc.	t
5831	5819	2026-04-20	EMA	Ipsen Pharma	t
5832	5820	2024-04-26	FDA	X4 Pharmaceuticals	t
5834	5820	2026-04-27	EMA	Norgine B.V.	t
5835	5821	2024-05-16	FDA	Amgen Inc.	t
5836	5821	2024-12-27	PMDA	Amgen K.K.	t
5837	5821	2026-05-29	EMA	Amgen Europe B.V.	t
5838	5822	2026-03-26	FDA	Novo Nordisk Inc.	t
5839	5822	2024-05-17	EMA	Novo Nordisk A/S	t
5840	5822	2024-06-24	PMDA	Novo Nordisk Pharma Ltd.	t
5841	5823	2024-06-06	FDA	Geron	t
5842	5823	2025-03-07	EMA	Geron Netherlands B.V.	t
5843	5824	2024-06-10	FDA	Ipsen Biopharmaceuticals, Inc.	t
5844	5824	2024-10-19	EMA	Ipsen Pharma	t
5845	5825	2024-06-24	PMDA	Haihe Biopharma K.K.	
5846	5826	2024-06-26	FDA	Verona Pharma, Inc.	
5847	5827	2024-07-02	FDA	Eli Lilly	
5848	5827	2025-09-24	EMA	Eli Lilly Nederland B.V.	
5849	5827	2024-09-24	PMDA	Eli Lilly	
5850	5828	2024-07-25	FDA	Sun Pharmaceutical	
5851	5829	2024-08-06	FDA	Servier	t
5852	5829	2025-09-17	EMA	Les Laboratoires Servier	t
5853	5829	2025-09-19	PMDA	Nihon Servier Co., Ltd.	t
5854	5830	2024-08-14	FDA	Gilead Sciences Inc	t
5855	5831	2024-08-14	FDA	Incyte Corporation	t
5856	5832	2024-08-19	FDA	: Janssen Biotech, Inc	
5857	5832	2025-01-20	EMA	Janssen Cilag International NV	
5859	5833	2024-08-22	EMA	Regeneron Ireland Designated Activity Company (DAC)	t
5860	5834	2024-08-09	FDA	Ascendis Pharma Bone	t
5861	5835	2024-09-24	PMDA	Eisai Co., Ltd.	t
5862	5836	2024-10-10	FDA	Genentech (Roche)	
5863	5836	2025-07-18	EMA	Roche Registration GmbH	
5864	5837	2024-10-18	FDA	Astellas Pharma	t
5865	5837	2024-09-19	EMA	Astellas Pharma Europe B.V.	t
5866	5837	2024-03-26	PMDA	Astellas Pharma Inc.	t
5867	5838	2024-10-25	FDA	Iterum Therapeutics	
5868	5839	2024-10-11	FDA	Pfizer Inc.	t
5869	5839	2024-12-27	PMDA	Pfizer Japan Inc.	t
5870	5839	2024-11-18	EMA	Pfizer Europe MA EEIG	t
5871	5840	2024-11-15	FDA	Syndax Pharmaceuticals	t
5872	5841	2024-11-20	FDA	Jazz Pharmaceuticals	t
5873	5841	2025-06-27	EMA	Jazz Pharmaceuticals Ireland Limited	t
5874	5842	2024-11-22	FDA	BridgeBio Pharma	t
5875	5842	2025-02-10	EMA	Bayer AG	t
5876	5842	2025-03-27	PMDA	Alexion Pharma GK	t
5877	5843	2024-12-03	FDA	Checkpoint Therapeutics	
5878	5844	2024-12-13	FDA	Neurocrine Biosciences	t
5879	5845	2024-12-18	FDA	: Xcovery Holdings, Inc.	
5880	5846	2024-12-19	FDA	Ionis Pharmaceuticals	t
5881	5846	2025-09-17	EMA	Swedish Orphan Biovitrum AB	t
5882	5847	2025-06-30	EMA	Vertex Pharmaceuticals (Ireland) Limited	t
5883	5847	2024-12-20	FDA	Vertex Pharmaceuticals	t
5884	5848	2024-12-20	FDA	Vertex Pharmaceuticals	t
5885	5848	2025-06-30	EMA	Vertex Pharmaceuticals (Ireland) Limited	t
5886	5849	2024-07-24	EMA	Cstone Pharmaceuticals Ireland Limited	
5887	5850	2024-06-17	EMA	Swedish Orphan Biovitrum AB	t
5888	5851	2024-08-01	EMA	Takeda Manufacturing Austria AG	t
5889	5852	2024-08-01	EMA	Eckert & Ziegler Radiopharma GmbH	
5890	5853	2025-02-10	EMA	Atnahs Pharma Netherlands B.V.	
5891	5854	2025-07-28	EMA	Neuraxpharm Pharmaceuticals S.L.	
5892	5855	2025-04-23	EMA	Krystal Biotech Netherlands B.V.	t
5893	5856	2025-01-20	EMA	AstraZeneca AB	
5894	5856	2024-12-27	PMDA	AstraZeneca K.K.	
5895	5857	2024-09-20	FDA	Zevra Therapeutics Inc.	t
5896	5858	2024-09-24	FDA	IntraBio	t
5897	5859	2024-04-17	FDA	Lumicell	
5898	5860	2024-01-05	FDA	Ligand Pharmaceuticals (LNHC) 	
5899	5861	2024-09-27	FDA	GE HealthCare	
5900	5862	2025-11-25	FDA	Otsuka Pharmaceutical Company, Ltd	
5901	5863	2025-09-19	FDA	 Merck Sharp & Dohme LLC	
5902	5864	2024-03-26	PMDA	Nobelpharma Co., Ltd.	t
5903	5834	2025-08-25	PMDA	Teijin Pharma Limited	
